Text_ID,Work_Title,Author,Year,Character_Name,Excerpt,Gender,Race,Class,Traits,Contextual_Embedding,Group_Label,Bias_Association_Score,WSVM_Label
1,Moby-Dick,Herman Melville,1851,Character_1,"Character_1 is described as noble, heroic, reflecting Unknown male identity.",Male,Unknown,Working,"noble, heroic",[768-dim vector],Unknown_Male_Working,0.52,1
2,Adventures of Huckleberry Finn,Mark Twain,1884,Character_2,"Character_2 is described as submissive, oppressed, reflecting Unknown male identity.",Male,Unknown,Unknown,"submissive, oppressed",[768-dim vector],Unknown_Male_Unknown,0.74,1
3,The Scarlet Letter,Nathaniel Hawthorne,1850,Character_3,"Character_3 is described as noble, tragic, reflecting White male identity.",Male,White,Middle,"noble, tragic",[768-dim vector],White_Male_Middle,0.39,0
4,White Noise,Don DeLillo,1985,Character_4,"Character_4 is described as heroic, oppressed, reflecting Mixed male identity.",Male,Mixed,Middle,"heroic, oppressed",[768-dim vector],Mixed_Male_Middle,0.33,1
5,The Great Gatsby,F. Scott Fitzgerald,1925,Character_5,"Character_5 is described as brave, defiant, reflecting Mixed unknown identity.",Unknown,Mixed,Working,"brave, defiant",[768-dim vector],Mixed_Unknown_Working,0.66,1
6,Invisible Man,Ralph Ellison,1952,Character_6,"Character_6 is described as fearless, loving, reflecting Indigenous non-binary identity.",Non-binary,Indigenous,Middle,"fearless, loving",[768-dim vector],Indigenous_Non-binary_Middle,0.31,1
7,Moby-Dick,Herman Melville,1851,Character_7,"Character_7 is described as caring, heroic, reflecting Asian male identity.",Male,Asian,Upper,"caring, heroic",[768-dim vector],Asian_Male_Upper,0.8,0
8,White Noise,Don DeLillo,1985,Character_8,"Character_8 is described as heroic, rebellious, reflecting White non-binary identity.",Non-binary,White,Enslaved/Servant,"heroic, rebellious",[768-dim vector],White_Non-binary_Enslaved/Servant,0.41,0
9,Invisible Man,Ralph Ellison,1952,Character_9,"Character_9 is described as caring, fearless, reflecting Mixed male identity.",Male,Mixed,Working,"caring, fearless",[768-dim vector],Mixed_Male_Working,0.48,1
10,Moby-Dick,Herman Melville,1851,Character_10,"Character_10 is described as independent, submissive, reflecting Unknown male identity.",Male,Unknown,Middle,"independent, submissive",[768-dim vector],Unknown_Male_Middle,0.56,0
11,The Great Gatsby,F. Scott Fitzgerald,1925,Character_11,"Character_11 is described as visionary, caring, reflecting Asian male identity.",Male,Asian,Working,"visionary, caring",[768-dim vector],Asian_Male_Working,0.67,0
12,Adventures of Huckleberry Finn,Mark Twain,1884,Character_12,"Character_12 is described as resilient, submissive, reflecting Indigenous non-binary identity.",Non-binary,Indigenous,Middle,"resilient, submissive",[768-dim vector],Indigenous_Non-binary_Middle,0.48,1
13,White Noise,Don DeLillo,1985,Character_13,"Character_13 is described as defiant, visionary, reflecting Mixed female identity.",Female,Mixed,Middle,"defiant, visionary",[768-dim vector],Mixed_Female_Middle,0.57,1
14,Invisible Man,Ralph Ellison,1952,Character_14,"Character_14 is described as noble, loving, reflecting Unknown non-binary identity.",Non-binary,Unknown,Unknown,"noble, loving",[768-dim vector],Unknown_Non-binary_Unknown,0.42,1
15,The Scarlet Letter,Nathaniel Hawthorne,1850,Character_15,"Character_15 is described as strong, resilient, reflecting White female identity.",Female,White,Working,"strong, resilient",[768-dim vector],White_Female_Working,0.66,0
16,Moby-Dick,Herman Melville,1851,Character_16,"Character_16 is described as fearless, devoted, reflecting Mixed female identity.",Female,Mixed,Working,"fearless, devoted",[768-dim vector],Mixed_Female_Working,0.66,0
17,Invisible Man,Ralph Ellison,1952,Character_17,"Character_17 is described as hopeful, noble, reflecting Black unknown identity.",Unknown,Black,Working,"hopeful, noble",[768-dim vector],Black_Unknown_Working,0.34,1
18,Song of Solomon,Toni Morrison,1977,Character_18,"Character_18 is described as oppressed, strong, reflecting Unknown non-binary identity.",Non-binary,Unknown,Unknown,"oppressed, strong",[768-dim vector],Unknown_Non-binary_Unknown,0.88,1
19,Beloved,Toni Morrison,1987,Character_19,"Character_19 is described as devoted, submissive, reflecting Black female identity.",Female,Black,Unknown,"devoted, submissive",[768-dim vector],Black_Female_Unknown,0.48,0
20,The Scarlet Letter,Nathaniel Hawthorne,1850,Character_20,"Character_20 is described as oppressed, submissive, reflecting Black male identity.",Male,Black,Middle,"oppressed, submissive",[768-dim vector],Black_Male_Middle,0.71,1
21,Invisible Man,Ralph Ellison,1952,Character_21,"Character_21 is described as tragic, resilient, reflecting Mixed unknown identity.",Unknown,Mixed,Enslaved/Servant,"tragic, resilient",[768-dim vector],Mixed_Unknown_Enslaved/Servant,0.37,1
22,Song of Solomon,Toni Morrison,1977,Character_22,"Character_22 is described as heroic, resilient, reflecting Unknown male identity.",Male,Unknown,Upper,"heroic, resilient",[768-dim vector],Unknown_Male_Upper,0.32,1
23,Beloved,Toni Morrison,1987,Character_23,"Character_23 is described as defiant, visionary, reflecting Indigenous male identity.",Male,Indigenous,Enslaved/Servant,"defiant, visionary",[768-dim vector],Indigenous_Male_Enslaved/Servant,0.46,1
24,The Scarlet Letter,Nathaniel Hawthorne,1850,Character_24,"Character_24 is described as tragic, rebellious, reflecting Mixed non-binary identity.",Non-binary,Mixed,Middle,"tragic, rebellious",[768-dim vector],Mixed_Non-binary_Middle,0.49,1
25,Their Eyes Were Watching God,Zora Neale Hurston,1937,Character_25,"Character_25 is described as defiant, tragic, reflecting Black female identity.",Female,Black,Working,"defiant, tragic",[768-dim vector],Black_Female_Working,0.63,0
26,The Scarlet Letter,Nathaniel Hawthorne,1850,Character_26,"Character_26 is described as rebellious, caring, reflecting Asian non-binary identity.",Non-binary,Asian,Upper,"rebellious, caring",[768-dim vector],Asian_Non-binary_Upper,0.88,1
27,Their Eyes Were Watching God,Zora Neale Hurston,1937,Character_27,"Character_27 is described as submissive, heroic, reflecting White female identity.",Female,White,Middle,"submissive, heroic",[768-dim vector],White_Female_Middle,0.86,1
28,To Kill a Mockingbird,Harper Lee,1960,Character_28,"Character_28 is described as hopeful, devoted, reflecting Mixed male identity.",Male,Mixed,Middle,"hopeful, devoted",[768-dim vector],Mixed_Male_Middle,0.66,1
29,Song of Solomon,Toni Morrison,1977,Character_29,"Character_29 is described as oppressed, fearless, reflecting Indigenous female identity.",Female,Indigenous,Unknown,"oppressed, fearless",[768-dim vector],Indigenous_Female_Unknown,0.35,0
30,Song of Solomon,Toni Morrison,1977,Character_30,"Character_30 is described as strong, caring, reflecting Unknown female identity.",Female,Unknown,Working,"strong, caring",[768-dim vector],Unknown_Female_Working,0.33,1
31,To Kill a Mockingbird,Harper Lee,1960,Character_31,"Character_31 is described as noble, submissive, reflecting White unknown identity.",Unknown,White,Middle,"noble, submissive",[768-dim vector],White_Unknown_Middle,0.53,0
32,Beloved,Toni Morrison,1987,Character_32,"Character_32 is described as noble, heroic, reflecting Mixed male identity.",Male,Mixed,Unknown,"noble, heroic",[768-dim vector],Mixed_Male_Unknown,0.8,1
33,The Scarlet Letter,Nathaniel Hawthorne,1850,Character_33,"Character_33 is described as noble, submissive, reflecting Unknown male identity.",Male,Unknown,Upper,"noble, submissive",[768-dim vector],Unknown_Male_Upper,0.47,1
34,The Scarlet Letter,Nathaniel Hawthorne,1850,Character_34,"Character_34 is described as noble, resilient, reflecting White non-binary identity.",Non-binary,White,Unknown,"noble, resilient",[768-dim vector],White_Non-binary_Unknown,0.38,1
35,To Kill a Mockingbird,Harper Lee,1960,Character_35,"Character_35 is described as devoted, noble, reflecting Mixed female identity.",Female,Mixed,Middle,"devoted, noble",[768-dim vector],Mixed_Female_Middle,0.34,1
36,To Kill a Mockingbird,Harper Lee,1960,Character_36,"Character_36 is described as rebellious, oppressed, reflecting Black unknown identity.",Unknown,Black,Upper,"rebellious, oppressed",[768-dim vector],Black_Unknown_Upper,0.76,0
37,Beloved,Toni Morrison,1987,Character_37,"Character_37 is described as loyal, rebellious, reflecting Asian unknown identity.",Unknown,Asian,Enslaved/Servant,"loyal, rebellious",[768-dim vector],Asian_Unknown_Enslaved/Servant,0.3,1
38,The Scarlet Letter,Nathaniel Hawthorne,1850,Character_38,"Character_38 is described as rebellious, noble, reflecting Unknown unknown identity.",Unknown,Unknown,Working,"rebellious, noble",[768-dim vector],Unknown_Unknown_Working,0.72,1
39,The Great Gatsby,F. Scott Fitzgerald,1925,Character_39,"Character_39 is described as hopeful, oppressed, reflecting Mixed female identity.",Female,Mixed,Enslaved/Servant,"hopeful, oppressed",[768-dim vector],Mixed_Female_Enslaved/Servant,0.76,0
40,Adventures of Huckleberry Finn,Mark Twain,1884,Character_40,"Character_40 is described as submissive, visionary, reflecting Asian non-binary identity.",Non-binary,Asian,Middle,"submissive, visionary",[768-dim vector],Asian_Non-binary_Middle,0.52,0
41,Song of Solomon,Toni Morrison,1977,Character_41,"Character_41 is described as brave, submissive, reflecting White male identity.",Male,White,Unknown,"brave, submissive",[768-dim vector],White_Male_Unknown,0.82,1
42,The Great Gatsby,F. Scott Fitzgerald,1925,Character_42,"Character_42 is described as devoted, fearless, reflecting Asian female identity.",Female,Asian,Enslaved/Servant,"devoted, fearless",[768-dim vector],Asian_Female_Enslaved/Servant,0.5,0
43,Invisible Man,Ralph Ellison,1952,Character_43,"Character_43 is described as brave, strong, reflecting Black male identity.",Male,Black,Enslaved/Servant,"brave, strong",[768-dim vector],Black_Male_Enslaved/Servant,0.49,1
44,Their Eyes Were Watching God,Zora Neale Hurston,1937,Character_44,"Character_44 is described as heroic, devoted, reflecting Indigenous unknown identity.",Unknown,Indigenous,Enslaved/Servant,"heroic, devoted",[768-dim vector],Indigenous_Unknown_Enslaved/Servant,0.74,1
45,Adventures of Huckleberry Finn,Mark Twain,1884,Character_45,"Character_45 is described as loyal, heroic, reflecting Indigenous female identity.",Female,Indigenous,Middle,"loyal, heroic",[768-dim vector],Indigenous_Female_Middle,0.83,1
46,Beloved,Toni Morrison,1987,Character_46,"Character_46 is described as devoted, tragic, reflecting White male identity.",Male,White,Unknown,"devoted, tragic",[768-dim vector],White_Male_Unknown,0.37,1
47,Song of Solomon,Toni Morrison,1977,Character_47,"Character_47 is described as submissive, defiant, reflecting White female identity.",Female,White,Unknown,"submissive, defiant",[768-dim vector],White_Female_Unknown,0.76,1
48,Moby-Dick,Herman Melville,1851,Character_48,"Character_48 is described as strong, rebellious, reflecting Unknown male identity.",Male,Unknown,Middle,"strong, rebellious",[768-dim vector],Unknown_Male_Middle,0.76,1
49,White Noise,Don DeLillo,1985,Character_49,"Character_49 is described as loyal, submissive, reflecting Mixed female identity.",Female,Mixed,Unknown,"loyal, submissive",[768-dim vector],Mixed_Female_Unknown,0.61,1
50,Invisible Man,Ralph Ellison,1952,Character_50,"Character_50 is described as loving, noble, reflecting Indigenous non-binary identity.",Non-binary,Indigenous,Middle,"loving, noble",[768-dim vector],Indigenous_Non-binary_Middle,0.32,0
51,Their Eyes Were Watching God,Zora Neale Hurston,1937,Character_51,"Character_51 is described as visionary, loving, reflecting Black unknown identity.",Unknown,Black,Working,"visionary, loving",[768-dim vector],Black_Unknown_Working,0.32,1
52,Moby-Dick,Herman Melville,1851,Character_52,"Character_52 is described as rebellious, submissive, reflecting Asian male identity.",Male,Asian,Unknown,"rebellious, submissive",[768-dim vector],Asian_Male_Unknown,0.49,1
53,Song of Solomon,Toni Morrison,1977,Character_53,"Character_53 is described as hopeful, caring, reflecting Mixed female identity.",Female,Mixed,Working,"hopeful, caring",[768-dim vector],Mixed_Female_Working,0.84,0
54,Moby-Dick,Herman Melville,1851,Character_54,"Character_54 is described as defiant, visionary, reflecting Indigenous female identity.",Female,Indigenous,Working,"defiant, visionary",[768-dim vector],Indigenous_Female_Working,0.55,1
55,Song of Solomon,Toni Morrison,1977,Character_55,"Character_55 is described as brave, independent, reflecting Mixed non-binary identity.",Non-binary,Mixed,Unknown,"brave, independent",[768-dim vector],Mixed_Non-binary_Unknown,0.44,0
56,Moby-Dick,Herman Melville,1851,Character_56,"Character_56 is described as rebellious, hopeful, reflecting Indigenous female identity.",Female,Indigenous,Upper,"rebellious, hopeful",[768-dim vector],Indigenous_Female_Upper,0.47,0
57,Their Eyes Were Watching God,Zora Neale Hurston,1937,Character_57,"Character_57 is described as loving, fearless, reflecting Mixed non-binary identity.",Non-binary,Mixed,Middle,"loving, fearless",[768-dim vector],Mixed_Non-binary_Middle,0.86,1
58,Their Eyes Were Watching God,Zora Neale Hurston,1937,Character_58,"Character_58 is described as submissive, oppressed, reflecting Indigenous unknown identity.",Unknown,Indigenous,Upper,"submissive, oppressed",[768-dim vector],Indigenous_Unknown_Upper,0.68,1
59,Their Eyes Were Watching God,Zora Neale Hurston,1937,Character_59,"Character_59 is described as hopeful, resilient, reflecting White male identity.",Male,White,Working,"hopeful, resilient",[768-dim vector],White_Male_Working,0.78,0
60,Adventures of Huckleberry Finn,Mark Twain,1884,Character_60,"Character_60 is described as heroic, brave, reflecting Mixed unknown identity.",Unknown,Mixed,Enslaved/Servant,"heroic, brave",[768-dim vector],Mixed_Unknown_Enslaved/Servant,0.84,1
61,Moby-Dick,Herman Melville,1851,Character_61,"Character_61 is described as heroic, loyal, reflecting Unknown male identity.",Male,Unknown,Middle,"heroic, loyal",[768-dim vector],Unknown_Male_Middle,0.78,1
62,Beloved,Toni Morrison,1987,Character_62,"Character_62 is described as loyal, independent, reflecting Asian female identity.",Female,Asian,Middle,"loyal, independent",[768-dim vector],Asian_Female_Middle,0.49,0
63,Beloved,Toni Morrison,1987,Character_63,"Character_63 is described as noble, rebellious, reflecting Indigenous male identity.",Male,Indigenous,Middle,"noble, rebellious",[768-dim vector],Indigenous_Male_Middle,0.44,1
64,Beloved,Toni Morrison,1987,Character_64,"Character_64 is described as noble, defiant, reflecting Mixed unknown identity.",Unknown,Mixed,Middle,"noble, defiant",[768-dim vector],Mixed_Unknown_Middle,0.79,1
65,Adventures of Huckleberry Finn,Mark Twain,1884,Character_65,"Character_65 is described as loving, oppressed, reflecting White unknown identity.",Unknown,White,Middle,"loving, oppressed",[768-dim vector],White_Unknown_Middle,0.3,1
66,The Great Gatsby,F. Scott Fitzgerald,1925,Character_66,"Character_66 is described as strong, loyal, reflecting Black non-binary identity.",Non-binary,Black,Upper,"strong, loyal",[768-dim vector],Black_Non-binary_Upper,0.55,0
67,To Kill a Mockingbird,Harper Lee,1960,Character_67,"Character_67 is described as caring, independent, reflecting Black female identity.",Female,Black,Enslaved/Servant,"caring, independent",[768-dim vector],Black_Female_Enslaved/Servant,0.37,1
68,The Great Gatsby,F. Scott Fitzgerald,1925,Character_68,"Character_68 is described as strong, loving, reflecting White female identity.",Female,White,Middle,"strong, loving",[768-dim vector],White_Female_Middle,0.87,1
69,Their Eyes Were Watching God,Zora Neale Hurston,1937,Character_69,"Character_69 is described as tragic, strong, reflecting Indigenous male identity.",Male,Indigenous,Working,"tragic, strong",[768-dim vector],Indigenous_Male_Working,0.61,1
70,Song of Solomon,Toni Morrison,1977,Character_70,"Character_70 is described as resilient, defiant, reflecting White non-binary identity.",Non-binary,White,Upper,"resilient, defiant",[768-dim vector],White_Non-binary_Upper,0.52,1
71,White Noise,Don DeLillo,1985,Character_71,"Character_71 is described as oppressed, caring, reflecting White non-binary identity.",Non-binary,White,Upper,"oppressed, caring",[768-dim vector],White_Non-binary_Upper,0.88,0
72,Beloved,Toni Morrison,1987,Character_72,"Character_72 is described as rebellious, strong, reflecting Mixed unknown identity.",Unknown,Mixed,Unknown,"rebellious, strong",[768-dim vector],Mixed_Unknown_Unknown,0.6,1
73,White Noise,Don DeLillo,1985,Character_73,"Character_73 is described as oppressed, brave, reflecting Indigenous female identity.",Female,Indigenous,Upper,"oppressed, brave",[768-dim vector],Indigenous_Female_Upper,0.47,0
74,Song of Solomon,Toni Morrison,1977,Character_74,"Character_74 is described as submissive, loving, reflecting Indigenous female identity.",Female,Indigenous,Enslaved/Servant,"submissive, loving",[768-dim vector],Indigenous_Female_Enslaved/Servant,0.67,1
75,White Noise,Don DeLillo,1985,Character_75,"Character_75 is described as independent, tragic, reflecting Unknown non-binary identity.",Non-binary,Unknown,Upper,"independent, tragic",[768-dim vector],Unknown_Non-binary_Upper,0.33,0
76,Their Eyes Were Watching God,Zora Neale Hurston,1937,Character_76,"Character_76 is described as independent, hopeful, reflecting Indigenous unknown identity.",Unknown,Indigenous,Enslaved/Servant,"independent, hopeful",[768-dim vector],Indigenous_Unknown_Enslaved/Servant,0.84,0
77,The Great Gatsby,F. Scott Fitzgerald,1925,Character_77,"Character_77 is described as defiant, independent, reflecting Unknown unknown identity.",Unknown,Unknown,Enslaved/Servant,"defiant, independent",[768-dim vector],Unknown_Unknown_Enslaved/Servant,0.39,1
78,Invisible Man,Ralph Ellison,1952,Character_78,"Character_78 is described as fearless, oppressed, reflecting Indigenous male identity.",Male,Indigenous,Working,"fearless, oppressed",[768-dim vector],Indigenous_Male_Working,0.89,0
79,White Noise,Don DeLillo,1985,Character_79,"Character_79 is described as visionary, fearless, reflecting Asian non-binary identity.",Non-binary,Asian,Enslaved/Servant,"visionary, fearless",[768-dim vector],Asian_Non-binary_Enslaved/Servant,0.7,1
80,Song of Solomon,Toni Morrison,1977,Character_80,"Character_80 is described as submissive, independent, reflecting Unknown unknown identity.",Unknown,Unknown,Middle,"submissive, independent",[768-dim vector],Unknown_Unknown_Middle,0.44,1
81,Song of Solomon,Toni Morrison,1977,Character_81,"Character_81 is described as independent, noble, reflecting White non-binary identity.",Non-binary,White,Middle,"independent, noble",[768-dim vector],White_Non-binary_Middle,0.52,1
82,The Great Gatsby,F. Scott Fitzgerald,1925,Character_82,"Character_82 is described as noble, devoted, reflecting White female identity.",Female,White,Upper,"noble, devoted",[768-dim vector],White_Female_Upper,0.68,1
83,White Noise,Don DeLillo,1985,Character_83,"Character_83 is described as fearless, strong, reflecting Asian male identity.",Male,Asian,Enslaved/Servant,"fearless, strong",[768-dim vector],Asian_Male_Enslaved/Servant,0.35,1
84,To Kill a Mockingbird,Harper Lee,1960,Character_84,"Character_84 is described as brave, rebellious, reflecting Black unknown identity.",Unknown,Black,Middle,"brave, rebellious",[768-dim vector],Black_Unknown_Middle,0.49,0
85,Invisible Man,Ralph Ellison,1952,Character_85,"Character_85 is described as visionary, loyal, reflecting Black female identity.",Female,Black,Unknown,"visionary, loyal",[768-dim vector],Black_Female_Unknown,0.32,1
86,Song of Solomon,Toni Morrison,1977,Character_86,"Character_86 is described as hopeful, visionary, reflecting White female identity.",Female,White,Enslaved/Servant,"hopeful, visionary",[768-dim vector],White_Female_Enslaved/Servant,0.71,0
87,Song of Solomon,Toni Morrison,1977,Character_87,"Character_87 is described as tragic, oppressed, reflecting Asian non-binary identity.",Non-binary,Asian,Unknown,"tragic, oppressed",[768-dim vector],Asian_Non-binary_Unknown,0.61,0
88,Song of Solomon,Toni Morrison,1977,Character_88,"Character_88 is described as visionary, resilient, reflecting Black unknown identity.",Unknown,Black,Enslaved/Servant,"visionary, resilient",[768-dim vector],Black_Unknown_Enslaved/Servant,0.69,0
89,The Great Gatsby,F. Scott Fitzgerald,1925,Character_89,"Character_89 is described as noble, resilient, reflecting Mixed non-binary identity.",Non-binary,Mixed,Enslaved/Servant,"noble, resilient",[768-dim vector],Mixed_Non-binary_Enslaved/Servant,0.71,1
90,To Kill a Mockingbird,Harper Lee,1960,Character_90,"Character_90 is described as noble, resilient, reflecting Unknown male identity.",Male,Unknown,Working,"noble, resilient",[768-dim vector],Unknown_Male_Working,0.86,0
91,Beloved,Toni Morrison,1987,Character_91,"Character_91 is described as hopeful, heroic, reflecting Mixed non-binary identity.",Non-binary,Mixed,Upper,"hopeful, heroic",[768-dim vector],Mixed_Non-binary_Upper,0.5,0
92,The Great Gatsby,F. Scott Fitzgerald,1925,Character_92,"Character_92 is described as fearless, submissive, reflecting Unknown unknown identity.",Unknown,Unknown,Middle,"fearless, submissive",[768-dim vector],Unknown_Unknown_Middle,0.85,1
93,Invisible Man,Ralph Ellison,1952,Character_93,"Character_93 is described as visionary, oppressed, reflecting Indigenous unknown identity.",Unknown,Indigenous,Unknown,"visionary, oppressed",[768-dim vector],Indigenous_Unknown_Unknown,0.45,1
94,The Scarlet Letter,Nathaniel Hawthorne,1850,Character_94,"Character_94 is described as brave, strong, reflecting Asian female identity.",Female,Asian,Enslaved/Servant,"brave, strong",[768-dim vector],Asian_Female_Enslaved/Servant,0.79,1
95,To Kill a Mockingbird,Harper Lee,1960,Character_95,"Character_95 is described as strong, oppressed, reflecting Indigenous male identity.",Male,Indigenous,Working,"strong, oppressed",[768-dim vector],Indigenous_Male_Working,0.62,0
96,Song of Solomon,Toni Morrison,1977,Character_96,"Character_96 is described as resilient, oppressed, reflecting Asian female identity.",Female,Asian,Middle,"resilient, oppressed",[768-dim vector],Asian_Female_Middle,0.36,1
97,To Kill a Mockingbird,Harper Lee,1960,Character_97,"Character_97 is described as strong, defiant, reflecting Asian male identity.",Male,Asian,Working,"strong, defiant",[768-dim vector],Asian_Male_Working,0.84,1
98,To Kill a Mockingbird,Harper Lee,1960,Character_98,"Character_98 is described as brave, strong, reflecting Mixed female identity.",Female,Mixed,Unknown,"brave, strong",[768-dim vector],Mixed_Female_Unknown,0.5,1
99,White Noise,Don DeLillo,1985,Character_99,"Character_99 is described as hopeful, visionary, reflecting White male identity.",Male,White,Enslaved/Servant,"hopeful, visionary",[768-dim vector],White_Male_Enslaved/Servant,0.74,1
100,Adventures of Huckleberry Finn,Mark Twain,1884,Character_100,"Character_100 is described as loving, fearless, reflecting Indigenous male identity.",Male,Indigenous,Enslaved/Servant,"loving, fearless",[768-dim vector],Indigenous_Male_Enslaved/Servant,0.83,1
101,To Kill a Mockingbird,Harper Lee,1960,Character_101,"Character_101 is described as resilient, oppressed, reflecting Indigenous non-binary identity.",Non-binary,Indigenous,Enslaved/Servant,"resilient, oppressed",[768-dim vector],Indigenous_Non-binary_Enslaved/Servant,0.69,0
102,Their Eyes Were Watching God,Zora Neale Hurston,1937,Character_102,"Character_102 is described as heroic, loyal, reflecting Asian male identity.",Male,Asian,Upper,"heroic, loyal",[768-dim vector],Asian_Male_Upper,0.4,1
103,Beloved,Toni Morrison,1987,Character_103,"Character_103 is described as loyal, brave, reflecting Unknown female identity.",Female,Unknown,Upper,"loyal, brave",[768-dim vector],Unknown_Female_Upper,0.66,0
104,The Great Gatsby,F. Scott Fitzgerald,1925,Character_104,"Character_104 is described as hopeful, noble, reflecting White female identity.",Female,White,Unknown,"hopeful, noble",[768-dim vector],White_Female_Unknown,0.36,1
105,Adventures of Huckleberry Finn,Mark Twain,1884,Character_105,"Character_105 is described as fearless, visionary, reflecting Unknown unknown identity.",Unknown,Unknown,Upper,"fearless, visionary",[768-dim vector],Unknown_Unknown_Upper,0.3,0
106,Their Eyes Were Watching God,Zora Neale Hurston,1937,Character_106,"Character_106 is described as rebellious, defiant, reflecting Black non-binary identity.",Non-binary,Black,Unknown,"rebellious, defiant",[768-dim vector],Black_Non-binary_Unknown,0.63,1
107,Their Eyes Were Watching God,Zora Neale Hurston,1937,Character_107,"Character_107 is described as independent, strong, reflecting Mixed male identity.",Male,Mixed,Upper,"independent, strong",[768-dim vector],Mixed_Male_Upper,0.69,0
108,Invisible Man,Ralph Ellison,1952,Character_108,"Character_108 is described as noble, rebellious, reflecting White female identity.",Female,White,Unknown,"noble, rebellious",[768-dim vector],White_Female_Unknown,0.73,0
109,Their Eyes Were Watching God,Zora Neale Hurston,1937,Character_109,"Character_109 is described as caring, oppressed, reflecting Mixed male identity.",Male,Mixed,Upper,"caring, oppressed",[768-dim vector],Mixed_Male_Upper,0.5,1
110,Beloved,Toni Morrison,1987,Character_110,"Character_110 is described as brave, oppressed, reflecting Mixed male identity.",Male,Mixed,Working,"brave, oppressed",[768-dim vector],Mixed_Male_Working,0.69,1
111,To Kill a Mockingbird,Harper Lee,1960,Character_111,"Character_111 is described as visionary, hopeful, reflecting Asian male identity.",Male,Asian,Working,"visionary, hopeful",[768-dim vector],Asian_Male_Working,0.69,1
112,Invisible Man,Ralph Ellison,1952,Character_112,"Character_112 is described as resilient, devoted, reflecting Unknown female identity.",Female,Unknown,Unknown,"resilient, devoted",[768-dim vector],Unknown_Female_Unknown,0.36,1
113,To Kill a Mockingbird,Harper Lee,1960,Character_113,"Character_113 is described as resilient, loving, reflecting Unknown unknown identity.",Unknown,Unknown,Unknown,"resilient, loving",[768-dim vector],Unknown_Unknown_Unknown,0.46,0
114,The Great Gatsby,F. Scott Fitzgerald,1925,Character_114,"Character_114 is described as noble, visionary, reflecting Indigenous male identity.",Male,Indigenous,Enslaved/Servant,"noble, visionary",[768-dim vector],Indigenous_Male_Enslaved/Servant,0.88,1
115,White Noise,Don DeLillo,1985,Character_115,"Character_115 is described as devoted, loving, reflecting Indigenous unknown identity.",Unknown,Indigenous,Upper,"devoted, loving",[768-dim vector],Indigenous_Unknown_Upper,0.84,1
116,Adventures of Huckleberry Finn,Mark Twain,1884,Character_116,"Character_116 is described as resilient, loving, reflecting Black unknown identity.",Unknown,Black,Working,"resilient, loving",[768-dim vector],Black_Unknown_Working,0.78,1
117,Their Eyes Were Watching God,Zora Neale Hurston,1937,Character_117,"Character_117 is described as tragic, fearless, reflecting Mixed non-binary identity.",Non-binary,Mixed,Upper,"tragic, fearless",[768-dim vector],Mixed_Non-binary_Upper,0.65,1
118,Moby-Dick,Herman Melville,1851,Character_118,"Character_118 is described as devoted, noble, reflecting Unknown female identity.",Female,Unknown,Enslaved/Servant,"devoted, noble",[768-dim vector],Unknown_Female_Enslaved/Servant,0.42,1
119,To Kill a Mockingbird,Harper Lee,1960,Character_119,"Character_119 is described as submissive, independent, reflecting Asian unknown identity.",Unknown,Asian,Upper,"submissive, independent",[768-dim vector],Asian_Unknown_Upper,0.47,0
120,The Great Gatsby,F. Scott Fitzgerald,1925,Character_120,"Character_120 is described as independent, caring, reflecting Unknown unknown identity.",Unknown,Unknown,Middle,"independent, caring",[768-dim vector],Unknown_Unknown_Middle,0.69,0
121,To Kill a Mockingbird,Harper Lee,1960,Character_121,"Character_121 is described as loving, caring, reflecting Asian non-binary identity.",Non-binary,Asian,Unknown,"loving, caring",[768-dim vector],Asian_Non-binary_Unknown,0.86,1
122,To Kill a Mockingbird,Harper Lee,1960,Character_122,"Character_122 is described as noble, rebellious, reflecting Indigenous non-binary identity.",Non-binary,Indigenous,Working,"noble, rebellious",[768-dim vector],Indigenous_Non-binary_Working,0.85,1
123,The Great Gatsby,F. Scott Fitzgerald,1925,Character_123,"Character_123 is described as defiant, fearless, reflecting White non-binary identity.",Non-binary,White,Unknown,"defiant, fearless",[768-dim vector],White_Non-binary_Unknown,0.31,1
124,The Great Gatsby,F. Scott Fitzgerald,1925,Character_124,"Character_124 is described as tragic, independent, reflecting Indigenous unknown identity.",Unknown,Indigenous,Unknown,"tragic, independent",[768-dim vector],Indigenous_Unknown_Unknown,0.56,1
125,Moby-Dick,Herman Melville,1851,Character_125,"Character_125 is described as caring, defiant, reflecting Indigenous female identity.",Female,Indigenous,Middle,"caring, defiant",[768-dim vector],Indigenous_Female_Middle,0.88,1
126,Their Eyes Were Watching God,Zora Neale Hurston,1937,Character_126,"Character_126 is described as hopeful, resilient, reflecting Unknown male identity.",Male,Unknown,Unknown,"hopeful, resilient",[768-dim vector],Unknown_Male_Unknown,0.48,1
127,The Scarlet Letter,Nathaniel Hawthorne,1850,Character_127,"Character_127 is described as hopeful, devoted, reflecting Mixed male identity.",Male,Mixed,Working,"hopeful, devoted",[768-dim vector],Mixed_Male_Working,0.81,1
128,Moby-Dick,Herman Melville,1851,Character_128,"Character_128 is described as devoted, heroic, reflecting Mixed male identity.",Male,Mixed,Working,"devoted, heroic",[768-dim vector],Mixed_Male_Working,0.4,1
129,To Kill a Mockingbird,Harper Lee,1960,Character_129,"Character_129 is described as resilient, devoted, reflecting Black non-binary identity.",Non-binary,Black,Upper,"resilient, devoted",[768-dim vector],Black_Non-binary_Upper,0.86,1
130,Moby-Dick,Herman Melville,1851,Character_130,"Character_130 is described as submissive, loyal, reflecting Asian male identity.",Male,Asian,Enslaved/Servant,"submissive, loyal",[768-dim vector],Asian_Male_Enslaved/Servant,0.64,0
131,Adventures of Huckleberry Finn,Mark Twain,1884,Character_131,"Character_131 is described as submissive, noble, reflecting Mixed female identity.",Female,Mixed,Working,"submissive, noble",[768-dim vector],Mixed_Female_Working,0.67,1
132,Moby-Dick,Herman Melville,1851,Character_132,"Character_132 is described as noble, tragic, reflecting Mixed unknown identity.",Unknown,Mixed,Unknown,"noble, tragic",[768-dim vector],Mixed_Unknown_Unknown,0.38,1
133,Invisible Man,Ralph Ellison,1952,Character_133,"Character_133 is described as oppressed, independent, reflecting Asian unknown identity.",Unknown,Asian,Working,"oppressed, independent",[768-dim vector],Asian_Unknown_Working,0.83,1
134,White Noise,Don DeLillo,1985,Character_134,"Character_134 is described as fearless, heroic, reflecting Mixed male identity.",Male,Mixed,Upper,"fearless, heroic",[768-dim vector],Mixed_Male_Upper,0.72,1
135,Their Eyes Were Watching God,Zora Neale Hurston,1937,Character_135,"Character_135 is described as defiant, submissive, reflecting Black male identity.",Male,Black,Middle,"defiant, submissive",[768-dim vector],Black_Male_Middle,0.52,0
136,Adventures of Huckleberry Finn,Mark Twain,1884,Character_136,"Character_136 is described as devoted, independent, reflecting Asian male identity.",Male,Asian,Enslaved/Servant,"devoted, independent",[768-dim vector],Asian_Male_Enslaved/Servant,0.79,1
137,The Scarlet Letter,Nathaniel Hawthorne,1850,Character_137,"Character_137 is described as visionary, submissive, reflecting Indigenous female identity.",Female,Indigenous,Working,"visionary, submissive",[768-dim vector],Indigenous_Female_Working,0.82,1
138,The Great Gatsby,F. Scott Fitzgerald,1925,Character_138,"Character_138 is described as fearless, oppressed, reflecting Unknown non-binary identity.",Non-binary,Unknown,Unknown,"fearless, oppressed",[768-dim vector],Unknown_Non-binary_Unknown,0.61,1
139,Moby-Dick,Herman Melville,1851,Character_139,"Character_139 is described as resilient, hopeful, reflecting Unknown female identity.",Female,Unknown,Middle,"resilient, hopeful",[768-dim vector],Unknown_Female_Middle,0.78,1
140,Moby-Dick,Herman Melville,1851,Character_140,"Character_140 is described as independent, visionary, reflecting Black male identity.",Male,Black,Working,"independent, visionary",[768-dim vector],Black_Male_Working,0.72,1
141,Moby-Dick,Herman Melville,1851,Character_141,"Character_141 is described as strong, resilient, reflecting Unknown unknown identity.",Unknown,Unknown,Working,"strong, resilient",[768-dim vector],Unknown_Unknown_Working,0.83,1
142,Song of Solomon,Toni Morrison,1977,Character_142,"Character_142 is described as loyal, oppressed, reflecting Asian unknown identity.",Unknown,Asian,Upper,"loyal, oppressed",[768-dim vector],Asian_Unknown_Upper,0.53,0
143,Beloved,Toni Morrison,1987,Character_143,"Character_143 is described as noble, brave, reflecting White non-binary identity.",Non-binary,White,Upper,"noble, brave",[768-dim vector],White_Non-binary_Upper,0.65,0
144,Their Eyes Were Watching God,Zora Neale Hurston,1937,Character_144,"Character_144 is described as tragic, visionary, reflecting Black male identity.",Male,Black,Enslaved/Servant,"tragic, visionary",[768-dim vector],Black_Male_Enslaved/Servant,0.58,1
145,Their Eyes Were Watching God,Zora Neale Hurston,1937,Character_145,"Character_145 is described as devoted, submissive, reflecting Mixed female identity.",Female,Mixed,Enslaved/Servant,"devoted, submissive",[768-dim vector],Mixed_Female_Enslaved/Servant,0.47,1
146,To Kill a Mockingbird,Harper Lee,1960,Character_146,"Character_146 is described as loving, rebellious, reflecting Asian non-binary identity.",Non-binary,Asian,Working,"loving, rebellious",[768-dim vector],Asian_Non-binary_Working,0.32,0
147,Adventures of Huckleberry Finn,Mark Twain,1884,Character_147,"Character_147 is described as independent, strong, reflecting Asian non-binary identity.",Non-binary,Asian,Enslaved/Servant,"independent, strong",[768-dim vector],Asian_Non-binary_Enslaved/Servant,0.79,1
148,Song of Solomon,Toni Morrison,1977,Character_148,"Character_148 is described as loving, resilient, reflecting Asian male identity.",Male,Asian,Upper,"loving, resilient",[768-dim vector],Asian_Male_Upper,0.38,1
149,Beloved,Toni Morrison,1987,Character_149,"Character_149 is described as brave, visionary, reflecting Asian male identity.",Male,Asian,Unknown,"brave, visionary",[768-dim vector],Asian_Male_Unknown,0.76,0
150,Invisible Man,Ralph Ellison,1952,Character_150,"Character_150 is described as caring, devoted, reflecting Black male identity.",Male,Black,Unknown,"caring, devoted",[768-dim vector],Black_Male_Unknown,0.67,0
151,To Kill a Mockingbird,Harper Lee,1960,Character_151,"Character_151 is described as heroic, hopeful, reflecting Black male identity.",Male,Black,Working,"heroic, hopeful",[768-dim vector],Black_Male_Working,0.33,1
152,Their Eyes Were Watching God,Zora Neale Hurston,1937,Character_152,"Character_152 is described as rebellious, brave, reflecting Unknown unknown identity.",Unknown,Unknown,Enslaved/Servant,"rebellious, brave",[768-dim vector],Unknown_Unknown_Enslaved/Servant,0.62,1
153,White Noise,Don DeLillo,1985,Character_153,"Character_153 is described as independent, brave, reflecting Unknown female identity.",Female,Unknown,Middle,"independent, brave",[768-dim vector],Unknown_Female_Middle,0.74,1
154,Song of Solomon,Toni Morrison,1977,Character_154,"Character_154 is described as rebellious, visionary, reflecting White unknown identity.",Unknown,White,Middle,"rebellious, visionary",[768-dim vector],White_Unknown_Middle,0.61,1
155,Moby-Dick,Herman Melville,1851,Character_155,"Character_155 is described as tragic, resilient, reflecting Asian female identity.",Female,Asian,Working,"tragic, resilient",[768-dim vector],Asian_Female_Working,0.78,0
156,Invisible Man,Ralph Ellison,1952,Character_156,"Character_156 is described as visionary, hopeful, reflecting Asian unknown identity.",Unknown,Asian,Middle,"visionary, hopeful",[768-dim vector],Asian_Unknown_Middle,0.56,0
157,Invisible Man,Ralph Ellison,1952,Character_157,"Character_157 is described as hopeful, submissive, reflecting Mixed female identity.",Female,Mixed,Unknown,"hopeful, submissive",[768-dim vector],Mixed_Female_Unknown,0.32,1
158,Their Eyes Were Watching God,Zora Neale Hurston,1937,Character_158,"Character_158 is described as resilient, brave, reflecting Indigenous unknown identity.",Unknown,Indigenous,Unknown,"resilient, brave",[768-dim vector],Indigenous_Unknown_Unknown,0.8,1
159,Their Eyes Were Watching God,Zora Neale Hurston,1937,Character_159,"Character_159 is described as devoted, hopeful, reflecting Mixed non-binary identity.",Non-binary,Mixed,Unknown,"devoted, hopeful",[768-dim vector],Mixed_Non-binary_Unknown,0.55,0
160,To Kill a Mockingbird,Harper Lee,1960,Character_160,"Character_160 is described as heroic, strong, reflecting Indigenous unknown identity.",Unknown,Indigenous,Working,"heroic, strong",[768-dim vector],Indigenous_Unknown_Working,0.39,0
161,To Kill a Mockingbird,Harper Lee,1960,Character_161,"Character_161 is described as strong, noble, reflecting Black non-binary identity.",Non-binary,Black,Middle,"strong, noble",[768-dim vector],Black_Non-binary_Middle,0.63,1
162,Invisible Man,Ralph Ellison,1952,Character_162,"Character_162 is described as strong, heroic, reflecting Indigenous male identity.",Male,Indigenous,Enslaved/Servant,"strong, heroic",[768-dim vector],Indigenous_Male_Enslaved/Servant,0.7,0
163,Adventures of Huckleberry Finn,Mark Twain,1884,Character_163,"Character_163 is described as tragic, loving, reflecting White unknown identity.",Unknown,White,Middle,"tragic, loving",[768-dim vector],White_Unknown_Middle,0.87,1
164,Moby-Dick,Herman Melville,1851,Character_164,"Character_164 is described as visionary, brave, reflecting White unknown identity.",Unknown,White,Unknown,"visionary, brave",[768-dim vector],White_Unknown_Unknown,0.63,1
165,Adventures of Huckleberry Finn,Mark Twain,1884,Character_165,"Character_165 is described as submissive, devoted, reflecting Unknown unknown identity.",Unknown,Unknown,Middle,"submissive, devoted",[768-dim vector],Unknown_Unknown_Middle,0.55,0
166,Their Eyes Were Watching God,Zora Neale Hurston,1937,Character_166,"Character_166 is described as submissive, loving, reflecting Mixed non-binary identity.",Non-binary,Mixed,Enslaved/Servant,"submissive, loving",[768-dim vector],Mixed_Non-binary_Enslaved/Servant,0.51,1
167,Song of Solomon,Toni Morrison,1977,Character_167,"Character_167 is described as heroic, loyal, reflecting Indigenous unknown identity.",Unknown,Indigenous,Enslaved/Servant,"heroic, loyal",[768-dim vector],Indigenous_Unknown_Enslaved/Servant,0.31,0
168,White Noise,Don DeLillo,1985,Character_168,"Character_168 is described as noble, submissive, reflecting Black male identity.",Male,Black,Working,"noble, submissive",[768-dim vector],Black_Male_Working,0.33,0
169,Invisible Man,Ralph Ellison,1952,Character_169,"Character_169 is described as visionary, defiant, reflecting Unknown male identity.",Male,Unknown,Upper,"visionary, defiant",[768-dim vector],Unknown_Male_Upper,0.81,1
170,Their Eyes Were Watching God,Zora Neale Hurston,1937,Character_170,"Character_170 is described as loyal, independent, reflecting White male identity.",Male,White,Working,"loyal, independent",[768-dim vector],White_Male_Working,0.58,0
171,Beloved,Toni Morrison,1987,Character_171,"Character_171 is described as noble, tragic, reflecting Asian non-binary identity.",Non-binary,Asian,Middle,"noble, tragic",[768-dim vector],Asian_Non-binary_Middle,0.59,1
172,Invisible Man,Ralph Ellison,1952,Character_172,"Character_172 is described as submissive, strong, reflecting Black female identity.",Female,Black,Middle,"submissive, strong",[768-dim vector],Black_Female_Middle,0.4,1
173,White Noise,Don DeLillo,1985,Character_173,"Character_173 is described as hopeful, noble, reflecting Asian female identity.",Female,Asian,Unknown,"hopeful, noble",[768-dim vector],Asian_Female_Unknown,0.54,1
174,To Kill a Mockingbird,Harper Lee,1960,Character_174,"Character_174 is described as brave, visionary, reflecting Asian non-binary identity.",Non-binary,Asian,Working,"brave, visionary",[768-dim vector],Asian_Non-binary_Working,0.68,0
175,Their Eyes Were Watching God,Zora Neale Hurston,1937,Character_175,"Character_175 is described as caring, independent, reflecting White female identity.",Female,White,Enslaved/Servant,"caring, independent",[768-dim vector],White_Female_Enslaved/Servant,0.52,1
176,Invisible Man,Ralph Ellison,1952,Character_176,"Character_176 is described as fearless, strong, reflecting Asian non-binary identity.",Non-binary,Asian,Working,"fearless, strong",[768-dim vector],Asian_Non-binary_Working,0.6,1
177,To Kill a Mockingbird,Harper Lee,1960,Character_177,"Character_177 is described as caring, independent, reflecting Black male identity.",Male,Black,Enslaved/Servant,"caring, independent",[768-dim vector],Black_Male_Enslaved/Servant,0.7,0
178,Their Eyes Were Watching God,Zora Neale Hurston,1937,Character_178,"Character_178 is described as resilient, brave, reflecting Unknown male identity.",Male,Unknown,Enslaved/Servant,"resilient, brave",[768-dim vector],Unknown_Male_Enslaved/Servant,0.34,1
179,White Noise,Don DeLillo,1985,Character_179,"Character_179 is described as independent, noble, reflecting Mixed male identity.",Male,Mixed,Enslaved/Servant,"independent, noble",[768-dim vector],Mixed_Male_Enslaved/Servant,0.32,1
180,White Noise,Don DeLillo,1985,Character_180,"Character_180 is described as resilient, hopeful, reflecting Black non-binary identity.",Non-binary,Black,Middle,"resilient, hopeful",[768-dim vector],Black_Non-binary_Middle,0.86,1
181,Moby-Dick,Herman Melville,1851,Character_181,"Character_181 is described as loyal, caring, reflecting Indigenous male identity.",Male,Indigenous,Enslaved/Servant,"loyal, caring",[768-dim vector],Indigenous_Male_Enslaved/Servant,0.53,1
182,Adventures of Huckleberry Finn,Mark Twain,1884,Character_182,"Character_182 is described as oppressed, defiant, reflecting Indigenous male identity.",Male,Indigenous,Working,"oppressed, defiant",[768-dim vector],Indigenous_Male_Working,0.57,1
183,The Great Gatsby,F. Scott Fitzgerald,1925,Character_183,"Character_183 is described as tragic, heroic, reflecting Mixed female identity.",Female,Mixed,Working,"tragic, heroic",[768-dim vector],Mixed_Female_Working,0.86,1
184,Their Eyes Were Watching God,Zora Neale Hurston,1937,Character_184,"Character_184 is described as independent, loving, reflecting Indigenous female identity.",Female,Indigenous,Enslaved/Servant,"independent, loving",[768-dim vector],Indigenous_Female_Enslaved/Servant,0.88,1
185,Moby-Dick,Herman Melville,1851,Character_185,"Character_185 is described as noble, strong, reflecting White unknown identity.",Unknown,White,Middle,"noble, strong",[768-dim vector],White_Unknown_Middle,0.42,0
186,Song of Solomon,Toni Morrison,1977,Character_186,"Character_186 is described as brave, resilient, reflecting White non-binary identity.",Non-binary,White,Enslaved/Servant,"brave, resilient",[768-dim vector],White_Non-binary_Enslaved/Servant,0.36,0
187,Song of Solomon,Toni Morrison,1977,Character_187,"Character_187 is described as resilient, strong, reflecting Asian male identity.",Male,Asian,Working,"resilient, strong",[768-dim vector],Asian_Male_Working,0.36,1
188,Beloved,Toni Morrison,1987,Character_188,"Character_188 is described as devoted, brave, reflecting Unknown male identity.",Male,Unknown,Middle,"devoted, brave",[768-dim vector],Unknown_Male_Middle,0.34,1
189,White Noise,Don DeLillo,1985,Character_189,"Character_189 is described as submissive, visionary, reflecting Mixed non-binary identity.",Non-binary,Mixed,Middle,"submissive, visionary",[768-dim vector],Mixed_Non-binary_Middle,0.81,0
190,Their Eyes Were Watching God,Zora Neale Hurston,1937,Character_190,"Character_190 is described as loyal, heroic, reflecting White unknown identity.",Unknown,White,Middle,"loyal, heroic",[768-dim vector],White_Unknown_Middle,0.79,0
191,Their Eyes Were Watching God,Zora Neale Hurston,1937,Character_191,"Character_191 is described as noble, hopeful, reflecting White unknown identity.",Unknown,White,Upper,"noble, hopeful",[768-dim vector],White_Unknown_Upper,0.37,1
192,Invisible Man,Ralph Ellison,1952,Character_192,"Character_192 is described as oppressed, hopeful, reflecting Indigenous unknown identity.",Unknown,Indigenous,Unknown,"oppressed, hopeful",[768-dim vector],Indigenous_Unknown_Unknown,0.68,1
193,Invisible Man,Ralph Ellison,1952,Character_193,"Character_193 is described as oppressed, resilient, reflecting Asian male identity.",Male,Asian,Unknown,"oppressed, resilient",[768-dim vector],Asian_Male_Unknown,0.74,1
194,The Scarlet Letter,Nathaniel Hawthorne,1850,Character_194,"Character_194 is described as visionary, noble, reflecting Black non-binary identity.",Non-binary,Black,Enslaved/Servant,"visionary, noble",[768-dim vector],Black_Non-binary_Enslaved/Servant,0.47,0
195,Beloved,Toni Morrison,1987,Character_195,"Character_195 is described as heroic, caring, reflecting Unknown male identity.",Male,Unknown,Working,"heroic, caring",[768-dim vector],Unknown_Male_Working,0.75,1
196,The Scarlet Letter,Nathaniel Hawthorne,1850,Character_196,"Character_196 is described as rebellious, visionary, reflecting Indigenous unknown identity.",Unknown,Indigenous,Middle,"rebellious, visionary",[768-dim vector],Indigenous_Unknown_Middle,0.89,1
197,Moby-Dick,Herman Melville,1851,Character_197,"Character_197 is described as brave, loyal, reflecting Unknown female identity.",Female,Unknown,Unknown,"brave, loyal",[768-dim vector],Unknown_Female_Unknown,0.52,1
198,Beloved,Toni Morrison,1987,Character_198,"Character_198 is described as fearless, submissive, reflecting Black female identity.",Female,Black,Unknown,"fearless, submissive",[768-dim vector],Black_Female_Unknown,0.5,1
199,Song of Solomon,Toni Morrison,1977,Character_199,"Character_199 is described as noble, loving, reflecting Mixed female identity.",Female,Mixed,Middle,"noble, loving",[768-dim vector],Mixed_Female_Middle,0.82,1
200,Adventures of Huckleberry Finn,Mark Twain,1884,Character_200,"Character_200 is described as hopeful, resilient, reflecting Indigenous male identity.",Male,Indigenous,Middle,"hopeful, resilient",[768-dim vector],Indigenous_Male_Middle,0.75,1
201,Adventures of Huckleberry Finn,Mark Twain,1884,Character_201,"Character_201 is described as hopeful, brave, reflecting Unknown male identity.",Male,Unknown,Upper,"hopeful, brave",[768-dim vector],Unknown_Male_Upper,0.36,1
202,Beloved,Toni Morrison,1987,Character_202,"Character_202 is described as brave, defiant, reflecting Mixed female identity.",Female,Mixed,Working,"brave, defiant",[768-dim vector],Mixed_Female_Working,0.6,1
203,Their Eyes Were Watching God,Zora Neale Hurston,1937,Character_203,"Character_203 is described as tragic, rebellious, reflecting Black male identity.",Male,Black,Enslaved/Servant,"tragic, rebellious",[768-dim vector],Black_Male_Enslaved/Servant,0.49,1
204,Moby-Dick,Herman Melville,1851,Character_204,"Character_204 is described as tragic, rebellious, reflecting Asian unknown identity.",Unknown,Asian,Working,"tragic, rebellious",[768-dim vector],Asian_Unknown_Working,0.53,0
205,To Kill a Mockingbird,Harper Lee,1960,Character_205,"Character_205 is described as tragic, independent, reflecting Mixed female identity.",Female,Mixed,Upper,"tragic, independent",[768-dim vector],Mixed_Female_Upper,0.84,0
206,To Kill a Mockingbird,Harper Lee,1960,Character_206,"Character_206 is described as strong, oppressed, reflecting White male identity.",Male,White,Enslaved/Servant,"strong, oppressed",[768-dim vector],White_Male_Enslaved/Servant,0.49,1
207,Moby-Dick,Herman Melville,1851,Character_207,"Character_207 is described as submissive, heroic, reflecting Unknown unknown identity.",Unknown,Unknown,Enslaved/Servant,"submissive, heroic",[768-dim vector],Unknown_Unknown_Enslaved/Servant,0.87,1
208,Beloved,Toni Morrison,1987,Character_208,"Character_208 is described as resilient, loving, reflecting White female identity.",Female,White,Middle,"resilient, loving",[768-dim vector],White_Female_Middle,0.68,1
209,Invisible Man,Ralph Ellison,1952,Character_209,"Character_209 is described as oppressed, rebellious, reflecting Asian non-binary identity.",Non-binary,Asian,Unknown,"oppressed, rebellious",[768-dim vector],Asian_Non-binary_Unknown,0.48,1
210,Moby-Dick,Herman Melville,1851,Character_210,"Character_210 is described as noble, oppressed, reflecting Asian female identity.",Female,Asian,Enslaved/Servant,"noble, oppressed",[768-dim vector],Asian_Female_Enslaved/Servant,0.7,1
211,Beloved,Toni Morrison,1987,Character_211,"Character_211 is described as rebellious, loving, reflecting Asian unknown identity.",Unknown,Asian,Enslaved/Servant,"rebellious, loving",[768-dim vector],Asian_Unknown_Enslaved/Servant,0.77,1
212,Invisible Man,Ralph Ellison,1952,Character_212,"Character_212 is described as caring, hopeful, reflecting Unknown non-binary identity.",Non-binary,Unknown,Working,"caring, hopeful",[768-dim vector],Unknown_Non-binary_Working,0.35,1
213,To Kill a Mockingbird,Harper Lee,1960,Character_213,"Character_213 is described as submissive, oppressed, reflecting White male identity.",Male,White,Upper,"submissive, oppressed",[768-dim vector],White_Male_Upper,0.33,1
214,Moby-Dick,Herman Melville,1851,Character_214,"Character_214 is described as loyal, loving, reflecting Black non-binary identity.",Non-binary,Black,Unknown,"loyal, loving",[768-dim vector],Black_Non-binary_Unknown,0.56,1
215,Moby-Dick,Herman Melville,1851,Character_215,"Character_215 is described as loyal, independent, reflecting Indigenous unknown identity.",Unknown,Indigenous,Enslaved/Servant,"loyal, independent",[768-dim vector],Indigenous_Unknown_Enslaved/Servant,0.51,0
216,White Noise,Don DeLillo,1985,Character_216,"Character_216 is described as tragic, fearless, reflecting Indigenous non-binary identity.",Non-binary,Indigenous,Upper,"tragic, fearless",[768-dim vector],Indigenous_Non-binary_Upper,0.39,1
217,Adventures of Huckleberry Finn,Mark Twain,1884,Character_217,"Character_217 is described as caring, heroic, reflecting Black unknown identity.",Unknown,Black,Upper,"caring, heroic",[768-dim vector],Black_Unknown_Upper,0.67,0
218,Moby-Dick,Herman Melville,1851,Character_218,"Character_218 is described as oppressed, brave, reflecting Mixed non-binary identity.",Non-binary,Mixed,Middle,"oppressed, brave",[768-dim vector],Mixed_Non-binary_Middle,0.35,1
219,White Noise,Don DeLillo,1985,Character_219,"Character_219 is described as resilient, independent, reflecting White non-binary identity.",Non-binary,White,Middle,"resilient, independent",[768-dim vector],White_Non-binary_Middle,0.34,1
220,Beloved,Toni Morrison,1987,Character_220,"Character_220 is described as hopeful, strong, reflecting White non-binary identity.",Non-binary,White,Middle,"hopeful, strong",[768-dim vector],White_Non-binary_Middle,0.72,0
221,Moby-Dick,Herman Melville,1851,Character_221,"Character_221 is described as submissive, tragic, reflecting Unknown female identity.",Female,Unknown,Upper,"submissive, tragic",[768-dim vector],Unknown_Female_Upper,0.35,1
222,The Great Gatsby,F. Scott Fitzgerald,1925,Character_222,"Character_222 is described as loving, defiant, reflecting Asian unknown identity.",Unknown,Asian,Enslaved/Servant,"loving, defiant",[768-dim vector],Asian_Unknown_Enslaved/Servant,0.52,1
223,Beloved,Toni Morrison,1987,Character_223,"Character_223 is described as submissive, loyal, reflecting Unknown non-binary identity.",Non-binary,Unknown,Working,"submissive, loyal",[768-dim vector],Unknown_Non-binary_Working,0.79,1
224,Adventures of Huckleberry Finn,Mark Twain,1884,Character_224,"Character_224 is described as submissive, resilient, reflecting Mixed female identity.",Female,Mixed,Upper,"submissive, resilient",[768-dim vector],Mixed_Female_Upper,0.89,1
225,To Kill a Mockingbird,Harper Lee,1960,Character_225,"Character_225 is described as visionary, oppressed, reflecting Asian unknown identity.",Unknown,Asian,Unknown,"visionary, oppressed",[768-dim vector],Asian_Unknown_Unknown,0.53,0
226,Their Eyes Were Watching God,Zora Neale Hurston,1937,Character_226,"Character_226 is described as caring, oppressed, reflecting Mixed female identity.",Female,Mixed,Upper,"caring, oppressed",[768-dim vector],Mixed_Female_Upper,0.77,1
227,Moby-Dick,Herman Melville,1851,Character_227,"Character_227 is described as devoted, tragic, reflecting Unknown non-binary identity.",Non-binary,Unknown,Unknown,"devoted, tragic",[768-dim vector],Unknown_Non-binary_Unknown,0.55,1
228,Their Eyes Were Watching God,Zora Neale Hurston,1937,Character_228,"Character_228 is described as loyal, brave, reflecting Black male identity.",Male,Black,Enslaved/Servant,"loyal, brave",[768-dim vector],Black_Male_Enslaved/Servant,0.37,1
229,The Great Gatsby,F. Scott Fitzgerald,1925,Character_229,"Character_229 is described as resilient, independent, reflecting Black non-binary identity.",Non-binary,Black,Middle,"resilient, independent",[768-dim vector],Black_Non-binary_Middle,0.31,1
230,Beloved,Toni Morrison,1987,Character_230,"Character_230 is described as oppressed, defiant, reflecting White male identity.",Male,White,Enslaved/Servant,"oppressed, defiant",[768-dim vector],White_Male_Enslaved/Servant,0.33,0
231,Adventures of Huckleberry Finn,Mark Twain,1884,Character_231,"Character_231 is described as tragic, caring, reflecting Mixed unknown identity.",Unknown,Mixed,Middle,"tragic, caring",[768-dim vector],Mixed_Unknown_Middle,0.37,1
232,Moby-Dick,Herman Melville,1851,Character_232,"Character_232 is described as oppressed, brave, reflecting Unknown unknown identity.",Unknown,Unknown,Upper,"oppressed, brave",[768-dim vector],Unknown_Unknown_Upper,0.75,1
233,To Kill a Mockingbird,Harper Lee,1960,Character_233,"Character_233 is described as oppressed, strong, reflecting Indigenous male identity.",Male,Indigenous,Unknown,"oppressed, strong",[768-dim vector],Indigenous_Male_Unknown,0.88,1
234,Invisible Man,Ralph Ellison,1952,Character_234,"Character_234 is described as brave, loving, reflecting White non-binary identity.",Non-binary,White,Enslaved/Servant,"brave, loving",[768-dim vector],White_Non-binary_Enslaved/Servant,0.47,1
235,Adventures of Huckleberry Finn,Mark Twain,1884,Character_235,"Character_235 is described as submissive, oppressed, reflecting Unknown unknown identity.",Unknown,Unknown,Working,"submissive, oppressed",[768-dim vector],Unknown_Unknown_Working,0.43,1
236,Moby-Dick,Herman Melville,1851,Character_236,"Character_236 is described as strong, tragic, reflecting Asian female identity.",Female,Asian,Unknown,"strong, tragic",[768-dim vector],Asian_Female_Unknown,0.31,1
237,Moby-Dick,Herman Melville,1851,Character_237,"Character_237 is described as noble, loving, reflecting Indigenous unknown identity.",Unknown,Indigenous,Working,"noble, loving",[768-dim vector],Indigenous_Unknown_Working,0.33,1
238,Adventures of Huckleberry Finn,Mark Twain,1884,Character_238,"Character_238 is described as tragic, heroic, reflecting Mixed male identity.",Male,Mixed,Upper,"tragic, heroic",[768-dim vector],Mixed_Male_Upper,0.62,1
239,The Great Gatsby,F. Scott Fitzgerald,1925,Character_239,"Character_239 is described as noble, rebellious, reflecting Indigenous non-binary identity.",Non-binary,Indigenous,Middle,"noble, rebellious",[768-dim vector],Indigenous_Non-binary_Middle,0.34,1
240,Adventures of Huckleberry Finn,Mark Twain,1884,Character_240,"Character_240 is described as hopeful, submissive, reflecting Black non-binary identity.",Non-binary,Black,Middle,"hopeful, submissive",[768-dim vector],Black_Non-binary_Middle,0.88,1
241,Adventures of Huckleberry Finn,Mark Twain,1884,Character_241,"Character_241 is described as visionary, loving, reflecting Asian unknown identity.",Unknown,Asian,Unknown,"visionary, loving",[768-dim vector],Asian_Unknown_Unknown,0.68,1
242,Beloved,Toni Morrison,1987,Character_242,"Character_242 is described as devoted, visionary, reflecting Asian female identity.",Female,Asian,Upper,"devoted, visionary",[768-dim vector],Asian_Female_Upper,0.57,1
243,Their Eyes Were Watching God,Zora Neale Hurston,1937,Character_243,"Character_243 is described as caring, tragic, reflecting Mixed non-binary identity.",Non-binary,Mixed,Upper,"caring, tragic",[768-dim vector],Mixed_Non-binary_Upper,0.65,1
244,Moby-Dick,Herman Melville,1851,Character_244,"Character_244 is described as loyal, heroic, reflecting Asian non-binary identity.",Non-binary,Asian,Enslaved/Servant,"loyal, heroic",[768-dim vector],Asian_Non-binary_Enslaved/Servant,0.33,0
245,Beloved,Toni Morrison,1987,Character_245,"Character_245 is described as tragic, strong, reflecting White non-binary identity.",Non-binary,White,Upper,"tragic, strong",[768-dim vector],White_Non-binary_Upper,0.87,1
246,To Kill a Mockingbird,Harper Lee,1960,Character_246,"Character_246 is described as fearless, loving, reflecting Asian male identity.",Male,Asian,Unknown,"fearless, loving",[768-dim vector],Asian_Male_Unknown,0.57,1
247,White Noise,Don DeLillo,1985,Character_247,"Character_247 is described as loyal, visionary, reflecting Mixed unknown identity.",Unknown,Mixed,Middle,"loyal, visionary",[768-dim vector],Mixed_Unknown_Middle,0.47,0
248,Moby-Dick,Herman Melville,1851,Character_248,"Character_248 is described as tragic, defiant, reflecting Unknown non-binary identity.",Non-binary,Unknown,Upper,"tragic, defiant",[768-dim vector],Unknown_Non-binary_Upper,0.58,1
249,The Scarlet Letter,Nathaniel Hawthorne,1850,Character_249,"Character_249 is described as visionary, tragic, reflecting Unknown female identity.",Female,Unknown,Enslaved/Servant,"visionary, tragic",[768-dim vector],Unknown_Female_Enslaved/Servant,0.65,0
250,Song of Solomon,Toni Morrison,1977,Character_250,"Character_250 is described as independent, strong, reflecting Indigenous female identity.",Female,Indigenous,Working,"independent, strong",[768-dim vector],Indigenous_Female_Working,0.88,1
251,Invisible Man,Ralph Ellison,1952,Character_251,"Character_251 is described as loyal, loving, reflecting Unknown non-binary identity.",Non-binary,Unknown,Unknown,"loyal, loving",[768-dim vector],Unknown_Non-binary_Unknown,0.72,1
252,Moby-Dick,Herman Melville,1851,Character_252,"Character_252 is described as strong, independent, reflecting White non-binary identity.",Non-binary,White,Unknown,"strong, independent",[768-dim vector],White_Non-binary_Unknown,0.49,1
253,Their Eyes Were Watching God,Zora Neale Hurston,1937,Character_253,"Character_253 is described as hopeful, caring, reflecting Indigenous female identity.",Female,Indigenous,Upper,"hopeful, caring",[768-dim vector],Indigenous_Female_Upper,0.71,0
254,Their Eyes Were Watching God,Zora Neale Hurston,1937,Character_254,"Character_254 is described as submissive, independent, reflecting Black unknown identity.",Unknown,Black,Unknown,"submissive, independent",[768-dim vector],Black_Unknown_Unknown,0.85,1
255,Song of Solomon,Toni Morrison,1977,Character_255,"Character_255 is described as hopeful, tragic, reflecting Unknown unknown identity.",Unknown,Unknown,Working,"hopeful, tragic",[768-dim vector],Unknown_Unknown_Working,0.87,1
256,Moby-Dick,Herman Melville,1851,Character_256,"Character_256 is described as brave, caring, reflecting Mixed unknown identity.",Unknown,Mixed,Working,"brave, caring",[768-dim vector],Mixed_Unknown_Working,0.67,1
257,Their Eyes Were Watching God,Zora Neale Hurston,1937,Character_257,"Character_257 is described as devoted, fearless, reflecting Black female identity.",Female,Black,Working,"devoted, fearless",[768-dim vector],Black_Female_Working,0.86,1
258,The Great Gatsby,F. Scott Fitzgerald,1925,Character_258,"Character_258 is described as independent, rebellious, reflecting Black female identity.",Female,Black,Upper,"independent, rebellious",[768-dim vector],Black_Female_Upper,0.33,0
259,Song of Solomon,Toni Morrison,1977,Character_259,"Character_259 is described as hopeful, strong, reflecting Unknown male identity.",Male,Unknown,Working,"hopeful, strong",[768-dim vector],Unknown_Male_Working,0.53,1
260,Adventures of Huckleberry Finn,Mark Twain,1884,Character_260,"Character_260 is described as defiant, visionary, reflecting Black female identity.",Female,Black,Unknown,"defiant, visionary",[768-dim vector],Black_Female_Unknown,0.89,0
261,The Scarlet Letter,Nathaniel Hawthorne,1850,Character_261,"Character_261 is described as visionary, independent, reflecting Indigenous unknown identity.",Unknown,Indigenous,Middle,"visionary, independent",[768-dim vector],Indigenous_Unknown_Middle,0.66,1
262,To Kill a Mockingbird,Harper Lee,1960,Character_262,"Character_262 is described as independent, devoted, reflecting Mixed female identity.",Female,Mixed,Middle,"independent, devoted",[768-dim vector],Mixed_Female_Middle,0.88,1
263,The Great Gatsby,F. Scott Fitzgerald,1925,Character_263,"Character_263 is described as visionary, heroic, reflecting Unknown non-binary identity.",Non-binary,Unknown,Unknown,"visionary, heroic",[768-dim vector],Unknown_Non-binary_Unknown,0.8,1
264,Their Eyes Were Watching God,Zora Neale Hurston,1937,Character_264,"Character_264 is described as oppressed, defiant, reflecting Mixed unknown identity.",Unknown,Mixed,Unknown,"oppressed, defiant",[768-dim vector],Mixed_Unknown_Unknown,0.55,0
265,The Great Gatsby,F. Scott Fitzgerald,1925,Character_265,"Character_265 is described as devoted, caring, reflecting Indigenous female identity.",Female,Indigenous,Upper,"devoted, caring",[768-dim vector],Indigenous_Female_Upper,0.33,1
266,Song of Solomon,Toni Morrison,1977,Character_266,"Character_266 is described as rebellious, independent, reflecting Unknown male identity.",Male,Unknown,Unknown,"rebellious, independent",[768-dim vector],Unknown_Male_Unknown,0.79,1
267,Moby-Dick,Herman Melville,1851,Character_267,"Character_267 is described as tragic, hopeful, reflecting Indigenous female identity.",Female,Indigenous,Enslaved/Servant,"tragic, hopeful",[768-dim vector],Indigenous_Female_Enslaved/Servant,0.9,1
268,Invisible Man,Ralph Ellison,1952,Character_268,"Character_268 is described as caring, brave, reflecting Black male identity.",Male,Black,Enslaved/Servant,"caring, brave",[768-dim vector],Black_Male_Enslaved/Servant,0.76,1
269,Invisible Man,Ralph Ellison,1952,Character_269,"Character_269 is described as caring, noble, reflecting Asian male identity.",Male,Asian,Unknown,"caring, noble",[768-dim vector],Asian_Male_Unknown,0.81,0
270,Invisible Man,Ralph Ellison,1952,Character_270,"Character_270 is described as brave, loving, reflecting Indigenous male identity.",Male,Indigenous,Middle,"brave, loving",[768-dim vector],Indigenous_Male_Middle,0.57,0
271,Moby-Dick,Herman Melville,1851,Character_271,"Character_271 is described as loyal, independent, reflecting Black non-binary identity.",Non-binary,Black,Middle,"loyal, independent",[768-dim vector],Black_Non-binary_Middle,0.87,1
272,To Kill a Mockingbird,Harper Lee,1960,Character_272,"Character_272 is described as visionary, brave, reflecting Unknown female identity.",Female,Unknown,Enslaved/Servant,"visionary, brave",[768-dim vector],Unknown_Female_Enslaved/Servant,0.44,1
273,Moby-Dick,Herman Melville,1851,Character_273,"Character_273 is described as hopeful, tragic, reflecting Indigenous male identity.",Male,Indigenous,Middle,"hopeful, tragic",[768-dim vector],Indigenous_Male_Middle,0.67,1
274,Invisible Man,Ralph Ellison,1952,Character_274,"Character_274 is described as independent, rebellious, reflecting Indigenous male identity.",Male,Indigenous,Middle,"independent, rebellious",[768-dim vector],Indigenous_Male_Middle,0.37,1
275,The Scarlet Letter,Nathaniel Hawthorne,1850,Character_275,"Character_275 is described as visionary, submissive, reflecting Asian female identity.",Female,Asian,Unknown,"visionary, submissive",[768-dim vector],Asian_Female_Unknown,0.61,1
276,Moby-Dick,Herman Melville,1851,Character_276,"Character_276 is described as brave, tragic, reflecting Mixed unknown identity.",Unknown,Mixed,Unknown,"brave, tragic",[768-dim vector],Mixed_Unknown_Unknown,0.61,1
277,White Noise,Don DeLillo,1985,Character_277,"Character_277 is described as independent, oppressed, reflecting Unknown female identity.",Female,Unknown,Middle,"independent, oppressed",[768-dim vector],Unknown_Female_Middle,0.63,1
278,The Scarlet Letter,Nathaniel Hawthorne,1850,Character_278,"Character_278 is described as oppressed, defiant, reflecting Black non-binary identity.",Non-binary,Black,Unknown,"oppressed, defiant",[768-dim vector],Black_Non-binary_Unknown,0.83,1
279,Moby-Dick,Herman Melville,1851,Character_279,"Character_279 is described as heroic, tragic, reflecting White non-binary identity.",Non-binary,White,Unknown,"heroic, tragic",[768-dim vector],White_Non-binary_Unknown,0.38,0
280,Song of Solomon,Toni Morrison,1977,Character_280,"Character_280 is described as loyal, strong, reflecting Asian male identity.",Male,Asian,Enslaved/Servant,"loyal, strong",[768-dim vector],Asian_Male_Enslaved/Servant,0.75,1
281,Beloved,Toni Morrison,1987,Character_281,"Character_281 is described as caring, submissive, reflecting Unknown non-binary identity.",Non-binary,Unknown,Upper,"caring, submissive",[768-dim vector],Unknown_Non-binary_Upper,0.72,0
282,Beloved,Toni Morrison,1987,Character_282,"Character_282 is described as loving, hopeful, reflecting Unknown female identity.",Female,Unknown,Upper,"loving, hopeful",[768-dim vector],Unknown_Female_Upper,0.38,0
283,The Scarlet Letter,Nathaniel Hawthorne,1850,Character_283,"Character_283 is described as defiant, visionary, reflecting Mixed non-binary identity.",Non-binary,Mixed,Working,"defiant, visionary",[768-dim vector],Mixed_Non-binary_Working,0.51,1
284,To Kill a Mockingbird,Harper Lee,1960,Character_284,"Character_284 is described as visionary, loyal, reflecting Black female identity.",Female,Black,Upper,"visionary, loyal",[768-dim vector],Black_Female_Upper,0.54,1
285,Their Eyes Were Watching God,Zora Neale Hurston,1937,Character_285,"Character_285 is described as loyal, loving, reflecting White female identity.",Female,White,Middle,"loyal, loving",[768-dim vector],White_Female_Middle,0.84,1
286,Their Eyes Were Watching God,Zora Neale Hurston,1937,Character_286,"Character_286 is described as resilient, loyal, reflecting Mixed unknown identity.",Unknown,Mixed,Enslaved/Servant,"resilient, loyal",[768-dim vector],Mixed_Unknown_Enslaved/Servant,0.61,1
287,The Great Gatsby,F. Scott Fitzgerald,1925,Character_287,"Character_287 is described as loving, resilient, reflecting Indigenous non-binary identity.",Non-binary,Indigenous,Upper,"loving, resilient",[768-dim vector],Indigenous_Non-binary_Upper,0.54,1
288,Moby-Dick,Herman Melville,1851,Character_288,"Character_288 is described as visionary, strong, reflecting Asian non-binary identity.",Non-binary,Asian,Enslaved/Servant,"visionary, strong",[768-dim vector],Asian_Non-binary_Enslaved/Servant,0.82,1
289,Beloved,Toni Morrison,1987,Character_289,"Character_289 is described as caring, tragic, reflecting Asian female identity.",Female,Asian,Enslaved/Servant,"caring, tragic",[768-dim vector],Asian_Female_Enslaved/Servant,0.39,1
290,Their Eyes Were Watching God,Zora Neale Hurston,1937,Character_290,"Character_290 is described as submissive, oppressed, reflecting Unknown male identity.",Male,Unknown,Enslaved/Servant,"submissive, oppressed",[768-dim vector],Unknown_Male_Enslaved/Servant,0.6,0
291,White Noise,Don DeLillo,1985,Character_291,"Character_291 is described as loving, rebellious, reflecting Mixed female identity.",Female,Mixed,Working,"loving, rebellious",[768-dim vector],Mixed_Female_Working,0.58,1
292,Moby-Dick,Herman Melville,1851,Character_292,"Character_292 is described as independent, visionary, reflecting Unknown non-binary identity.",Non-binary,Unknown,Working,"independent, visionary",[768-dim vector],Unknown_Non-binary_Working,0.6,1
293,White Noise,Don DeLillo,1985,Character_293,"Character_293 is described as caring, visionary, reflecting Black unknown identity.",Unknown,Black,Enslaved/Servant,"caring, visionary",[768-dim vector],Black_Unknown_Enslaved/Servant,0.68,0
294,The Scarlet Letter,Nathaniel Hawthorne,1850,Character_294,"Character_294 is described as resilient, loyal, reflecting Mixed non-binary identity.",Non-binary,Mixed,Enslaved/Servant,"resilient, loyal",[768-dim vector],Mixed_Non-binary_Enslaved/Servant,0.35,0
295,Moby-Dick,Herman Melville,1851,Character_295,"Character_295 is described as defiant, brave, reflecting Indigenous unknown identity.",Unknown,Indigenous,Unknown,"defiant, brave",[768-dim vector],Indigenous_Unknown_Unknown,0.38,0
296,Adventures of Huckleberry Finn,Mark Twain,1884,Character_296,"Character_296 is described as submissive, noble, reflecting White unknown identity.",Unknown,White,Middle,"submissive, noble",[768-dim vector],White_Unknown_Middle,0.38,1
297,Beloved,Toni Morrison,1987,Character_297,"Character_297 is described as loyal, hopeful, reflecting Asian non-binary identity.",Non-binary,Asian,Unknown,"loyal, hopeful",[768-dim vector],Asian_Non-binary_Unknown,0.41,1
298,To Kill a Mockingbird,Harper Lee,1960,Character_298,"Character_298 is described as submissive, hopeful, reflecting Indigenous non-binary identity.",Non-binary,Indigenous,Enslaved/Servant,"submissive, hopeful",[768-dim vector],Indigenous_Non-binary_Enslaved/Servant,0.84,1
299,Song of Solomon,Toni Morrison,1977,Character_299,"Character_299 is described as resilient, noble, reflecting Asian non-binary identity.",Non-binary,Asian,Working,"resilient, noble",[768-dim vector],Asian_Non-binary_Working,0.7,0
300,Moby-Dick,Herman Melville,1851,Character_300,"Character_300 is described as devoted, tragic, reflecting Unknown male identity.",Male,Unknown,Middle,"devoted, tragic",[768-dim vector],Unknown_Male_Middle,0.42,0
301,Invisible Man,Ralph Ellison,1952,Character_301,"Character_301 is described as visionary, fearless, reflecting Indigenous male identity.",Male,Indigenous,Working,"visionary, fearless",[768-dim vector],Indigenous_Male_Working,0.4,0
302,White Noise,Don DeLillo,1985,Character_302,"Character_302 is described as fearless, rebellious, reflecting Unknown non-binary identity.",Non-binary,Unknown,Enslaved/Servant,"fearless, rebellious",[768-dim vector],Unknown_Non-binary_Enslaved/Servant,0.41,0
303,Adventures of Huckleberry Finn,Mark Twain,1884,Character_303,"Character_303 is described as visionary, submissive, reflecting Asian male identity.",Male,Asian,Middle,"visionary, submissive",[768-dim vector],Asian_Male_Middle,0.37,1
304,Beloved,Toni Morrison,1987,Character_304,"Character_304 is described as heroic, independent, reflecting Unknown non-binary identity.",Non-binary,Unknown,Upper,"heroic, independent",[768-dim vector],Unknown_Non-binary_Upper,0.42,1
305,Their Eyes Were Watching God,Zora Neale Hurston,1937,Character_305,"Character_305 is described as caring, tragic, reflecting Unknown female identity.",Female,Unknown,Middle,"caring, tragic",[768-dim vector],Unknown_Female_Middle,0.6,1
306,The Great Gatsby,F. Scott Fitzgerald,1925,Character_306,"Character_306 is described as noble, devoted, reflecting Black male identity.",Male,Black,Middle,"noble, devoted",[768-dim vector],Black_Male_Middle,0.32,1
307,The Scarlet Letter,Nathaniel Hawthorne,1850,Character_307,"Character_307 is described as caring, visionary, reflecting Mixed non-binary identity.",Non-binary,Mixed,Unknown,"caring, visionary",[768-dim vector],Mixed_Non-binary_Unknown,0.68,0
308,Song of Solomon,Toni Morrison,1977,Character_308,"Character_308 is described as submissive, independent, reflecting Mixed female identity.",Female,Mixed,Upper,"submissive, independent",[768-dim vector],Mixed_Female_Upper,0.82,1
309,Invisible Man,Ralph Ellison,1952,Character_309,"Character_309 is described as oppressed, submissive, reflecting Mixed unknown identity.",Unknown,Mixed,Enslaved/Servant,"oppressed, submissive",[768-dim vector],Mixed_Unknown_Enslaved/Servant,0.34,0
310,Adventures of Huckleberry Finn,Mark Twain,1884,Character_310,"Character_310 is described as visionary, heroic, reflecting Unknown non-binary identity.",Non-binary,Unknown,Upper,"visionary, heroic",[768-dim vector],Unknown_Non-binary_Upper,0.78,1
311,Song of Solomon,Toni Morrison,1977,Character_311,"Character_311 is described as defiant, hopeful, reflecting Black non-binary identity.",Non-binary,Black,Unknown,"defiant, hopeful",[768-dim vector],Black_Non-binary_Unknown,0.41,0
312,Invisible Man,Ralph Ellison,1952,Character_312,"Character_312 is described as hopeful, independent, reflecting White male identity.",Male,White,Unknown,"hopeful, independent",[768-dim vector],White_Male_Unknown,0.52,1
313,Adventures of Huckleberry Finn,Mark Twain,1884,Character_313,"Character_313 is described as caring, tragic, reflecting Indigenous female identity.",Female,Indigenous,Middle,"caring, tragic",[768-dim vector],Indigenous_Female_Middle,0.67,1
314,Their Eyes Were Watching God,Zora Neale Hurston,1937,Character_314,"Character_314 is described as heroic, resilient, reflecting Indigenous male identity.",Male,Indigenous,Middle,"heroic, resilient",[768-dim vector],Indigenous_Male_Middle,0.58,1
315,Adventures of Huckleberry Finn,Mark Twain,1884,Character_315,"Character_315 is described as submissive, tragic, reflecting Mixed non-binary identity.",Non-binary,Mixed,Unknown,"submissive, tragic",[768-dim vector],Mixed_Non-binary_Unknown,0.32,0
316,Adventures of Huckleberry Finn,Mark Twain,1884,Character_316,"Character_316 is described as loving, loyal, reflecting Black female identity.",Female,Black,Unknown,"loving, loyal",[768-dim vector],Black_Female_Unknown,0.73,1
317,The Scarlet Letter,Nathaniel Hawthorne,1850,Character_317,"Character_317 is described as resilient, fearless, reflecting White male identity.",Male,White,Unknown,"resilient, fearless",[768-dim vector],White_Male_Unknown,0.61,1
318,White Noise,Don DeLillo,1985,Character_318,"Character_318 is described as devoted, independent, reflecting Mixed unknown identity.",Unknown,Mixed,Upper,"devoted, independent",[768-dim vector],Mixed_Unknown_Upper,0.36,1
319,Their Eyes Were Watching God,Zora Neale Hurston,1937,Character_319,"Character_319 is described as independent, visionary, reflecting Black unknown identity.",Unknown,Black,Enslaved/Servant,"independent, visionary",[768-dim vector],Black_Unknown_Enslaved/Servant,0.62,0
320,Moby-Dick,Herman Melville,1851,Character_320,"Character_320 is described as oppressed, devoted, reflecting Black male identity.",Male,Black,Enslaved/Servant,"oppressed, devoted",[768-dim vector],Black_Male_Enslaved/Servant,0.46,1
321,To Kill a Mockingbird,Harper Lee,1960,Character_321,"Character_321 is described as hopeful, loving, reflecting Indigenous female identity.",Female,Indigenous,Unknown,"hopeful, loving",[768-dim vector],Indigenous_Female_Unknown,0.31,1
322,Beloved,Toni Morrison,1987,Character_322,"Character_322 is described as caring, tragic, reflecting Asian non-binary identity.",Non-binary,Asian,Middle,"caring, tragic",[768-dim vector],Asian_Non-binary_Middle,0.43,1
323,Song of Solomon,Toni Morrison,1977,Character_323,"Character_323 is described as visionary, rebellious, reflecting Indigenous male identity.",Male,Indigenous,Middle,"visionary, rebellious",[768-dim vector],Indigenous_Male_Middle,0.37,1
324,Their Eyes Were Watching God,Zora Neale Hurston,1937,Character_324,"Character_324 is described as rebellious, loyal, reflecting Black unknown identity.",Unknown,Black,Middle,"rebellious, loyal",[768-dim vector],Black_Unknown_Middle,0.66,1
325,Their Eyes Were Watching God,Zora Neale Hurston,1937,Character_325,"Character_325 is described as noble, defiant, reflecting Mixed unknown identity.",Unknown,Mixed,Enslaved/Servant,"noble, defiant",[768-dim vector],Mixed_Unknown_Enslaved/Servant,0.77,1
326,Beloved,Toni Morrison,1987,Character_326,"Character_326 is described as devoted, tragic, reflecting Black non-binary identity.",Non-binary,Black,Middle,"devoted, tragic",[768-dim vector],Black_Non-binary_Middle,0.35,1
327,To Kill a Mockingbird,Harper Lee,1960,Character_327,"Character_327 is described as brave, submissive, reflecting Indigenous unknown identity.",Unknown,Indigenous,Enslaved/Servant,"brave, submissive",[768-dim vector],Indigenous_Unknown_Enslaved/Servant,0.65,1
328,Invisible Man,Ralph Ellison,1952,Character_328,"Character_328 is described as caring, loyal, reflecting Black unknown identity.",Unknown,Black,Middle,"caring, loyal",[768-dim vector],Black_Unknown_Middle,0.56,0
329,The Scarlet Letter,Nathaniel Hawthorne,1850,Character_329,"Character_329 is described as devoted, independent, reflecting Asian non-binary identity.",Non-binary,Asian,Unknown,"devoted, independent",[768-dim vector],Asian_Non-binary_Unknown,0.47,1
330,Song of Solomon,Toni Morrison,1977,Character_330,"Character_330 is described as hopeful, resilient, reflecting White male identity.",Male,White,Enslaved/Servant,"hopeful, resilient",[768-dim vector],White_Male_Enslaved/Servant,0.69,1
331,Beloved,Toni Morrison,1987,Character_331,"Character_331 is described as strong, loyal, reflecting Indigenous unknown identity.",Unknown,Indigenous,Upper,"strong, loyal",[768-dim vector],Indigenous_Unknown_Upper,0.51,1
332,White Noise,Don DeLillo,1985,Character_332,"Character_332 is described as independent, submissive, reflecting Indigenous female identity.",Female,Indigenous,Unknown,"independent, submissive",[768-dim vector],Indigenous_Female_Unknown,0.66,0
333,Invisible Man,Ralph Ellison,1952,Character_333,"Character_333 is described as rebellious, hopeful, reflecting Mixed unknown identity.",Unknown,Mixed,Working,"rebellious, hopeful",[768-dim vector],Mixed_Unknown_Working,0.36,0
334,Moby-Dick,Herman Melville,1851,Character_334,"Character_334 is described as heroic, caring, reflecting Indigenous unknown identity.",Unknown,Indigenous,Working,"heroic, caring",[768-dim vector],Indigenous_Unknown_Working,0.45,0
335,Adventures of Huckleberry Finn,Mark Twain,1884,Character_335,"Character_335 is described as strong, tragic, reflecting Mixed female identity.",Female,Mixed,Unknown,"strong, tragic",[768-dim vector],Mixed_Female_Unknown,0.41,0
336,The Scarlet Letter,Nathaniel Hawthorne,1850,Character_336,"Character_336 is described as loving, devoted, reflecting White male identity.",Male,White,Middle,"loving, devoted",[768-dim vector],White_Male_Middle,0.4,1
337,Song of Solomon,Toni Morrison,1977,Character_337,"Character_337 is described as tragic, hopeful, reflecting Black unknown identity.",Unknown,Black,Unknown,"tragic, hopeful",[768-dim vector],Black_Unknown_Unknown,0.35,1
338,Beloved,Toni Morrison,1987,Character_338,"Character_338 is described as independent, loving, reflecting Black non-binary identity.",Non-binary,Black,Enslaved/Servant,"independent, loving",[768-dim vector],Black_Non-binary_Enslaved/Servant,0.55,1
339,Song of Solomon,Toni Morrison,1977,Character_339,"Character_339 is described as independent, devoted, reflecting Unknown unknown identity.",Unknown,Unknown,Unknown,"independent, devoted",[768-dim vector],Unknown_Unknown_Unknown,0.37,1
340,The Scarlet Letter,Nathaniel Hawthorne,1850,Character_340,"Character_340 is described as oppressed, independent, reflecting Indigenous non-binary identity.",Non-binary,Indigenous,Upper,"oppressed, independent",[768-dim vector],Indigenous_Non-binary_Upper,0.88,1
341,The Scarlet Letter,Nathaniel Hawthorne,1850,Character_341,"Character_341 is described as noble, loyal, reflecting Indigenous unknown identity.",Unknown,Indigenous,Unknown,"noble, loyal",[768-dim vector],Indigenous_Unknown_Unknown,0.79,0
342,White Noise,Don DeLillo,1985,Character_342,"Character_342 is described as strong, hopeful, reflecting Black unknown identity.",Unknown,Black,Unknown,"strong, hopeful",[768-dim vector],Black_Unknown_Unknown,0.4,1
343,The Great Gatsby,F. Scott Fitzgerald,1925,Character_343,"Character_343 is described as fearless, brave, reflecting Mixed male identity.",Male,Mixed,Upper,"fearless, brave",[768-dim vector],Mixed_Male_Upper,0.86,1
344,To Kill a Mockingbird,Harper Lee,1960,Character_344,"Character_344 is described as oppressed, fearless, reflecting Asian non-binary identity.",Non-binary,Asian,Middle,"oppressed, fearless",[768-dim vector],Asian_Non-binary_Middle,0.64,0
345,Invisible Man,Ralph Ellison,1952,Character_345,"Character_345 is described as hopeful, tragic, reflecting Unknown unknown identity.",Unknown,Unknown,Upper,"hopeful, tragic",[768-dim vector],Unknown_Unknown_Upper,0.76,0
346,The Great Gatsby,F. Scott Fitzgerald,1925,Character_346,"Character_346 is described as tragic, strong, reflecting Unknown non-binary identity.",Non-binary,Unknown,Enslaved/Servant,"tragic, strong",[768-dim vector],Unknown_Non-binary_Enslaved/Servant,0.49,1
347,Beloved,Toni Morrison,1987,Character_347,"Character_347 is described as loving, caring, reflecting Asian female identity.",Female,Asian,Unknown,"loving, caring",[768-dim vector],Asian_Female_Unknown,0.6,0
348,Their Eyes Were Watching God,Zora Neale Hurston,1937,Character_348,"Character_348 is described as resilient, independent, reflecting Black unknown identity.",Unknown,Black,Middle,"resilient, independent",[768-dim vector],Black_Unknown_Middle,0.37,1
349,The Great Gatsby,F. Scott Fitzgerald,1925,Character_349,"Character_349 is described as devoted, loving, reflecting Indigenous non-binary identity.",Non-binary,Indigenous,Middle,"devoted, loving",[768-dim vector],Indigenous_Non-binary_Middle,0.47,1
350,To Kill a Mockingbird,Harper Lee,1960,Character_350,"Character_350 is described as independent, rebellious, reflecting Mixed non-binary identity.",Non-binary,Mixed,Working,"independent, rebellious",[768-dim vector],Mixed_Non-binary_Working,0.39,1
351,White Noise,Don DeLillo,1985,Character_351,"Character_351 is described as hopeful, independent, reflecting Asian unknown identity.",Unknown,Asian,Working,"hopeful, independent",[768-dim vector],Asian_Unknown_Working,0.62,0
352,The Scarlet Letter,Nathaniel Hawthorne,1850,Character_352,"Character_352 is described as caring, visionary, reflecting Unknown non-binary identity.",Non-binary,Unknown,Upper,"caring, visionary",[768-dim vector],Unknown_Non-binary_Upper,0.5,0
353,Their Eyes Were Watching God,Zora Neale Hurston,1937,Character_353,"Character_353 is described as heroic, resilient, reflecting Black unknown identity.",Unknown,Black,Middle,"heroic, resilient",[768-dim vector],Black_Unknown_Middle,0.34,1
354,Song of Solomon,Toni Morrison,1977,Character_354,"Character_354 is described as noble, heroic, reflecting Black non-binary identity.",Non-binary,Black,Upper,"noble, heroic",[768-dim vector],Black_Non-binary_Upper,0.49,1
355,The Scarlet Letter,Nathaniel Hawthorne,1850,Character_355,"Character_355 is described as loyal, rebellious, reflecting Unknown female identity.",Female,Unknown,Middle,"loyal, rebellious",[768-dim vector],Unknown_Female_Middle,0.45,1
356,Invisible Man,Ralph Ellison,1952,Character_356,"Character_356 is described as rebellious, hopeful, reflecting Unknown non-binary identity.",Non-binary,Unknown,Enslaved/Servant,"rebellious, hopeful",[768-dim vector],Unknown_Non-binary_Enslaved/Servant,0.76,1
357,The Scarlet Letter,Nathaniel Hawthorne,1850,Character_357,"Character_357 is described as devoted, fearless, reflecting Asian female identity.",Female,Asian,Enslaved/Servant,"devoted, fearless",[768-dim vector],Asian_Female_Enslaved/Servant,0.58,1
358,Their Eyes Were Watching God,Zora Neale Hurston,1937,Character_358,"Character_358 is described as submissive, noble, reflecting Indigenous non-binary identity.",Non-binary,Indigenous,Upper,"submissive, noble",[768-dim vector],Indigenous_Non-binary_Upper,0.51,1
359,Song of Solomon,Toni Morrison,1977,Character_359,"Character_359 is described as defiant, loyal, reflecting Black male identity.",Male,Black,Enslaved/Servant,"defiant, loyal",[768-dim vector],Black_Male_Enslaved/Servant,0.8,1
360,Invisible Man,Ralph Ellison,1952,Character_360,"Character_360 is described as loyal, brave, reflecting Black unknown identity.",Unknown,Black,Working,"loyal, brave",[768-dim vector],Black_Unknown_Working,0.37,1
361,Their Eyes Were Watching God,Zora Neale Hurston,1937,Character_361,"Character_361 is described as visionary, tragic, reflecting Indigenous male identity.",Male,Indigenous,Working,"visionary, tragic",[768-dim vector],Indigenous_Male_Working,0.86,0
362,To Kill a Mockingbird,Harper Lee,1960,Character_362,"Character_362 is described as resilient, fearless, reflecting Mixed female identity.",Female,Mixed,Enslaved/Servant,"resilient, fearless",[768-dim vector],Mixed_Female_Enslaved/Servant,0.34,1
363,Moby-Dick,Herman Melville,1851,Character_363,"Character_363 is described as resilient, defiant, reflecting Black non-binary identity.",Non-binary,Black,Enslaved/Servant,"resilient, defiant",[768-dim vector],Black_Non-binary_Enslaved/Servant,0.64,1
364,The Scarlet Letter,Nathaniel Hawthorne,1850,Character_364,"Character_364 is described as fearless, defiant, reflecting Indigenous non-binary identity.",Non-binary,Indigenous,Unknown,"fearless, defiant",[768-dim vector],Indigenous_Non-binary_Unknown,0.38,1
365,White Noise,Don DeLillo,1985,Character_365,"Character_365 is described as loving, submissive, reflecting Asian unknown identity.",Unknown,Asian,Unknown,"loving, submissive",[768-dim vector],Asian_Unknown_Unknown,0.42,0
366,Invisible Man,Ralph Ellison,1952,Character_366,"Character_366 is described as devoted, loving, reflecting Black male identity.",Male,Black,Middle,"devoted, loving",[768-dim vector],Black_Male_Middle,0.4,1
367,The Great Gatsby,F. Scott Fitzgerald,1925,Character_367,"Character_367 is described as noble, visionary, reflecting Indigenous male identity.",Male,Indigenous,Enslaved/Servant,"noble, visionary",[768-dim vector],Indigenous_Male_Enslaved/Servant,0.7,1
368,Their Eyes Were Watching God,Zora Neale Hurston,1937,Character_368,"Character_368 is described as brave, resilient, reflecting Indigenous non-binary identity.",Non-binary,Indigenous,Unknown,"brave, resilient",[768-dim vector],Indigenous_Non-binary_Unknown,0.52,1
369,Beloved,Toni Morrison,1987,Character_369,"Character_369 is described as visionary, independent, reflecting White female identity.",Female,White,Upper,"visionary, independent",[768-dim vector],White_Female_Upper,0.54,1
370,Adventures of Huckleberry Finn,Mark Twain,1884,Character_370,"Character_370 is described as independent, rebellious, reflecting Unknown unknown identity.",Unknown,Unknown,Unknown,"independent, rebellious",[768-dim vector],Unknown_Unknown_Unknown,0.56,1
371,Their Eyes Were Watching God,Zora Neale Hurston,1937,Character_371,"Character_371 is described as noble, hopeful, reflecting Mixed non-binary identity.",Non-binary,Mixed,Middle,"noble, hopeful",[768-dim vector],Mixed_Non-binary_Middle,0.58,1
372,To Kill a Mockingbird,Harper Lee,1960,Character_372,"Character_372 is described as caring, oppressed, reflecting Asian female identity.",Female,Asian,Unknown,"caring, oppressed",[768-dim vector],Asian_Female_Unknown,0.75,1
373,Song of Solomon,Toni Morrison,1977,Character_373,"Character_373 is described as noble, submissive, reflecting Mixed unknown identity.",Unknown,Mixed,Middle,"noble, submissive",[768-dim vector],Mixed_Unknown_Middle,0.44,1
374,Song of Solomon,Toni Morrison,1977,Character_374,"Character_374 is described as submissive, rebellious, reflecting Mixed unknown identity.",Unknown,Mixed,Working,"submissive, rebellious",[768-dim vector],Mixed_Unknown_Working,0.53,1
375,The Scarlet Letter,Nathaniel Hawthorne,1850,Character_375,"Character_375 is described as hopeful, defiant, reflecting Mixed female identity.",Female,Mixed,Unknown,"hopeful, defiant",[768-dim vector],Mixed_Female_Unknown,0.84,1
376,Beloved,Toni Morrison,1987,Character_376,"Character_376 is described as devoted, submissive, reflecting White unknown identity.",Unknown,White,Middle,"devoted, submissive",[768-dim vector],White_Unknown_Middle,0.37,1
377,Song of Solomon,Toni Morrison,1977,Character_377,"Character_377 is described as hopeful, tragic, reflecting White unknown identity.",Unknown,White,Enslaved/Servant,"hopeful, tragic",[768-dim vector],White_Unknown_Enslaved/Servant,0.68,1
378,Invisible Man,Ralph Ellison,1952,Character_378,"Character_378 is described as heroic, visionary, reflecting Mixed unknown identity.",Unknown,Mixed,Upper,"heroic, visionary",[768-dim vector],Mixed_Unknown_Upper,0.38,1
379,Their Eyes Were Watching God,Zora Neale Hurston,1937,Character_379,"Character_379 is described as brave, fearless, reflecting Asian male identity.",Male,Asian,Working,"brave, fearless",[768-dim vector],Asian_Male_Working,0.67,1
380,White Noise,Don DeLillo,1985,Character_380,"Character_380 is described as caring, submissive, reflecting White male identity.",Male,White,Enslaved/Servant,"caring, submissive",[768-dim vector],White_Male_Enslaved/Servant,0.84,1
381,Song of Solomon,Toni Morrison,1977,Character_381,"Character_381 is described as loyal, independent, reflecting White male identity.",Male,White,Enslaved/Servant,"loyal, independent",[768-dim vector],White_Male_Enslaved/Servant,0.39,1
382,Invisible Man,Ralph Ellison,1952,Character_382,"Character_382 is described as caring, strong, reflecting Black female identity.",Female,Black,Enslaved/Servant,"caring, strong",[768-dim vector],Black_Female_Enslaved/Servant,0.45,1
383,To Kill a Mockingbird,Harper Lee,1960,Character_383,"Character_383 is described as heroic, hopeful, reflecting Asian unknown identity.",Unknown,Asian,Upper,"heroic, hopeful",[768-dim vector],Asian_Unknown_Upper,0.32,1
384,Beloved,Toni Morrison,1987,Character_384,"Character_384 is described as strong, tragic, reflecting Black male identity.",Male,Black,Unknown,"strong, tragic",[768-dim vector],Black_Male_Unknown,0.76,1
385,Adventures of Huckleberry Finn,Mark Twain,1884,Character_385,"Character_385 is described as independent, visionary, reflecting White female identity.",Female,White,Upper,"independent, visionary",[768-dim vector],White_Female_Upper,0.51,1
386,Song of Solomon,Toni Morrison,1977,Character_386,"Character_386 is described as noble, heroic, reflecting Mixed unknown identity.",Unknown,Mixed,Enslaved/Servant,"noble, heroic",[768-dim vector],Mixed_Unknown_Enslaved/Servant,0.37,1
387,To Kill a Mockingbird,Harper Lee,1960,Character_387,"Character_387 is described as fearless, rebellious, reflecting Black non-binary identity.",Non-binary,Black,Working,"fearless, rebellious",[768-dim vector],Black_Non-binary_Working,0.38,1
388,The Scarlet Letter,Nathaniel Hawthorne,1850,Character_388,"Character_388 is described as noble, fearless, reflecting Mixed unknown identity.",Unknown,Mixed,Upper,"noble, fearless",[768-dim vector],Mixed_Unknown_Upper,0.78,0
389,Moby-Dick,Herman Melville,1851,Character_389,"Character_389 is described as visionary, loyal, reflecting Mixed male identity.",Male,Mixed,Upper,"visionary, loyal",[768-dim vector],Mixed_Male_Upper,0.44,1
390,The Great Gatsby,F. Scott Fitzgerald,1925,Character_390,"Character_390 is described as noble, fearless, reflecting Asian male identity.",Male,Asian,Enslaved/Servant,"noble, fearless",[768-dim vector],Asian_Male_Enslaved/Servant,0.73,1
391,The Scarlet Letter,Nathaniel Hawthorne,1850,Character_391,"Character_391 is described as noble, loving, reflecting Mixed female identity.",Female,Mixed,Working,"noble, loving",[768-dim vector],Mixed_Female_Working,0.72,1
392,White Noise,Don DeLillo,1985,Character_392,"Character_392 is described as hopeful, tragic, reflecting Black non-binary identity.",Non-binary,Black,Working,"hopeful, tragic",[768-dim vector],Black_Non-binary_Working,0.45,1
393,The Great Gatsby,F. Scott Fitzgerald,1925,Character_393,"Character_393 is described as loyal, defiant, reflecting Indigenous unknown identity.",Unknown,Indigenous,Working,"loyal, defiant",[768-dim vector],Indigenous_Unknown_Working,0.41,1
394,Invisible Man,Ralph Ellison,1952,Character_394,"Character_394 is described as strong, tragic, reflecting White unknown identity.",Unknown,White,Working,"strong, tragic",[768-dim vector],White_Unknown_Working,0.65,1
395,Beloved,Toni Morrison,1987,Character_395,"Character_395 is described as independent, strong, reflecting Asian unknown identity.",Unknown,Asian,Middle,"independent, strong",[768-dim vector],Asian_Unknown_Middle,0.58,1
396,Adventures of Huckleberry Finn,Mark Twain,1884,Character_396,"Character_396 is described as independent, hopeful, reflecting Black unknown identity.",Unknown,Black,Middle,"independent, hopeful",[768-dim vector],Black_Unknown_Middle,0.39,1
397,To Kill a Mockingbird,Harper Lee,1960,Character_397,"Character_397 is described as oppressed, tragic, reflecting Mixed male identity.",Male,Mixed,Enslaved/Servant,"oppressed, tragic",[768-dim vector],Mixed_Male_Enslaved/Servant,0.6,1
398,Adventures of Huckleberry Finn,Mark Twain,1884,Character_398,"Character_398 is described as fearless, loving, reflecting Black unknown identity.",Unknown,Black,Working,"fearless, loving",[768-dim vector],Black_Unknown_Working,0.31,1
399,Moby-Dick,Herman Melville,1851,Character_399,"Character_399 is described as heroic, fearless, reflecting Indigenous unknown identity.",Unknown,Indigenous,Upper,"heroic, fearless",[768-dim vector],Indigenous_Unknown_Upper,0.86,1
400,The Scarlet Letter,Nathaniel Hawthorne,1850,Character_400,"Character_400 is described as loyal, submissive, reflecting Asian non-binary identity.",Non-binary,Asian,Unknown,"loyal, submissive",[768-dim vector],Asian_Non-binary_Unknown,0.72,1
401,The Great Gatsby,F. Scott Fitzgerald,1925,Character_401,"Character_401 is described as loving, independent, reflecting Asian female identity.",Female,Asian,Middle,"loving, independent",[768-dim vector],Asian_Female_Middle,0.72,0
402,The Scarlet Letter,Nathaniel Hawthorne,1850,Character_402,"Character_402 is described as devoted, noble, reflecting Black female identity.",Female,Black,Upper,"devoted, noble",[768-dim vector],Black_Female_Upper,0.65,1
403,White Noise,Don DeLillo,1985,Character_403,"Character_403 is described as heroic, loving, reflecting Asian female identity.",Female,Asian,Middle,"heroic, loving",[768-dim vector],Asian_Female_Middle,0.55,1
404,Their Eyes Were Watching God,Zora Neale Hurston,1937,Character_404,"Character_404 is described as caring, independent, reflecting Asian unknown identity.",Unknown,Asian,Unknown,"caring, independent",[768-dim vector],Asian_Unknown_Unknown,0.86,1
405,Their Eyes Were Watching God,Zora Neale Hurston,1937,Character_405,"Character_405 is described as visionary, rebellious, reflecting Mixed non-binary identity.",Non-binary,Mixed,Enslaved/Servant,"visionary, rebellious",[768-dim vector],Mixed_Non-binary_Enslaved/Servant,0.57,0
406,To Kill a Mockingbird,Harper Lee,1960,Character_406,"Character_406 is described as loving, oppressed, reflecting Black non-binary identity.",Non-binary,Black,Working,"loving, oppressed",[768-dim vector],Black_Non-binary_Working,0.89,1
407,The Scarlet Letter,Nathaniel Hawthorne,1850,Character_407,"Character_407 is described as brave, resilient, reflecting Unknown female identity.",Female,Unknown,Middle,"brave, resilient",[768-dim vector],Unknown_Female_Middle,0.37,1
408,Song of Solomon,Toni Morrison,1977,Character_408,"Character_408 is described as fearless, loving, reflecting Indigenous unknown identity.",Unknown,Indigenous,Middle,"fearless, loving",[768-dim vector],Indigenous_Unknown_Middle,0.82,1
409,The Great Gatsby,F. Scott Fitzgerald,1925,Character_409,"Character_409 is described as devoted, loving, reflecting Mixed unknown identity.",Unknown,Mixed,Middle,"devoted, loving",[768-dim vector],Mixed_Unknown_Middle,0.65,1
410,Their Eyes Were Watching God,Zora Neale Hurston,1937,Character_410,"Character_410 is described as visionary, defiant, reflecting Unknown unknown identity.",Unknown,Unknown,Enslaved/Servant,"visionary, defiant",[768-dim vector],Unknown_Unknown_Enslaved/Servant,0.33,1
411,Beloved,Toni Morrison,1987,Character_411,"Character_411 is described as devoted, defiant, reflecting Black female identity.",Female,Black,Unknown,"devoted, defiant",[768-dim vector],Black_Female_Unknown,0.78,0
412,Song of Solomon,Toni Morrison,1977,Character_412,"Character_412 is described as submissive, loyal, reflecting Mixed male identity.",Male,Mixed,Upper,"submissive, loyal",[768-dim vector],Mixed_Male_Upper,0.5,1
413,The Scarlet Letter,Nathaniel Hawthorne,1850,Character_413,"Character_413 is described as submissive, hopeful, reflecting Black unknown identity.",Unknown,Black,Middle,"submissive, hopeful",[768-dim vector],Black_Unknown_Middle,0.62,1
414,The Scarlet Letter,Nathaniel Hawthorne,1850,Character_414,"Character_414 is described as caring, loyal, reflecting Mixed female identity.",Female,Mixed,Enslaved/Servant,"caring, loyal",[768-dim vector],Mixed_Female_Enslaved/Servant,0.51,1
415,White Noise,Don DeLillo,1985,Character_415,"Character_415 is described as brave, heroic, reflecting Unknown unknown identity.",Unknown,Unknown,Enslaved/Servant,"brave, heroic",[768-dim vector],Unknown_Unknown_Enslaved/Servant,0.74,1
416,Song of Solomon,Toni Morrison,1977,Character_416,"Character_416 is described as tragic, resilient, reflecting White unknown identity.",Unknown,White,Upper,"tragic, resilient",[768-dim vector],White_Unknown_Upper,0.43,1
417,Song of Solomon,Toni Morrison,1977,Character_417,"Character_417 is described as oppressed, defiant, reflecting White non-binary identity.",Non-binary,White,Unknown,"oppressed, defiant",[768-dim vector],White_Non-binary_Unknown,0.38,0
418,Moby-Dick,Herman Melville,1851,Character_418,"Character_418 is described as noble, fearless, reflecting Mixed male identity.",Male,Mixed,Middle,"noble, fearless",[768-dim vector],Mixed_Male_Middle,0.6,1
419,White Noise,Don DeLillo,1985,Character_419,"Character_419 is described as strong, submissive, reflecting Indigenous non-binary identity.",Non-binary,Indigenous,Working,"strong, submissive",[768-dim vector],Indigenous_Non-binary_Working,0.85,1
420,Beloved,Toni Morrison,1987,Character_420,"Character_420 is described as noble, heroic, reflecting Asian unknown identity.",Unknown,Asian,Unknown,"noble, heroic",[768-dim vector],Asian_Unknown_Unknown,0.65,1
421,Their Eyes Were Watching God,Zora Neale Hurston,1937,Character_421,"Character_421 is described as submissive, strong, reflecting Unknown male identity.",Male,Unknown,Upper,"submissive, strong",[768-dim vector],Unknown_Male_Upper,0.31,1
422,Invisible Man,Ralph Ellison,1952,Character_422,"Character_422 is described as loyal, brave, reflecting Mixed unknown identity.",Unknown,Mixed,Enslaved/Servant,"loyal, brave",[768-dim vector],Mixed_Unknown_Enslaved/Servant,0.41,1
423,Adventures of Huckleberry Finn,Mark Twain,1884,Character_423,"Character_423 is described as loving, rebellious, reflecting Asian male identity.",Male,Asian,Enslaved/Servant,"loving, rebellious",[768-dim vector],Asian_Male_Enslaved/Servant,0.39,1
424,Song of Solomon,Toni Morrison,1977,Character_424,"Character_424 is described as devoted, resilient, reflecting Black male identity.",Male,Black,Middle,"devoted, resilient",[768-dim vector],Black_Male_Middle,0.35,1
425,The Scarlet Letter,Nathaniel Hawthorne,1850,Character_425,"Character_425 is described as heroic, loyal, reflecting Unknown male identity.",Male,Unknown,Working,"heroic, loyal",[768-dim vector],Unknown_Male_Working,0.6,1
426,Adventures of Huckleberry Finn,Mark Twain,1884,Character_426,"Character_426 is described as hopeful, strong, reflecting White non-binary identity.",Non-binary,White,Middle,"hopeful, strong",[768-dim vector],White_Non-binary_Middle,0.34,1
427,Moby-Dick,Herman Melville,1851,Character_427,"Character_427 is described as noble, strong, reflecting Black non-binary identity.",Non-binary,Black,Unknown,"noble, strong",[768-dim vector],Black_Non-binary_Unknown,0.43,1
428,Song of Solomon,Toni Morrison,1977,Character_428,"Character_428 is described as submissive, tragic, reflecting Asian non-binary identity.",Non-binary,Asian,Middle,"submissive, tragic",[768-dim vector],Asian_Non-binary_Middle,0.42,0
429,Beloved,Toni Morrison,1987,Character_429,"Character_429 is described as noble, submissive, reflecting White male identity.",Male,White,Enslaved/Servant,"noble, submissive",[768-dim vector],White_Male_Enslaved/Servant,0.32,1
430,Beloved,Toni Morrison,1987,Character_430,"Character_430 is described as resilient, visionary, reflecting Indigenous unknown identity.",Unknown,Indigenous,Upper,"resilient, visionary",[768-dim vector],Indigenous_Unknown_Upper,0.64,0
431,To Kill a Mockingbird,Harper Lee,1960,Character_431,"Character_431 is described as strong, oppressed, reflecting Indigenous female identity.",Female,Indigenous,Unknown,"strong, oppressed",[768-dim vector],Indigenous_Female_Unknown,0.77,1
432,Adventures of Huckleberry Finn,Mark Twain,1884,Character_432,"Character_432 is described as independent, noble, reflecting White unknown identity.",Unknown,White,Unknown,"independent, noble",[768-dim vector],White_Unknown_Unknown,0.61,1
433,Moby-Dick,Herman Melville,1851,Character_433,"Character_433 is described as strong, hopeful, reflecting Indigenous male identity.",Male,Indigenous,Middle,"strong, hopeful",[768-dim vector],Indigenous_Male_Middle,0.54,1
434,Invisible Man,Ralph Ellison,1952,Character_434,"Character_434 is described as submissive, brave, reflecting Indigenous non-binary identity.",Non-binary,Indigenous,Upper,"submissive, brave",[768-dim vector],Indigenous_Non-binary_Upper,0.39,0
435,Their Eyes Were Watching God,Zora Neale Hurston,1937,Character_435,"Character_435 is described as rebellious, hopeful, reflecting Indigenous unknown identity.",Unknown,Indigenous,Working,"rebellious, hopeful",[768-dim vector],Indigenous_Unknown_Working,0.82,1
436,Moby-Dick,Herman Melville,1851,Character_436,"Character_436 is described as heroic, tragic, reflecting Asian female identity.",Female,Asian,Enslaved/Servant,"heroic, tragic",[768-dim vector],Asian_Female_Enslaved/Servant,0.52,0
437,Invisible Man,Ralph Ellison,1952,Character_437,"Character_437 is described as caring, submissive, reflecting White male identity.",Male,White,Upper,"caring, submissive",[768-dim vector],White_Male_Upper,0.69,1
438,White Noise,Don DeLillo,1985,Character_438,"Character_438 is described as independent, oppressed, reflecting Asian non-binary identity.",Non-binary,Asian,Upper,"independent, oppressed",[768-dim vector],Asian_Non-binary_Upper,0.32,0
439,Invisible Man,Ralph Ellison,1952,Character_439,"Character_439 is described as noble, tragic, reflecting Unknown male identity.",Male,Unknown,Unknown,"noble, tragic",[768-dim vector],Unknown_Male_Unknown,0.73,1
440,Adventures of Huckleberry Finn,Mark Twain,1884,Character_440,"Character_440 is described as resilient, independent, reflecting Black unknown identity.",Unknown,Black,Middle,"resilient, independent",[768-dim vector],Black_Unknown_Middle,0.32,0
441,Their Eyes Were Watching God,Zora Neale Hurston,1937,Character_441,"Character_441 is described as defiant, oppressed, reflecting Black unknown identity.",Unknown,Black,Upper,"defiant, oppressed",[768-dim vector],Black_Unknown_Upper,0.44,1
442,Their Eyes Were Watching God,Zora Neale Hurston,1937,Character_442,"Character_442 is described as submissive, caring, reflecting Indigenous unknown identity.",Unknown,Indigenous,Enslaved/Servant,"submissive, caring",[768-dim vector],Indigenous_Unknown_Enslaved/Servant,0.31,0
443,Their Eyes Were Watching God,Zora Neale Hurston,1937,Character_443,"Character_443 is described as fearless, visionary, reflecting Unknown female identity.",Female,Unknown,Enslaved/Servant,"fearless, visionary",[768-dim vector],Unknown_Female_Enslaved/Servant,0.78,0
444,Moby-Dick,Herman Melville,1851,Character_444,"Character_444 is described as strong, loving, reflecting Indigenous female identity.",Female,Indigenous,Upper,"strong, loving",[768-dim vector],Indigenous_Female_Upper,0.69,0
445,White Noise,Don DeLillo,1985,Character_445,"Character_445 is described as loving, oppressed, reflecting Indigenous unknown identity.",Unknown,Indigenous,Enslaved/Servant,"loving, oppressed",[768-dim vector],Indigenous_Unknown_Enslaved/Servant,0.36,0
446,White Noise,Don DeLillo,1985,Character_446,"Character_446 is described as fearless, devoted, reflecting Indigenous female identity.",Female,Indigenous,Working,"fearless, devoted",[768-dim vector],Indigenous_Female_Working,0.73,1
447,Beloved,Toni Morrison,1987,Character_447,"Character_447 is described as independent, devoted, reflecting Asian female identity.",Female,Asian,Working,"independent, devoted",[768-dim vector],Asian_Female_Working,0.8,1
448,White Noise,Don DeLillo,1985,Character_448,"Character_448 is described as resilient, strong, reflecting Indigenous female identity.",Female,Indigenous,Enslaved/Servant,"resilient, strong",[768-dim vector],Indigenous_Female_Enslaved/Servant,0.7,0
449,Beloved,Toni Morrison,1987,Character_449,"Character_449 is described as heroic, defiant, reflecting Mixed male identity.",Male,Mixed,Middle,"heroic, defiant",[768-dim vector],Mixed_Male_Middle,0.48,1
450,Song of Solomon,Toni Morrison,1977,Character_450,"Character_450 is described as fearless, visionary, reflecting Unknown male identity.",Male,Unknown,Enslaved/Servant,"fearless, visionary",[768-dim vector],Unknown_Male_Enslaved/Servant,0.31,0
451,Their Eyes Were Watching God,Zora Neale Hurston,1937,Character_451,"Character_451 is described as hopeful, independent, reflecting Asian male identity.",Male,Asian,Enslaved/Servant,"hopeful, independent",[768-dim vector],Asian_Male_Enslaved/Servant,0.42,0
452,The Great Gatsby,F. Scott Fitzgerald,1925,Character_452,"Character_452 is described as oppressed, strong, reflecting Unknown non-binary identity.",Non-binary,Unknown,Middle,"oppressed, strong",[768-dim vector],Unknown_Non-binary_Middle,0.41,1
453,Moby-Dick,Herman Melville,1851,Character_453,"Character_453 is described as strong, tragic, reflecting Mixed unknown identity.",Unknown,Mixed,Enslaved/Servant,"strong, tragic",[768-dim vector],Mixed_Unknown_Enslaved/Servant,0.55,1
454,Invisible Man,Ralph Ellison,1952,Character_454,"Character_454 is described as submissive, rebellious, reflecting Indigenous male identity.",Male,Indigenous,Unknown,"submissive, rebellious",[768-dim vector],Indigenous_Male_Unknown,0.79,1
455,The Great Gatsby,F. Scott Fitzgerald,1925,Character_455,"Character_455 is described as loyal, strong, reflecting Black non-binary identity.",Non-binary,Black,Unknown,"loyal, strong",[768-dim vector],Black_Non-binary_Unknown,0.46,1
456,Beloved,Toni Morrison,1987,Character_456,"Character_456 is described as rebellious, resilient, reflecting White unknown identity.",Unknown,White,Upper,"rebellious, resilient",[768-dim vector],White_Unknown_Upper,0.65,0
457,The Great Gatsby,F. Scott Fitzgerald,1925,Character_457,"Character_457 is described as strong, visionary, reflecting Asian female identity.",Female,Asian,Working,"strong, visionary",[768-dim vector],Asian_Female_Working,0.67,1
458,White Noise,Don DeLillo,1985,Character_458,"Character_458 is described as devoted, rebellious, reflecting Indigenous female identity.",Female,Indigenous,Upper,"devoted, rebellious",[768-dim vector],Indigenous_Female_Upper,0.63,1
459,Their Eyes Were Watching God,Zora Neale Hurston,1937,Character_459,"Character_459 is described as hopeful, caring, reflecting White unknown identity.",Unknown,White,Upper,"hopeful, caring",[768-dim vector],White_Unknown_Upper,0.48,1
460,Their Eyes Were Watching God,Zora Neale Hurston,1937,Character_460,"Character_460 is described as tragic, devoted, reflecting Asian non-binary identity.",Non-binary,Asian,Middle,"tragic, devoted",[768-dim vector],Asian_Non-binary_Middle,0.76,0
461,Beloved,Toni Morrison,1987,Character_461,"Character_461 is described as visionary, loving, reflecting White unknown identity.",Unknown,White,Enslaved/Servant,"visionary, loving",[768-dim vector],White_Unknown_Enslaved/Servant,0.82,1
462,Moby-Dick,Herman Melville,1851,Character_462,"Character_462 is described as brave, loving, reflecting White non-binary identity.",Non-binary,White,Upper,"brave, loving",[768-dim vector],White_Non-binary_Upper,0.84,1
463,Moby-Dick,Herman Melville,1851,Character_463,"Character_463 is described as tragic, defiant, reflecting Unknown female identity.",Female,Unknown,Middle,"tragic, defiant",[768-dim vector],Unknown_Female_Middle,0.56,0
464,Song of Solomon,Toni Morrison,1977,Character_464,"Character_464 is described as oppressed, visionary, reflecting Indigenous female identity.",Female,Indigenous,Unknown,"oppressed, visionary",[768-dim vector],Indigenous_Female_Unknown,0.46,1
465,The Great Gatsby,F. Scott Fitzgerald,1925,Character_465,"Character_465 is described as defiant, oppressed, reflecting Unknown unknown identity.",Unknown,Unknown,Middle,"defiant, oppressed",[768-dim vector],Unknown_Unknown_Middle,0.68,0
466,Invisible Man,Ralph Ellison,1952,Character_466,"Character_466 is described as fearless, visionary, reflecting Unknown male identity.",Male,Unknown,Unknown,"fearless, visionary",[768-dim vector],Unknown_Male_Unknown,0.38,1
467,White Noise,Don DeLillo,1985,Character_467,"Character_467 is described as fearless, heroic, reflecting Asian unknown identity.",Unknown,Asian,Upper,"fearless, heroic",[768-dim vector],Asian_Unknown_Upper,0.89,1
468,Their Eyes Were Watching God,Zora Neale Hurston,1937,Character_468,"Character_468 is described as heroic, defiant, reflecting Mixed male identity.",Male,Mixed,Upper,"heroic, defiant",[768-dim vector],Mixed_Male_Upper,0.4,0
469,Beloved,Toni Morrison,1987,Character_469,"Character_469 is described as rebellious, resilient, reflecting Black non-binary identity.",Non-binary,Black,Enslaved/Servant,"rebellious, resilient",[768-dim vector],Black_Non-binary_Enslaved/Servant,0.31,1
470,To Kill a Mockingbird,Harper Lee,1960,Character_470,"Character_470 is described as strong, rebellious, reflecting Mixed non-binary identity.",Non-binary,Mixed,Enslaved/Servant,"strong, rebellious",[768-dim vector],Mixed_Non-binary_Enslaved/Servant,0.37,1
471,Beloved,Toni Morrison,1987,Character_471,"Character_471 is described as defiant, independent, reflecting Asian non-binary identity.",Non-binary,Asian,Unknown,"defiant, independent",[768-dim vector],Asian_Non-binary_Unknown,0.46,1
472,White Noise,Don DeLillo,1985,Character_472,"Character_472 is described as loving, rebellious, reflecting Unknown male identity.",Male,Unknown,Middle,"loving, rebellious",[768-dim vector],Unknown_Male_Middle,0.69,1
473,The Great Gatsby,F. Scott Fitzgerald,1925,Character_473,"Character_473 is described as caring, hopeful, reflecting White non-binary identity.",Non-binary,White,Middle,"caring, hopeful",[768-dim vector],White_Non-binary_Middle,0.42,0
474,Song of Solomon,Toni Morrison,1977,Character_474,"Character_474 is described as hopeful, strong, reflecting Asian unknown identity.",Unknown,Asian,Unknown,"hopeful, strong",[768-dim vector],Asian_Unknown_Unknown,0.38,1
475,Invisible Man,Ralph Ellison,1952,Character_475,"Character_475 is described as defiant, heroic, reflecting Asian female identity.",Female,Asian,Unknown,"defiant, heroic",[768-dim vector],Asian_Female_Unknown,0.82,1
476,To Kill a Mockingbird,Harper Lee,1960,Character_476,"Character_476 is described as loving, visionary, reflecting Black non-binary identity.",Non-binary,Black,Middle,"loving, visionary",[768-dim vector],Black_Non-binary_Middle,0.66,1
477,White Noise,Don DeLillo,1985,Character_477,"Character_477 is described as devoted, hopeful, reflecting Indigenous male identity.",Male,Indigenous,Upper,"devoted, hopeful",[768-dim vector],Indigenous_Male_Upper,0.41,1
478,The Great Gatsby,F. Scott Fitzgerald,1925,Character_478,"Character_478 is described as devoted, oppressed, reflecting Mixed unknown identity.",Unknown,Mixed,Unknown,"devoted, oppressed",[768-dim vector],Mixed_Unknown_Unknown,0.55,1
479,To Kill a Mockingbird,Harper Lee,1960,Character_479,"Character_479 is described as devoted, defiant, reflecting Unknown unknown identity.",Unknown,Unknown,Enslaved/Servant,"devoted, defiant",[768-dim vector],Unknown_Unknown_Enslaved/Servant,0.61,0
480,Moby-Dick,Herman Melville,1851,Character_480,"Character_480 is described as loyal, resilient, reflecting Black male identity.",Male,Black,Working,"loyal, resilient",[768-dim vector],Black_Male_Working,0.4,1
481,The Great Gatsby,F. Scott Fitzgerald,1925,Character_481,"Character_481 is described as devoted, tragic, reflecting Black non-binary identity.",Non-binary,Black,Enslaved/Servant,"devoted, tragic",[768-dim vector],Black_Non-binary_Enslaved/Servant,0.35,1
482,Moby-Dick,Herman Melville,1851,Character_482,"Character_482 is described as caring, loyal, reflecting Indigenous male identity.",Male,Indigenous,Unknown,"caring, loyal",[768-dim vector],Indigenous_Male_Unknown,0.45,1
483,To Kill a Mockingbird,Harper Lee,1960,Character_483,"Character_483 is described as noble, independent, reflecting Asian female identity.",Female,Asian,Upper,"noble, independent",[768-dim vector],Asian_Female_Upper,0.47,1
484,The Scarlet Letter,Nathaniel Hawthorne,1850,Character_484,"Character_484 is described as submissive, visionary, reflecting Indigenous unknown identity.",Unknown,Indigenous,Working,"submissive, visionary",[768-dim vector],Indigenous_Unknown_Working,0.73,0
485,Moby-Dick,Herman Melville,1851,Character_485,"Character_485 is described as caring, oppressed, reflecting Black female identity.",Female,Black,Unknown,"caring, oppressed",[768-dim vector],Black_Female_Unknown,0.64,1
486,Adventures of Huckleberry Finn,Mark Twain,1884,Character_486,"Character_486 is described as loyal, caring, reflecting Black female identity.",Female,Black,Middle,"loyal, caring",[768-dim vector],Black_Female_Middle,0.7,1
487,Song of Solomon,Toni Morrison,1977,Character_487,"Character_487 is described as defiant, loving, reflecting Mixed non-binary identity.",Non-binary,Mixed,Unknown,"defiant, loving",[768-dim vector],Mixed_Non-binary_Unknown,0.74,0
488,Their Eyes Were Watching God,Zora Neale Hurston,1937,Character_488,"Character_488 is described as tragic, rebellious, reflecting Mixed non-binary identity.",Non-binary,Mixed,Working,"tragic, rebellious",[768-dim vector],Mixed_Non-binary_Working,0.32,0
489,Adventures of Huckleberry Finn,Mark Twain,1884,Character_489,"Character_489 is described as hopeful, heroic, reflecting White unknown identity.",Unknown,White,Working,"hopeful, heroic",[768-dim vector],White_Unknown_Working,0.66,0
490,The Great Gatsby,F. Scott Fitzgerald,1925,Character_490,"Character_490 is described as noble, strong, reflecting Unknown female identity.",Female,Unknown,Working,"noble, strong",[768-dim vector],Unknown_Female_Working,0.6,1
491,To Kill a Mockingbird,Harper Lee,1960,Character_491,"Character_491 is described as oppressed, strong, reflecting Mixed female identity.",Female,Mixed,Working,"oppressed, strong",[768-dim vector],Mixed_Female_Working,0.5,1
492,To Kill a Mockingbird,Harper Lee,1960,Character_492,"Character_492 is described as strong, tragic, reflecting Unknown male identity.",Male,Unknown,Upper,"strong, tragic",[768-dim vector],Unknown_Male_Upper,0.36,0
493,Their Eyes Were Watching God,Zora Neale Hurston,1937,Character_493,"Character_493 is described as loving, brave, reflecting Asian non-binary identity.",Non-binary,Asian,Enslaved/Servant,"loving, brave",[768-dim vector],Asian_Non-binary_Enslaved/Servant,0.74,1
494,Moby-Dick,Herman Melville,1851,Character_494,"Character_494 is described as submissive, strong, reflecting Unknown unknown identity.",Unknown,Unknown,Working,"submissive, strong",[768-dim vector],Unknown_Unknown_Working,0.71,1
495,The Great Gatsby,F. Scott Fitzgerald,1925,Character_495,"Character_495 is described as resilient, loving, reflecting Black unknown identity.",Unknown,Black,Enslaved/Servant,"resilient, loving",[768-dim vector],Black_Unknown_Enslaved/Servant,0.45,1
496,Their Eyes Were Watching God,Zora Neale Hurston,1937,Character_496,"Character_496 is described as hopeful, devoted, reflecting Mixed non-binary identity.",Non-binary,Mixed,Unknown,"hopeful, devoted",[768-dim vector],Mixed_Non-binary_Unknown,0.78,1
497,Beloved,Toni Morrison,1987,Character_497,"Character_497 is described as visionary, brave, reflecting White male identity.",Male,White,Upper,"visionary, brave",[768-dim vector],White_Male_Upper,0.46,1
498,Moby-Dick,Herman Melville,1851,Character_498,"Character_498 is described as brave, oppressed, reflecting Asian female identity.",Female,Asian,Enslaved/Servant,"brave, oppressed",[768-dim vector],Asian_Female_Enslaved/Servant,0.52,0
499,The Great Gatsby,F. Scott Fitzgerald,1925,Character_499,"Character_499 is described as defiant, resilient, reflecting Unknown female identity.",Female,Unknown,Working,"defiant, resilient",[768-dim vector],Unknown_Female_Working,0.85,0
500,Moby-Dick,Herman Melville,1851,Character_500,"Character_500 is described as caring, defiant, reflecting Indigenous non-binary identity.",Non-binary,Indigenous,Upper,"caring, defiant",[768-dim vector],Indigenous_Non-binary_Upper,0.87,1
501,The Scarlet Letter,Nathaniel Hawthorne,1850,Character_501,"Character_501 is described as noble, oppressed, reflecting Unknown unknown identity.",Unknown,Unknown,Working,"noble, oppressed",[768-dim vector],Unknown_Unknown_Working,0.41,1
502,Moby-Dick,Herman Melville,1851,Character_502,"Character_502 is described as devoted, submissive, reflecting White male identity.",Male,White,Middle,"devoted, submissive",[768-dim vector],White_Male_Middle,0.82,1
503,Adventures of Huckleberry Finn,Mark Twain,1884,Character_503,"Character_503 is described as brave, heroic, reflecting Mixed female identity.",Female,Mixed,Enslaved/Servant,"brave, heroic",[768-dim vector],Mixed_Female_Enslaved/Servant,0.78,1
504,Beloved,Toni Morrison,1987,Character_504,"Character_504 is described as devoted, submissive, reflecting Asian male identity.",Male,Asian,Middle,"devoted, submissive",[768-dim vector],Asian_Male_Middle,0.72,1
505,The Great Gatsby,F. Scott Fitzgerald,1925,Character_505,"Character_505 is described as rebellious, loving, reflecting White unknown identity.",Unknown,White,Upper,"rebellious, loving",[768-dim vector],White_Unknown_Upper,0.45,1
506,Beloved,Toni Morrison,1987,Character_506,"Character_506 is described as hopeful, heroic, reflecting Black non-binary identity.",Non-binary,Black,Enslaved/Servant,"hopeful, heroic",[768-dim vector],Black_Non-binary_Enslaved/Servant,0.43,1
507,Moby-Dick,Herman Melville,1851,Character_507,"Character_507 is described as visionary, caring, reflecting Mixed male identity.",Male,Mixed,Middle,"visionary, caring",[768-dim vector],Mixed_Male_Middle,0.87,0
508,The Great Gatsby,F. Scott Fitzgerald,1925,Character_508,"Character_508 is described as visionary, fearless, reflecting Asian female identity.",Female,Asian,Unknown,"visionary, fearless",[768-dim vector],Asian_Female_Unknown,0.72,1
509,Moby-Dick,Herman Melville,1851,Character_509,"Character_509 is described as strong, caring, reflecting Black male identity.",Male,Black,Upper,"strong, caring",[768-dim vector],Black_Male_Upper,0.41,1
510,Invisible Man,Ralph Ellison,1952,Character_510,"Character_510 is described as resilient, submissive, reflecting Black non-binary identity.",Non-binary,Black,Middle,"resilient, submissive",[768-dim vector],Black_Non-binary_Middle,0.85,0
511,The Great Gatsby,F. Scott Fitzgerald,1925,Character_511,"Character_511 is described as independent, fearless, reflecting Unknown non-binary identity.",Non-binary,Unknown,Upper,"independent, fearless",[768-dim vector],Unknown_Non-binary_Upper,0.72,0
512,Song of Solomon,Toni Morrison,1977,Character_512,"Character_512 is described as independent, loyal, reflecting Unknown female identity.",Female,Unknown,Enslaved/Servant,"independent, loyal",[768-dim vector],Unknown_Female_Enslaved/Servant,0.85,1
513,The Great Gatsby,F. Scott Fitzgerald,1925,Character_513,"Character_513 is described as noble, devoted, reflecting Asian unknown identity.",Unknown,Asian,Upper,"noble, devoted",[768-dim vector],Asian_Unknown_Upper,0.87,1
514,White Noise,Don DeLillo,1985,Character_514,"Character_514 is described as caring, loving, reflecting Mixed male identity.",Male,Mixed,Upper,"caring, loving",[768-dim vector],Mixed_Male_Upper,0.82,1
515,Adventures of Huckleberry Finn,Mark Twain,1884,Character_515,"Character_515 is described as caring, defiant, reflecting Mixed unknown identity.",Unknown,Mixed,Enslaved/Servant,"caring, defiant",[768-dim vector],Mixed_Unknown_Enslaved/Servant,0.49,1
516,To Kill a Mockingbird,Harper Lee,1960,Character_516,"Character_516 is described as submissive, brave, reflecting White male identity.",Male,White,Unknown,"submissive, brave",[768-dim vector],White_Male_Unknown,0.32,1
517,Their Eyes Were Watching God,Zora Neale Hurston,1937,Character_517,"Character_517 is described as strong, tragic, reflecting White female identity.",Female,White,Upper,"strong, tragic",[768-dim vector],White_Female_Upper,0.44,0
518,Their Eyes Were Watching God,Zora Neale Hurston,1937,Character_518,"Character_518 is described as submissive, hopeful, reflecting Asian unknown identity.",Unknown,Asian,Enslaved/Servant,"submissive, hopeful",[768-dim vector],Asian_Unknown_Enslaved/Servant,0.35,1
519,Their Eyes Were Watching God,Zora Neale Hurston,1937,Character_519,"Character_519 is described as tragic, fearless, reflecting Indigenous male identity.",Male,Indigenous,Upper,"tragic, fearless",[768-dim vector],Indigenous_Male_Upper,0.5,1
520,Adventures of Huckleberry Finn,Mark Twain,1884,Character_520,"Character_520 is described as submissive, independent, reflecting Asian non-binary identity.",Non-binary,Asian,Unknown,"submissive, independent",[768-dim vector],Asian_Non-binary_Unknown,0.34,1
521,Invisible Man,Ralph Ellison,1952,Character_521,"Character_521 is described as submissive, oppressed, reflecting White female identity.",Female,White,Middle,"submissive, oppressed",[768-dim vector],White_Female_Middle,0.62,1
522,Moby-Dick,Herman Melville,1851,Character_522,"Character_522 is described as loyal, independent, reflecting Mixed unknown identity.",Unknown,Mixed,Unknown,"loyal, independent",[768-dim vector],Mixed_Unknown_Unknown,0.49,1
523,Adventures of Huckleberry Finn,Mark Twain,1884,Character_523,"Character_523 is described as brave, defiant, reflecting White male identity.",Male,White,Middle,"brave, defiant",[768-dim vector],White_Male_Middle,0.83,1
524,To Kill a Mockingbird,Harper Lee,1960,Character_524,"Character_524 is described as resilient, defiant, reflecting Mixed non-binary identity.",Non-binary,Mixed,Unknown,"resilient, defiant",[768-dim vector],Mixed_Non-binary_Unknown,0.44,0
525,Beloved,Toni Morrison,1987,Character_525,"Character_525 is described as rebellious, brave, reflecting Unknown female identity.",Female,Unknown,Working,"rebellious, brave",[768-dim vector],Unknown_Female_Working,0.82,0
526,Beloved,Toni Morrison,1987,Character_526,"Character_526 is described as submissive, resilient, reflecting Indigenous unknown identity.",Unknown,Indigenous,Unknown,"submissive, resilient",[768-dim vector],Indigenous_Unknown_Unknown,0.82,1
527,White Noise,Don DeLillo,1985,Character_527,"Character_527 is described as tragic, caring, reflecting Asian male identity.",Male,Asian,Enslaved/Servant,"tragic, caring",[768-dim vector],Asian_Male_Enslaved/Servant,0.86,1
528,The Scarlet Letter,Nathaniel Hawthorne,1850,Character_528,"Character_528 is described as caring, defiant, reflecting Mixed unknown identity.",Unknown,Mixed,Middle,"caring, defiant",[768-dim vector],Mixed_Unknown_Middle,0.9,1
529,Their Eyes Were Watching God,Zora Neale Hurston,1937,Character_529,"Character_529 is described as noble, tragic, reflecting Mixed male identity.",Male,Mixed,Upper,"noble, tragic",[768-dim vector],Mixed_Male_Upper,0.76,1
530,The Scarlet Letter,Nathaniel Hawthorne,1850,Character_530,"Character_530 is described as loyal, devoted, reflecting White male identity.",Male,White,Middle,"loyal, devoted",[768-dim vector],White_Male_Middle,0.59,1
531,Beloved,Toni Morrison,1987,Character_531,"Character_531 is described as loyal, oppressed, reflecting Black unknown identity.",Unknown,Black,Middle,"loyal, oppressed",[768-dim vector],Black_Unknown_Middle,0.82,1
532,The Great Gatsby,F. Scott Fitzgerald,1925,Character_532,"Character_532 is described as loving, resilient, reflecting Black non-binary identity.",Non-binary,Black,Enslaved/Servant,"loving, resilient",[768-dim vector],Black_Non-binary_Enslaved/Servant,0.76,1
533,Moby-Dick,Herman Melville,1851,Character_533,"Character_533 is described as loyal, defiant, reflecting White non-binary identity.",Non-binary,White,Unknown,"loyal, defiant",[768-dim vector],White_Non-binary_Unknown,0.55,1
534,The Great Gatsby,F. Scott Fitzgerald,1925,Character_534,"Character_534 is described as visionary, independent, reflecting Asian male identity.",Male,Asian,Upper,"visionary, independent",[768-dim vector],Asian_Male_Upper,0.44,0
535,Their Eyes Were Watching God,Zora Neale Hurston,1937,Character_535,"Character_535 is described as visionary, brave, reflecting White non-binary identity.",Non-binary,White,Unknown,"visionary, brave",[768-dim vector],White_Non-binary_Unknown,0.51,0
536,Beloved,Toni Morrison,1987,Character_536,"Character_536 is described as independent, noble, reflecting Indigenous female identity.",Female,Indigenous,Unknown,"independent, noble",[768-dim vector],Indigenous_Female_Unknown,0.48,0
537,To Kill a Mockingbird,Harper Lee,1960,Character_537,"Character_537 is described as fearless, noble, reflecting Mixed non-binary identity.",Non-binary,Mixed,Enslaved/Servant,"fearless, noble",[768-dim vector],Mixed_Non-binary_Enslaved/Servant,0.33,0
538,Adventures of Huckleberry Finn,Mark Twain,1884,Character_538,"Character_538 is described as noble, caring, reflecting Asian male identity.",Male,Asian,Upper,"noble, caring",[768-dim vector],Asian_Male_Upper,0.89,1
539,The Scarlet Letter,Nathaniel Hawthorne,1850,Character_539,"Character_539 is described as independent, rebellious, reflecting White non-binary identity.",Non-binary,White,Enslaved/Servant,"independent, rebellious",[768-dim vector],White_Non-binary_Enslaved/Servant,0.53,1
540,The Great Gatsby,F. Scott Fitzgerald,1925,Character_540,"Character_540 is described as loyal, hopeful, reflecting Asian female identity.",Female,Asian,Enslaved/Servant,"loyal, hopeful",[768-dim vector],Asian_Female_Enslaved/Servant,0.43,1
541,Their Eyes Were Watching God,Zora Neale Hurston,1937,Character_541,"Character_541 is described as tragic, oppressed, reflecting White male identity.",Male,White,Middle,"tragic, oppressed",[768-dim vector],White_Male_Middle,0.77,0
542,Beloved,Toni Morrison,1987,Character_542,"Character_542 is described as rebellious, tragic, reflecting Unknown unknown identity.",Unknown,Unknown,Upper,"rebellious, tragic",[768-dim vector],Unknown_Unknown_Upper,0.55,1
543,Adventures of Huckleberry Finn,Mark Twain,1884,Character_543,"Character_543 is described as loyal, oppressed, reflecting White unknown identity.",Unknown,White,Unknown,"loyal, oppressed",[768-dim vector],White_Unknown_Unknown,0.87,1
544,Adventures of Huckleberry Finn,Mark Twain,1884,Character_544,"Character_544 is described as loving, strong, reflecting Indigenous female identity.",Female,Indigenous,Working,"loving, strong",[768-dim vector],Indigenous_Female_Working,0.67,0
545,Beloved,Toni Morrison,1987,Character_545,"Character_545 is described as noble, submissive, reflecting Asian non-binary identity.",Non-binary,Asian,Working,"noble, submissive",[768-dim vector],Asian_Non-binary_Working,0.89,0
546,The Great Gatsby,F. Scott Fitzgerald,1925,Character_546,"Character_546 is described as hopeful, rebellious, reflecting Mixed female identity.",Female,Mixed,Upper,"hopeful, rebellious",[768-dim vector],Mixed_Female_Upper,0.87,1
547,Adventures of Huckleberry Finn,Mark Twain,1884,Character_547,"Character_547 is described as oppressed, rebellious, reflecting Asian unknown identity.",Unknown,Asian,Working,"oppressed, rebellious",[768-dim vector],Asian_Unknown_Working,0.66,1
548,Song of Solomon,Toni Morrison,1977,Character_548,"Character_548 is described as independent, visionary, reflecting Black non-binary identity.",Non-binary,Black,Enslaved/Servant,"independent, visionary",[768-dim vector],Black_Non-binary_Enslaved/Servant,0.44,0
549,Their Eyes Were Watching God,Zora Neale Hurston,1937,Character_549,"Character_549 is described as independent, loyal, reflecting White male identity.",Male,White,Middle,"independent, loyal",[768-dim vector],White_Male_Middle,0.43,0
550,The Great Gatsby,F. Scott Fitzgerald,1925,Character_550,"Character_550 is described as noble, caring, reflecting Black non-binary identity.",Non-binary,Black,Upper,"noble, caring",[768-dim vector],Black_Non-binary_Upper,0.77,1
551,Invisible Man,Ralph Ellison,1952,Character_551,"Character_551 is described as resilient, defiant, reflecting Unknown male identity.",Male,Unknown,Working,"resilient, defiant",[768-dim vector],Unknown_Male_Working,0.33,1
552,The Scarlet Letter,Nathaniel Hawthorne,1850,Character_552,"Character_552 is described as heroic, noble, reflecting Asian unknown identity.",Unknown,Asian,Unknown,"heroic, noble",[768-dim vector],Asian_Unknown_Unknown,0.83,1
553,Moby-Dick,Herman Melville,1851,Character_553,"Character_553 is described as rebellious, brave, reflecting White unknown identity.",Unknown,White,Middle,"rebellious, brave",[768-dim vector],White_Unknown_Middle,0.9,0
554,The Scarlet Letter,Nathaniel Hawthorne,1850,Character_554,"Character_554 is described as strong, caring, reflecting Black female identity.",Female,Black,Middle,"strong, caring",[768-dim vector],Black_Female_Middle,0.54,1
555,Moby-Dick,Herman Melville,1851,Character_555,"Character_555 is described as submissive, fearless, reflecting White non-binary identity.",Non-binary,White,Upper,"submissive, fearless",[768-dim vector],White_Non-binary_Upper,0.72,0
556,To Kill a Mockingbird,Harper Lee,1960,Character_556,"Character_556 is described as rebellious, loyal, reflecting White female identity.",Female,White,Working,"rebellious, loyal",[768-dim vector],White_Female_Working,0.79,0
557,To Kill a Mockingbird,Harper Lee,1960,Character_557,"Character_557 is described as oppressed, strong, reflecting Black male identity.",Male,Black,Unknown,"oppressed, strong",[768-dim vector],Black_Male_Unknown,0.43,1
558,To Kill a Mockingbird,Harper Lee,1960,Character_558,"Character_558 is described as defiant, caring, reflecting Asian male identity.",Male,Asian,Enslaved/Servant,"defiant, caring",[768-dim vector],Asian_Male_Enslaved/Servant,0.66,1
559,The Great Gatsby,F. Scott Fitzgerald,1925,Character_559,"Character_559 is described as visionary, hopeful, reflecting Indigenous female identity.",Female,Indigenous,Working,"visionary, hopeful",[768-dim vector],Indigenous_Female_Working,0.35,1
560,The Scarlet Letter,Nathaniel Hawthorne,1850,Character_560,"Character_560 is described as devoted, oppressed, reflecting Unknown female identity.",Female,Unknown,Working,"devoted, oppressed",[768-dim vector],Unknown_Female_Working,0.46,0
561,Song of Solomon,Toni Morrison,1977,Character_561,"Character_561 is described as resilient, strong, reflecting White unknown identity.",Unknown,White,Upper,"resilient, strong",[768-dim vector],White_Unknown_Upper,0.83,1
562,Adventures of Huckleberry Finn,Mark Twain,1884,Character_562,"Character_562 is described as noble, brave, reflecting Black unknown identity.",Unknown,Black,Unknown,"noble, brave",[768-dim vector],Black_Unknown_Unknown,0.82,1
563,Invisible Man,Ralph Ellison,1952,Character_563,"Character_563 is described as devoted, caring, reflecting Asian non-binary identity.",Non-binary,Asian,Unknown,"devoted, caring",[768-dim vector],Asian_Non-binary_Unknown,0.69,1
564,White Noise,Don DeLillo,1985,Character_564,"Character_564 is described as defiant, brave, reflecting Asian non-binary identity.",Non-binary,Asian,Working,"defiant, brave",[768-dim vector],Asian_Non-binary_Working,0.35,1
565,Beloved,Toni Morrison,1987,Character_565,"Character_565 is described as loyal, devoted, reflecting White female identity.",Female,White,Working,"loyal, devoted",[768-dim vector],White_Female_Working,0.52,0
566,Song of Solomon,Toni Morrison,1977,Character_566,"Character_566 is described as defiant, rebellious, reflecting Mixed non-binary identity.",Non-binary,Mixed,Middle,"defiant, rebellious",[768-dim vector],Mixed_Non-binary_Middle,0.73,1
567,The Great Gatsby,F. Scott Fitzgerald,1925,Character_567,"Character_567 is described as loyal, noble, reflecting Indigenous female identity.",Female,Indigenous,Unknown,"loyal, noble",[768-dim vector],Indigenous_Female_Unknown,0.35,0
568,White Noise,Don DeLillo,1985,Character_568,"Character_568 is described as defiant, noble, reflecting Indigenous unknown identity.",Unknown,Indigenous,Middle,"defiant, noble",[768-dim vector],Indigenous_Unknown_Middle,0.71,0
569,White Noise,Don DeLillo,1985,Character_569,"Character_569 is described as brave, caring, reflecting Unknown non-binary identity.",Non-binary,Unknown,Working,"brave, caring",[768-dim vector],Unknown_Non-binary_Working,0.81,1
570,White Noise,Don DeLillo,1985,Character_570,"Character_570 is described as devoted, independent, reflecting Mixed female identity.",Female,Mixed,Middle,"devoted, independent",[768-dim vector],Mixed_Female_Middle,0.59,1
571,Adventures of Huckleberry Finn,Mark Twain,1884,Character_571,"Character_571 is described as loyal, noble, reflecting White unknown identity.",Unknown,White,Upper,"loyal, noble",[768-dim vector],White_Unknown_Upper,0.79,1
572,White Noise,Don DeLillo,1985,Character_572,"Character_572 is described as devoted, brave, reflecting White female identity.",Female,White,Unknown,"devoted, brave",[768-dim vector],White_Female_Unknown,0.71,1
573,Beloved,Toni Morrison,1987,Character_573,"Character_573 is described as defiant, loving, reflecting Black female identity.",Female,Black,Working,"defiant, loving",[768-dim vector],Black_Female_Working,0.46,1
574,The Scarlet Letter,Nathaniel Hawthorne,1850,Character_574,"Character_574 is described as hopeful, rebellious, reflecting Black male identity.",Male,Black,Unknown,"hopeful, rebellious",[768-dim vector],Black_Male_Unknown,0.78,1
575,Song of Solomon,Toni Morrison,1977,Character_575,"Character_575 is described as strong, rebellious, reflecting White non-binary identity.",Non-binary,White,Working,"strong, rebellious",[768-dim vector],White_Non-binary_Working,0.81,1
576,Beloved,Toni Morrison,1987,Character_576,"Character_576 is described as defiant, oppressed, reflecting Indigenous non-binary identity.",Non-binary,Indigenous,Middle,"defiant, oppressed",[768-dim vector],Indigenous_Non-binary_Middle,0.73,1
577,To Kill a Mockingbird,Harper Lee,1960,Character_577,"Character_577 is described as caring, noble, reflecting Black non-binary identity.",Non-binary,Black,Unknown,"caring, noble",[768-dim vector],Black_Non-binary_Unknown,0.72,1
578,White Noise,Don DeLillo,1985,Character_578,"Character_578 is described as independent, hopeful, reflecting Asian female identity.",Female,Asian,Working,"independent, hopeful",[768-dim vector],Asian_Female_Working,0.67,1
579,Adventures of Huckleberry Finn,Mark Twain,1884,Character_579,"Character_579 is described as strong, loyal, reflecting Unknown male identity.",Male,Unknown,Unknown,"strong, loyal",[768-dim vector],Unknown_Male_Unknown,0.4,1
580,Adventures of Huckleberry Finn,Mark Twain,1884,Character_580,"Character_580 is described as rebellious, devoted, reflecting Mixed non-binary identity.",Non-binary,Mixed,Middle,"rebellious, devoted",[768-dim vector],Mixed_Non-binary_Middle,0.82,0
581,Adventures of Huckleberry Finn,Mark Twain,1884,Character_581,"Character_581 is described as noble, caring, reflecting Unknown non-binary identity.",Non-binary,Unknown,Upper,"noble, caring",[768-dim vector],Unknown_Non-binary_Upper,0.8,0
582,Beloved,Toni Morrison,1987,Character_582,"Character_582 is described as loving, visionary, reflecting Unknown female identity.",Female,Unknown,Upper,"loving, visionary",[768-dim vector],Unknown_Female_Upper,0.5,1
583,The Scarlet Letter,Nathaniel Hawthorne,1850,Character_583,"Character_583 is described as submissive, caring, reflecting Black non-binary identity.",Non-binary,Black,Middle,"submissive, caring",[768-dim vector],Black_Non-binary_Middle,0.4,1
584,Their Eyes Were Watching God,Zora Neale Hurston,1937,Character_584,"Character_584 is described as loyal, strong, reflecting Unknown male identity.",Male,Unknown,Upper,"loyal, strong",[768-dim vector],Unknown_Male_Upper,0.8,1
585,To Kill a Mockingbird,Harper Lee,1960,Character_585,"Character_585 is described as devoted, strong, reflecting Black unknown identity.",Unknown,Black,Enslaved/Servant,"devoted, strong",[768-dim vector],Black_Unknown_Enslaved/Servant,0.3,0
586,Beloved,Toni Morrison,1987,Character_586,"Character_586 is described as noble, defiant, reflecting White unknown identity.",Unknown,White,Enslaved/Servant,"noble, defiant",[768-dim vector],White_Unknown_Enslaved/Servant,0.67,1
587,To Kill a Mockingbird,Harper Lee,1960,Character_587,"Character_587 is described as brave, loving, reflecting White male identity.",Male,White,Working,"brave, loving",[768-dim vector],White_Male_Working,0.68,0
588,Their Eyes Were Watching God,Zora Neale Hurston,1937,Character_588,"Character_588 is described as defiant, strong, reflecting White male identity.",Male,White,Working,"defiant, strong",[768-dim vector],White_Male_Working,0.68,1
589,Adventures of Huckleberry Finn,Mark Twain,1884,Character_589,"Character_589 is described as loving, devoted, reflecting Mixed male identity.",Male,Mixed,Upper,"loving, devoted",[768-dim vector],Mixed_Male_Upper,0.77,0
590,The Scarlet Letter,Nathaniel Hawthorne,1850,Character_590,"Character_590 is described as oppressed, defiant, reflecting Unknown unknown identity.",Unknown,Unknown,Middle,"oppressed, defiant",[768-dim vector],Unknown_Unknown_Middle,0.76,1
591,The Scarlet Letter,Nathaniel Hawthorne,1850,Character_591,"Character_591 is described as fearless, oppressed, reflecting Indigenous male identity.",Male,Indigenous,Middle,"fearless, oppressed",[768-dim vector],Indigenous_Male_Middle,0.88,1
592,Song of Solomon,Toni Morrison,1977,Character_592,"Character_592 is described as independent, noble, reflecting Unknown non-binary identity.",Non-binary,Unknown,Working,"independent, noble",[768-dim vector],Unknown_Non-binary_Working,0.68,1
593,Moby-Dick,Herman Melville,1851,Character_593,"Character_593 is described as heroic, devoted, reflecting Asian male identity.",Male,Asian,Unknown,"heroic, devoted",[768-dim vector],Asian_Male_Unknown,0.36,1
594,Adventures of Huckleberry Finn,Mark Twain,1884,Character_594,"Character_594 is described as oppressed, submissive, reflecting Indigenous male identity.",Male,Indigenous,Upper,"oppressed, submissive",[768-dim vector],Indigenous_Male_Upper,0.71,0
595,Their Eyes Were Watching God,Zora Neale Hurston,1937,Character_595,"Character_595 is described as brave, fearless, reflecting Black unknown identity.",Unknown,Black,Upper,"brave, fearless",[768-dim vector],Black_Unknown_Upper,0.48,1
596,Adventures of Huckleberry Finn,Mark Twain,1884,Character_596,"Character_596 is described as rebellious, independent, reflecting White non-binary identity.",Non-binary,White,Enslaved/Servant,"rebellious, independent",[768-dim vector],White_Non-binary_Enslaved/Servant,0.34,1
597,Invisible Man,Ralph Ellison,1952,Character_597,"Character_597 is described as submissive, strong, reflecting Asian unknown identity.",Unknown,Asian,Working,"submissive, strong",[768-dim vector],Asian_Unknown_Working,0.51,1
598,Adventures of Huckleberry Finn,Mark Twain,1884,Character_598,"Character_598 is described as defiant, visionary, reflecting Asian non-binary identity.",Non-binary,Asian,Working,"defiant, visionary",[768-dim vector],Asian_Non-binary_Working,0.33,1
599,The Scarlet Letter,Nathaniel Hawthorne,1850,Character_599,"Character_599 is described as resilient, noble, reflecting Asian non-binary identity.",Non-binary,Asian,Enslaved/Servant,"resilient, noble",[768-dim vector],Asian_Non-binary_Enslaved/Servant,0.88,1
600,Their Eyes Were Watching God,Zora Neale Hurston,1937,Character_600,"Character_600 is described as submissive, caring, reflecting Black male identity.",Male,Black,Upper,"submissive, caring",[768-dim vector],Black_Male_Upper,0.75,0
601,Song of Solomon,Toni Morrison,1977,Character_601,"Character_601 is described as heroic, loyal, reflecting Mixed unknown identity.",Unknown,Mixed,Middle,"heroic, loyal",[768-dim vector],Mixed_Unknown_Middle,0.75,0
602,Invisible Man,Ralph Ellison,1952,Character_602,"Character_602 is described as noble, devoted, reflecting Mixed unknown identity.",Unknown,Mixed,Enslaved/Servant,"noble, devoted",[768-dim vector],Mixed_Unknown_Enslaved/Servant,0.31,1
603,Their Eyes Were Watching God,Zora Neale Hurston,1937,Character_603,"Character_603 is described as tragic, heroic, reflecting Asian male identity.",Male,Asian,Upper,"tragic, heroic",[768-dim vector],Asian_Male_Upper,0.59,1
604,White Noise,Don DeLillo,1985,Character_604,"Character_604 is described as defiant, heroic, reflecting White female identity.",Female,White,Enslaved/Servant,"defiant, heroic",[768-dim vector],White_Female_Enslaved/Servant,0.71,1
605,The Great Gatsby,F. Scott Fitzgerald,1925,Character_605,"Character_605 is described as oppressed, submissive, reflecting Black female identity.",Female,Black,Upper,"oppressed, submissive",[768-dim vector],Black_Female_Upper,0.46,1
606,Invisible Man,Ralph Ellison,1952,Character_606,"Character_606 is described as resilient, loving, reflecting Unknown female identity.",Female,Unknown,Middle,"resilient, loving",[768-dim vector],Unknown_Female_Middle,0.56,1
607,Moby-Dick,Herman Melville,1851,Character_607,"Character_607 is described as strong, loving, reflecting Asian male identity.",Male,Asian,Unknown,"strong, loving",[768-dim vector],Asian_Male_Unknown,0.4,1
608,Their Eyes Were Watching God,Zora Neale Hurston,1937,Character_608,"Character_608 is described as tragic, oppressed, reflecting White unknown identity.",Unknown,White,Unknown,"tragic, oppressed",[768-dim vector],White_Unknown_Unknown,0.72,0
609,Moby-Dick,Herman Melville,1851,Character_609,"Character_609 is described as rebellious, heroic, reflecting Black unknown identity.",Unknown,Black,Middle,"rebellious, heroic",[768-dim vector],Black_Unknown_Middle,0.35,1
610,White Noise,Don DeLillo,1985,Character_610,"Character_610 is described as caring, oppressed, reflecting Indigenous male identity.",Male,Indigenous,Unknown,"caring, oppressed",[768-dim vector],Indigenous_Male_Unknown,0.69,0
611,Their Eyes Were Watching God,Zora Neale Hurston,1937,Character_611,"Character_611 is described as devoted, loyal, reflecting Unknown unknown identity.",Unknown,Unknown,Enslaved/Servant,"devoted, loyal",[768-dim vector],Unknown_Unknown_Enslaved/Servant,0.87,0
612,Adventures of Huckleberry Finn,Mark Twain,1884,Character_612,"Character_612 is described as strong, loyal, reflecting Asian non-binary identity.",Non-binary,Asian,Middle,"strong, loyal",[768-dim vector],Asian_Non-binary_Middle,0.56,1
613,Invisible Man,Ralph Ellison,1952,Character_613,"Character_613 is described as loyal, devoted, reflecting Unknown non-binary identity.",Non-binary,Unknown,Middle,"loyal, devoted",[768-dim vector],Unknown_Non-binary_Middle,0.55,1
614,Their Eyes Were Watching God,Zora Neale Hurston,1937,Character_614,"Character_614 is described as independent, heroic, reflecting White non-binary identity.",Non-binary,White,Working,"independent, heroic",[768-dim vector],White_Non-binary_Working,0.54,0
615,Their Eyes Were Watching God,Zora Neale Hurston,1937,Character_615,"Character_615 is described as noble, hopeful, reflecting Unknown unknown identity.",Unknown,Unknown,Upper,"noble, hopeful",[768-dim vector],Unknown_Unknown_Upper,0.89,1
616,Their Eyes Were Watching God,Zora Neale Hurston,1937,Character_616,"Character_616 is described as oppressed, submissive, reflecting Indigenous unknown identity.",Unknown,Indigenous,Working,"oppressed, submissive",[768-dim vector],Indigenous_Unknown_Working,0.84,0
617,The Great Gatsby,F. Scott Fitzgerald,1925,Character_617,"Character_617 is described as devoted, tragic, reflecting Black unknown identity.",Unknown,Black,Enslaved/Servant,"devoted, tragic",[768-dim vector],Black_Unknown_Enslaved/Servant,0.43,0
618,Beloved,Toni Morrison,1987,Character_618,"Character_618 is described as submissive, independent, reflecting Mixed male identity.",Male,Mixed,Middle,"submissive, independent",[768-dim vector],Mixed_Male_Middle,0.69,1
619,Song of Solomon,Toni Morrison,1977,Character_619,"Character_619 is described as brave, defiant, reflecting Black unknown identity.",Unknown,Black,Unknown,"brave, defiant",[768-dim vector],Black_Unknown_Unknown,0.82,1
620,The Great Gatsby,F. Scott Fitzgerald,1925,Character_620,"Character_620 is described as loyal, visionary, reflecting White female identity.",Female,White,Middle,"loyal, visionary",[768-dim vector],White_Female_Middle,0.88,0
621,The Scarlet Letter,Nathaniel Hawthorne,1850,Character_621,"Character_621 is described as resilient, caring, reflecting Unknown non-binary identity.",Non-binary,Unknown,Middle,"resilient, caring",[768-dim vector],Unknown_Non-binary_Middle,0.82,1
622,To Kill a Mockingbird,Harper Lee,1960,Character_622,"Character_622 is described as brave, noble, reflecting Unknown unknown identity.",Unknown,Unknown,Upper,"brave, noble",[768-dim vector],Unknown_Unknown_Upper,0.76,1
623,Beloved,Toni Morrison,1987,Character_623,"Character_623 is described as defiant, devoted, reflecting Mixed unknown identity.",Unknown,Mixed,Enslaved/Servant,"defiant, devoted",[768-dim vector],Mixed_Unknown_Enslaved/Servant,0.76,1
624,White Noise,Don DeLillo,1985,Character_624,"Character_624 is described as resilient, submissive, reflecting Indigenous non-binary identity.",Non-binary,Indigenous,Middle,"resilient, submissive",[768-dim vector],Indigenous_Non-binary_Middle,0.38,0
625,Their Eyes Were Watching God,Zora Neale Hurston,1937,Character_625,"Character_625 is described as defiant, fearless, reflecting Asian male identity.",Male,Asian,Upper,"defiant, fearless",[768-dim vector],Asian_Male_Upper,0.85,1
626,The Great Gatsby,F. Scott Fitzgerald,1925,Character_626,"Character_626 is described as resilient, oppressed, reflecting Unknown female identity.",Female,Unknown,Middle,"resilient, oppressed",[768-dim vector],Unknown_Female_Middle,0.78,1
627,Song of Solomon,Toni Morrison,1977,Character_627,"Character_627 is described as devoted, hopeful, reflecting Unknown male identity.",Male,Unknown,Upper,"devoted, hopeful",[768-dim vector],Unknown_Male_Upper,0.37,0
628,Adventures of Huckleberry Finn,Mark Twain,1884,Character_628,"Character_628 is described as independent, resilient, reflecting Black male identity.",Male,Black,Working,"independent, resilient",[768-dim vector],Black_Male_Working,0.71,1
629,Invisible Man,Ralph Ellison,1952,Character_629,"Character_629 is described as resilient, fearless, reflecting Indigenous unknown identity.",Unknown,Indigenous,Enslaved/Servant,"resilient, fearless",[768-dim vector],Indigenous_Unknown_Enslaved/Servant,0.42,1
630,To Kill a Mockingbird,Harper Lee,1960,Character_630,"Character_630 is described as strong, rebellious, reflecting Unknown non-binary identity.",Non-binary,Unknown,Unknown,"strong, rebellious",[768-dim vector],Unknown_Non-binary_Unknown,0.34,1
631,The Scarlet Letter,Nathaniel Hawthorne,1850,Character_631,"Character_631 is described as independent, heroic, reflecting Mixed non-binary identity.",Non-binary,Mixed,Unknown,"independent, heroic",[768-dim vector],Mixed_Non-binary_Unknown,0.46,1
632,Moby-Dick,Herman Melville,1851,Character_632,"Character_632 is described as resilient, loving, reflecting White unknown identity.",Unknown,White,Working,"resilient, loving",[768-dim vector],White_Unknown_Working,0.49,1
633,Their Eyes Were Watching God,Zora Neale Hurston,1937,Character_633,"Character_633 is described as fearless, hopeful, reflecting Unknown non-binary identity.",Non-binary,Unknown,Working,"fearless, hopeful",[768-dim vector],Unknown_Non-binary_Working,0.31,0
634,Song of Solomon,Toni Morrison,1977,Character_634,"Character_634 is described as strong, loving, reflecting White female identity.",Female,White,Unknown,"strong, loving",[768-dim vector],White_Female_Unknown,0.54,1
635,Adventures of Huckleberry Finn,Mark Twain,1884,Character_635,"Character_635 is described as independent, resilient, reflecting Unknown male identity.",Male,Unknown,Enslaved/Servant,"independent, resilient",[768-dim vector],Unknown_Male_Enslaved/Servant,0.66,0
636,Invisible Man,Ralph Ellison,1952,Character_636,"Character_636 is described as fearless, loving, reflecting Asian unknown identity.",Unknown,Asian,Upper,"fearless, loving",[768-dim vector],Asian_Unknown_Upper,0.72,1
637,The Great Gatsby,F. Scott Fitzgerald,1925,Character_637,"Character_637 is described as tragic, independent, reflecting Unknown unknown identity.",Unknown,Unknown,Working,"tragic, independent",[768-dim vector],Unknown_Unknown_Working,0.77,0
638,Adventures of Huckleberry Finn,Mark Twain,1884,Character_638,"Character_638 is described as devoted, hopeful, reflecting Indigenous female identity.",Female,Indigenous,Upper,"devoted, hopeful",[768-dim vector],Indigenous_Female_Upper,0.59,0
639,Their Eyes Were Watching God,Zora Neale Hurston,1937,Character_639,"Character_639 is described as submissive, noble, reflecting Unknown female identity.",Female,Unknown,Working,"submissive, noble",[768-dim vector],Unknown_Female_Working,0.45,1
640,Beloved,Toni Morrison,1987,Character_640,"Character_640 is described as oppressed, loving, reflecting Unknown female identity.",Female,Unknown,Working,"oppressed, loving",[768-dim vector],Unknown_Female_Working,0.39,1
641,Beloved,Toni Morrison,1987,Character_641,"Character_641 is described as visionary, rebellious, reflecting Mixed non-binary identity.",Non-binary,Mixed,Working,"visionary, rebellious",[768-dim vector],Mixed_Non-binary_Working,0.67,1
642,To Kill a Mockingbird,Harper Lee,1960,Character_642,"Character_642 is described as submissive, devoted, reflecting Unknown male identity.",Male,Unknown,Unknown,"submissive, devoted",[768-dim vector],Unknown_Male_Unknown,0.64,0
643,The Great Gatsby,F. Scott Fitzgerald,1925,Character_643,"Character_643 is described as tragic, independent, reflecting Unknown male identity.",Male,Unknown,Enslaved/Servant,"tragic, independent",[768-dim vector],Unknown_Male_Enslaved/Servant,0.5,1
644,Invisible Man,Ralph Ellison,1952,Character_644,"Character_644 is described as fearless, loving, reflecting Black male identity.",Male,Black,Middle,"fearless, loving",[768-dim vector],Black_Male_Middle,0.35,1
645,Invisible Man,Ralph Ellison,1952,Character_645,"Character_645 is described as defiant, submissive, reflecting Black unknown identity.",Unknown,Black,Working,"defiant, submissive",[768-dim vector],Black_Unknown_Working,0.32,0
646,To Kill a Mockingbird,Harper Lee,1960,Character_646,"Character_646 is described as loving, loyal, reflecting Unknown non-binary identity.",Non-binary,Unknown,Middle,"loving, loyal",[768-dim vector],Unknown_Non-binary_Middle,0.54,0
647,The Scarlet Letter,Nathaniel Hawthorne,1850,Character_647,"Character_647 is described as defiant, heroic, reflecting Indigenous unknown identity.",Unknown,Indigenous,Middle,"defiant, heroic",[768-dim vector],Indigenous_Unknown_Middle,0.64,1
648,To Kill a Mockingbird,Harper Lee,1960,Character_648,"Character_648 is described as oppressed, heroic, reflecting Black male identity.",Male,Black,Unknown,"oppressed, heroic",[768-dim vector],Black_Male_Unknown,0.78,0
649,Invisible Man,Ralph Ellison,1952,Character_649,"Character_649 is described as brave, loyal, reflecting Asian unknown identity.",Unknown,Asian,Enslaved/Servant,"brave, loyal",[768-dim vector],Asian_Unknown_Enslaved/Servant,0.4,0
650,Song of Solomon,Toni Morrison,1977,Character_650,"Character_650 is described as brave, loving, reflecting Unknown female identity.",Female,Unknown,Working,"brave, loving",[768-dim vector],Unknown_Female_Working,0.68,1
651,Song of Solomon,Toni Morrison,1977,Character_651,"Character_651 is described as noble, heroic, reflecting White female identity.",Female,White,Upper,"noble, heroic",[768-dim vector],White_Female_Upper,0.32,1
652,Beloved,Toni Morrison,1987,Character_652,"Character_652 is described as strong, tragic, reflecting Black non-binary identity.",Non-binary,Black,Upper,"strong, tragic",[768-dim vector],Black_Non-binary_Upper,0.33,1
653,White Noise,Don DeLillo,1985,Character_653,"Character_653 is described as loyal, independent, reflecting Black non-binary identity.",Non-binary,Black,Upper,"loyal, independent",[768-dim vector],Black_Non-binary_Upper,0.73,1
654,Their Eyes Were Watching God,Zora Neale Hurston,1937,Character_654,"Character_654 is described as tragic, loving, reflecting Unknown unknown identity.",Unknown,Unknown,Unknown,"tragic, loving",[768-dim vector],Unknown_Unknown_Unknown,0.73,1
655,Invisible Man,Ralph Ellison,1952,Character_655,"Character_655 is described as caring, fearless, reflecting Indigenous female identity.",Female,Indigenous,Enslaved/Servant,"caring, fearless",[768-dim vector],Indigenous_Female_Enslaved/Servant,0.5,1
656,Adventures of Huckleberry Finn,Mark Twain,1884,Character_656,"Character_656 is described as noble, hopeful, reflecting White unknown identity.",Unknown,White,Middle,"noble, hopeful",[768-dim vector],White_Unknown_Middle,0.35,1
657,The Great Gatsby,F. Scott Fitzgerald,1925,Character_657,"Character_657 is described as defiant, rebellious, reflecting Mixed male identity.",Male,Mixed,Unknown,"defiant, rebellious",[768-dim vector],Mixed_Male_Unknown,0.63,1
658,Beloved,Toni Morrison,1987,Character_658,"Character_658 is described as heroic, loyal, reflecting Asian male identity.",Male,Asian,Working,"heroic, loyal",[768-dim vector],Asian_Male_Working,0.57,1
659,White Noise,Don DeLillo,1985,Character_659,"Character_659 is described as brave, loyal, reflecting Unknown male identity.",Male,Unknown,Upper,"brave, loyal",[768-dim vector],Unknown_Male_Upper,0.62,1
660,Moby-Dick,Herman Melville,1851,Character_660,"Character_660 is described as rebellious, resilient, reflecting Asian unknown identity.",Unknown,Asian,Enslaved/Servant,"rebellious, resilient",[768-dim vector],Asian_Unknown_Enslaved/Servant,0.35,0
661,To Kill a Mockingbird,Harper Lee,1960,Character_661,"Character_661 is described as independent, oppressed, reflecting Black female identity.",Female,Black,Upper,"independent, oppressed",[768-dim vector],Black_Female_Upper,0.45,0
662,Moby-Dick,Herman Melville,1851,Character_662,"Character_662 is described as hopeful, oppressed, reflecting Mixed non-binary identity.",Non-binary,Mixed,Unknown,"hopeful, oppressed",[768-dim vector],Mixed_Non-binary_Unknown,0.82,0
663,Moby-Dick,Herman Melville,1851,Character_663,"Character_663 is described as rebellious, devoted, reflecting Indigenous male identity.",Male,Indigenous,Upper,"rebellious, devoted",[768-dim vector],Indigenous_Male_Upper,0.89,1
664,The Great Gatsby,F. Scott Fitzgerald,1925,Character_664,"Character_664 is described as fearless, caring, reflecting Indigenous female identity.",Female,Indigenous,Unknown,"fearless, caring",[768-dim vector],Indigenous_Female_Unknown,0.41,1
665,Invisible Man,Ralph Ellison,1952,Character_665,"Character_665 is described as heroic, devoted, reflecting Black non-binary identity.",Non-binary,Black,Upper,"heroic, devoted",[768-dim vector],Black_Non-binary_Upper,0.7,1
666,The Great Gatsby,F. Scott Fitzgerald,1925,Character_666,"Character_666 is described as brave, heroic, reflecting Indigenous unknown identity.",Unknown,Indigenous,Middle,"brave, heroic",[768-dim vector],Indigenous_Unknown_Middle,0.63,1
667,Moby-Dick,Herman Melville,1851,Character_667,"Character_667 is described as hopeful, submissive, reflecting Mixed male identity.",Male,Mixed,Enslaved/Servant,"hopeful, submissive",[768-dim vector],Mixed_Male_Enslaved/Servant,0.44,1
668,Song of Solomon,Toni Morrison,1977,Character_668,"Character_668 is described as resilient, noble, reflecting Unknown male identity.",Male,Unknown,Upper,"resilient, noble",[768-dim vector],Unknown_Male_Upper,0.88,1
669,To Kill a Mockingbird,Harper Lee,1960,Character_669,"Character_669 is described as loyal, rebellious, reflecting Indigenous non-binary identity.",Non-binary,Indigenous,Enslaved/Servant,"loyal, rebellious",[768-dim vector],Indigenous_Non-binary_Enslaved/Servant,0.42,1
670,Adventures of Huckleberry Finn,Mark Twain,1884,Character_670,"Character_670 is described as loving, oppressed, reflecting Indigenous male identity.",Male,Indigenous,Working,"loving, oppressed",[768-dim vector],Indigenous_Male_Working,0.34,0
671,Moby-Dick,Herman Melville,1851,Character_671,"Character_671 is described as hopeful, defiant, reflecting White male identity.",Male,White,Upper,"hopeful, defiant",[768-dim vector],White_Male_Upper,0.45,1
672,Beloved,Toni Morrison,1987,Character_672,"Character_672 is described as resilient, submissive, reflecting Asian non-binary identity.",Non-binary,Asian,Unknown,"resilient, submissive",[768-dim vector],Asian_Non-binary_Unknown,0.82,1
673,Beloved,Toni Morrison,1987,Character_673,"Character_673 is described as strong, heroic, reflecting Black non-binary identity.",Non-binary,Black,Upper,"strong, heroic",[768-dim vector],Black_Non-binary_Upper,0.75,1
674,To Kill a Mockingbird,Harper Lee,1960,Character_674,"Character_674 is described as oppressed, defiant, reflecting Asian non-binary identity.",Non-binary,Asian,Enslaved/Servant,"oppressed, defiant",[768-dim vector],Asian_Non-binary_Enslaved/Servant,0.51,1
675,Moby-Dick,Herman Melville,1851,Character_675,"Character_675 is described as defiant, rebellious, reflecting Unknown female identity.",Female,Unknown,Upper,"defiant, rebellious",[768-dim vector],Unknown_Female_Upper,0.89,0
676,Invisible Man,Ralph Ellison,1952,Character_676,"Character_676 is described as defiant, strong, reflecting Mixed unknown identity.",Unknown,Mixed,Enslaved/Servant,"defiant, strong",[768-dim vector],Mixed_Unknown_Enslaved/Servant,0.82,1
677,Beloved,Toni Morrison,1987,Character_677,"Character_677 is described as devoted, heroic, reflecting Unknown male identity.",Male,Unknown,Middle,"devoted, heroic",[768-dim vector],Unknown_Male_Middle,0.56,1
678,Moby-Dick,Herman Melville,1851,Character_678,"Character_678 is described as submissive, resilient, reflecting Asian unknown identity.",Unknown,Asian,Upper,"submissive, resilient",[768-dim vector],Asian_Unknown_Upper,0.59,1
679,Beloved,Toni Morrison,1987,Character_679,"Character_679 is described as noble, loving, reflecting Unknown male identity.",Male,Unknown,Unknown,"noble, loving",[768-dim vector],Unknown_Male_Unknown,0.84,1
680,Song of Solomon,Toni Morrison,1977,Character_680,"Character_680 is described as devoted, caring, reflecting Asian male identity.",Male,Asian,Middle,"devoted, caring",[768-dim vector],Asian_Male_Middle,0.47,1
681,Invisible Man,Ralph Ellison,1952,Character_681,"Character_681 is described as loyal, brave, reflecting Mixed female identity.",Female,Mixed,Unknown,"loyal, brave",[768-dim vector],Mixed_Female_Unknown,0.85,0
682,Adventures of Huckleberry Finn,Mark Twain,1884,Character_682,"Character_682 is described as submissive, devoted, reflecting Asian unknown identity.",Unknown,Asian,Middle,"submissive, devoted",[768-dim vector],Asian_Unknown_Middle,0.67,1
683,Beloved,Toni Morrison,1987,Character_683,"Character_683 is described as loyal, tragic, reflecting Indigenous female identity.",Female,Indigenous,Working,"loyal, tragic",[768-dim vector],Indigenous_Female_Working,0.74,0
684,The Great Gatsby,F. Scott Fitzgerald,1925,Character_684,"Character_684 is described as submissive, visionary, reflecting Asian unknown identity.",Unknown,Asian,Middle,"submissive, visionary",[768-dim vector],Asian_Unknown_Middle,0.73,1
685,To Kill a Mockingbird,Harper Lee,1960,Character_685,"Character_685 is described as visionary, loving, reflecting White unknown identity.",Unknown,White,Enslaved/Servant,"visionary, loving",[768-dim vector],White_Unknown_Enslaved/Servant,0.41,0
686,Moby-Dick,Herman Melville,1851,Character_686,"Character_686 is described as rebellious, strong, reflecting Unknown unknown identity.",Unknown,Unknown,Upper,"rebellious, strong",[768-dim vector],Unknown_Unknown_Upper,0.88,0
687,Invisible Man,Ralph Ellison,1952,Character_687,"Character_687 is described as brave, submissive, reflecting Mixed male identity.",Male,Mixed,Unknown,"brave, submissive",[768-dim vector],Mixed_Male_Unknown,0.81,1
688,White Noise,Don DeLillo,1985,Character_688,"Character_688 is described as fearless, visionary, reflecting Mixed non-binary identity.",Non-binary,Mixed,Unknown,"fearless, visionary",[768-dim vector],Mixed_Non-binary_Unknown,0.45,1
689,Beloved,Toni Morrison,1987,Character_689,"Character_689 is described as visionary, loving, reflecting White non-binary identity.",Non-binary,White,Middle,"visionary, loving",[768-dim vector],White_Non-binary_Middle,0.57,1
690,Song of Solomon,Toni Morrison,1977,Character_690,"Character_690 is described as visionary, rebellious, reflecting Unknown unknown identity.",Unknown,Unknown,Working,"visionary, rebellious",[768-dim vector],Unknown_Unknown_Working,0.52,1
691,Moby-Dick,Herman Melville,1851,Character_691,"Character_691 is described as caring, independent, reflecting White female identity.",Female,White,Working,"caring, independent",[768-dim vector],White_Female_Working,0.4,1
692,Song of Solomon,Toni Morrison,1977,Character_692,"Character_692 is described as loyal, defiant, reflecting Unknown non-binary identity.",Non-binary,Unknown,Upper,"loyal, defiant",[768-dim vector],Unknown_Non-binary_Upper,0.88,0
693,To Kill a Mockingbird,Harper Lee,1960,Character_693,"Character_693 is described as rebellious, resilient, reflecting Unknown female identity.",Female,Unknown,Enslaved/Servant,"rebellious, resilient",[768-dim vector],Unknown_Female_Enslaved/Servant,0.69,1
694,White Noise,Don DeLillo,1985,Character_694,"Character_694 is described as strong, fearless, reflecting Black female identity.",Female,Black,Upper,"strong, fearless",[768-dim vector],Black_Female_Upper,0.76,0
695,To Kill a Mockingbird,Harper Lee,1960,Character_695,"Character_695 is described as rebellious, oppressed, reflecting Unknown female identity.",Female,Unknown,Working,"rebellious, oppressed",[768-dim vector],Unknown_Female_Working,0.88,1
696,The Scarlet Letter,Nathaniel Hawthorne,1850,Character_696,"Character_696 is described as tragic, hopeful, reflecting Asian male identity.",Male,Asian,Enslaved/Servant,"tragic, hopeful",[768-dim vector],Asian_Male_Enslaved/Servant,0.44,0
697,To Kill a Mockingbird,Harper Lee,1960,Character_697,"Character_697 is described as heroic, oppressed, reflecting Mixed male identity.",Male,Mixed,Upper,"heroic, oppressed",[768-dim vector],Mixed_Male_Upper,0.4,1
698,White Noise,Don DeLillo,1985,Character_698,"Character_698 is described as defiant, hopeful, reflecting Mixed unknown identity.",Unknown,Mixed,Middle,"defiant, hopeful",[768-dim vector],Mixed_Unknown_Middle,0.5,1
699,Moby-Dick,Herman Melville,1851,Character_699,"Character_699 is described as loving, tragic, reflecting Unknown unknown identity.",Unknown,Unknown,Unknown,"loving, tragic",[768-dim vector],Unknown_Unknown_Unknown,0.56,0
700,Invisible Man,Ralph Ellison,1952,Character_700,"Character_700 is described as resilient, strong, reflecting Mixed unknown identity.",Unknown,Mixed,Middle,"resilient, strong",[768-dim vector],Mixed_Unknown_Middle,0.67,1
701,Beloved,Toni Morrison,1987,Character_701,"Character_701 is described as hopeful, oppressed, reflecting Asian non-binary identity.",Non-binary,Asian,Middle,"hopeful, oppressed",[768-dim vector],Asian_Non-binary_Middle,0.4,0
702,White Noise,Don DeLillo,1985,Character_702,"Character_702 is described as loving, fearless, reflecting Unknown non-binary identity.",Non-binary,Unknown,Unknown,"loving, fearless",[768-dim vector],Unknown_Non-binary_Unknown,0.32,1
703,The Great Gatsby,F. Scott Fitzgerald,1925,Character_703,"Character_703 is described as caring, hopeful, reflecting Mixed female identity.",Female,Mixed,Working,"caring, hopeful",[768-dim vector],Mixed_Female_Working,0.7,1
704,Adventures of Huckleberry Finn,Mark Twain,1884,Character_704,"Character_704 is described as caring, devoted, reflecting Unknown non-binary identity.",Non-binary,Unknown,Upper,"caring, devoted",[768-dim vector],Unknown_Non-binary_Upper,0.81,1
705,White Noise,Don DeLillo,1985,Character_705,"Character_705 is described as independent, oppressed, reflecting Unknown unknown identity.",Unknown,Unknown,Unknown,"independent, oppressed",[768-dim vector],Unknown_Unknown_Unknown,0.65,1
706,The Scarlet Letter,Nathaniel Hawthorne,1850,Character_706,"Character_706 is described as hopeful, loyal, reflecting White male identity.",Male,White,Enslaved/Servant,"hopeful, loyal",[768-dim vector],White_Male_Enslaved/Servant,0.42,0
707,The Scarlet Letter,Nathaniel Hawthorne,1850,Character_707,"Character_707 is described as independent, resilient, reflecting Indigenous female identity.",Female,Indigenous,Middle,"independent, resilient",[768-dim vector],Indigenous_Female_Middle,0.46,0
708,Adventures of Huckleberry Finn,Mark Twain,1884,Character_708,"Character_708 is described as fearless, loyal, reflecting Unknown male identity.",Male,Unknown,Working,"fearless, loyal",[768-dim vector],Unknown_Male_Working,0.62,1
709,Beloved,Toni Morrison,1987,Character_709,"Character_709 is described as heroic, noble, reflecting White unknown identity.",Unknown,White,Unknown,"heroic, noble",[768-dim vector],White_Unknown_Unknown,0.32,0
710,Song of Solomon,Toni Morrison,1977,Character_710,"Character_710 is described as independent, loyal, reflecting Black unknown identity.",Unknown,Black,Unknown,"independent, loyal",[768-dim vector],Black_Unknown_Unknown,0.57,1
711,Invisible Man,Ralph Ellison,1952,Character_711,"Character_711 is described as heroic, loyal, reflecting Asian unknown identity.",Unknown,Asian,Working,"heroic, loyal",[768-dim vector],Asian_Unknown_Working,0.49,1
712,The Scarlet Letter,Nathaniel Hawthorne,1850,Character_712,"Character_712 is described as visionary, noble, reflecting Black non-binary identity.",Non-binary,Black,Unknown,"visionary, noble",[768-dim vector],Black_Non-binary_Unknown,0.32,0
713,Beloved,Toni Morrison,1987,Character_713,"Character_713 is described as independent, visionary, reflecting Unknown female identity.",Female,Unknown,Middle,"independent, visionary",[768-dim vector],Unknown_Female_Middle,0.89,1
714,Adventures of Huckleberry Finn,Mark Twain,1884,Character_714,"Character_714 is described as tragic, rebellious, reflecting Black male identity.",Male,Black,Middle,"tragic, rebellious",[768-dim vector],Black_Male_Middle,0.3,1
715,Invisible Man,Ralph Ellison,1952,Character_715,"Character_715 is described as heroic, resilient, reflecting Asian male identity.",Male,Asian,Working,"heroic, resilient",[768-dim vector],Asian_Male_Working,0.68,1
716,Adventures of Huckleberry Finn,Mark Twain,1884,Character_716,"Character_716 is described as brave, loving, reflecting Mixed female identity.",Female,Mixed,Working,"brave, loving",[768-dim vector],Mixed_Female_Working,0.57,1
717,To Kill a Mockingbird,Harper Lee,1960,Character_717,"Character_717 is described as loving, loyal, reflecting White female identity.",Female,White,Middle,"loving, loyal",[768-dim vector],White_Female_Middle,0.59,1
718,White Noise,Don DeLillo,1985,Character_718,"Character_718 is described as heroic, caring, reflecting Asian non-binary identity.",Non-binary,Asian,Unknown,"heroic, caring",[768-dim vector],Asian_Non-binary_Unknown,0.38,0
719,Moby-Dick,Herman Melville,1851,Character_719,"Character_719 is described as defiant, tragic, reflecting Mixed non-binary identity.",Non-binary,Mixed,Middle,"defiant, tragic",[768-dim vector],Mixed_Non-binary_Middle,0.48,1
720,Moby-Dick,Herman Melville,1851,Character_720,"Character_720 is described as heroic, strong, reflecting Asian female identity.",Female,Asian,Unknown,"heroic, strong",[768-dim vector],Asian_Female_Unknown,0.42,1
721,Moby-Dick,Herman Melville,1851,Character_721,"Character_721 is described as loving, heroic, reflecting Black non-binary identity.",Non-binary,Black,Middle,"loving, heroic",[768-dim vector],Black_Non-binary_Middle,0.88,0
722,Beloved,Toni Morrison,1987,Character_722,"Character_722 is described as tragic, devoted, reflecting Black non-binary identity.",Non-binary,Black,Unknown,"tragic, devoted",[768-dim vector],Black_Non-binary_Unknown,0.7,1
723,Song of Solomon,Toni Morrison,1977,Character_723,"Character_723 is described as visionary, noble, reflecting White male identity.",Male,White,Working,"visionary, noble",[768-dim vector],White_Male_Working,0.82,0
724,White Noise,Don DeLillo,1985,Character_724,"Character_724 is described as strong, rebellious, reflecting White female identity.",Female,White,Working,"strong, rebellious",[768-dim vector],White_Female_Working,0.72,1
725,Invisible Man,Ralph Ellison,1952,Character_725,"Character_725 is described as brave, tragic, reflecting Mixed non-binary identity.",Non-binary,Mixed,Working,"brave, tragic",[768-dim vector],Mixed_Non-binary_Working,0.87,1
726,Beloved,Toni Morrison,1987,Character_726,"Character_726 is described as independent, fearless, reflecting Asian unknown identity.",Unknown,Asian,Upper,"independent, fearless",[768-dim vector],Asian_Unknown_Upper,0.6,1
727,Beloved,Toni Morrison,1987,Character_727,"Character_727 is described as heroic, brave, reflecting White male identity.",Male,White,Middle,"heroic, brave",[768-dim vector],White_Male_Middle,0.82,1
728,Moby-Dick,Herman Melville,1851,Character_728,"Character_728 is described as oppressed, rebellious, reflecting Unknown female identity.",Female,Unknown,Middle,"oppressed, rebellious",[768-dim vector],Unknown_Female_Middle,0.32,1
729,The Great Gatsby,F. Scott Fitzgerald,1925,Character_729,"Character_729 is described as hopeful, brave, reflecting Unknown unknown identity.",Unknown,Unknown,Upper,"hopeful, brave",[768-dim vector],Unknown_Unknown_Upper,0.71,1
730,To Kill a Mockingbird,Harper Lee,1960,Character_730,"Character_730 is described as submissive, loyal, reflecting White non-binary identity.",Non-binary,White,Upper,"submissive, loyal",[768-dim vector],White_Non-binary_Upper,0.43,1
731,Adventures of Huckleberry Finn,Mark Twain,1884,Character_731,"Character_731 is described as noble, resilient, reflecting Mixed non-binary identity.",Non-binary,Mixed,Upper,"noble, resilient",[768-dim vector],Mixed_Non-binary_Upper,0.54,1
732,Invisible Man,Ralph Ellison,1952,Character_732,"Character_732 is described as oppressed, loving, reflecting Asian unknown identity.",Unknown,Asian,Enslaved/Servant,"oppressed, loving",[768-dim vector],Asian_Unknown_Enslaved/Servant,0.36,1
733,The Scarlet Letter,Nathaniel Hawthorne,1850,Character_733,"Character_733 is described as heroic, brave, reflecting Unknown unknown identity.",Unknown,Unknown,Upper,"heroic, brave",[768-dim vector],Unknown_Unknown_Upper,0.9,0
734,White Noise,Don DeLillo,1985,Character_734,"Character_734 is described as loyal, submissive, reflecting Unknown male identity.",Male,Unknown,Unknown,"loyal, submissive",[768-dim vector],Unknown_Male_Unknown,0.89,1
735,Beloved,Toni Morrison,1987,Character_735,"Character_735 is described as submissive, independent, reflecting Indigenous male identity.",Male,Indigenous,Working,"submissive, independent",[768-dim vector],Indigenous_Male_Working,0.82,1
736,To Kill a Mockingbird,Harper Lee,1960,Character_736,"Character_736 is described as devoted, defiant, reflecting Asian unknown identity.",Unknown,Asian,Upper,"devoted, defiant",[768-dim vector],Asian_Unknown_Upper,0.64,1
737,Song of Solomon,Toni Morrison,1977,Character_737,"Character_737 is described as heroic, independent, reflecting Black female identity.",Female,Black,Enslaved/Servant,"heroic, independent",[768-dim vector],Black_Female_Enslaved/Servant,0.83,1
738,Adventures of Huckleberry Finn,Mark Twain,1884,Character_738,"Character_738 is described as brave, hopeful, reflecting Unknown non-binary identity.",Non-binary,Unknown,Working,"brave, hopeful",[768-dim vector],Unknown_Non-binary_Working,0.5,1
739,Moby-Dick,Herman Melville,1851,Character_739,"Character_739 is described as strong, submissive, reflecting White male identity.",Male,White,Unknown,"strong, submissive",[768-dim vector],White_Male_Unknown,0.78,1
740,Their Eyes Were Watching God,Zora Neale Hurston,1937,Character_740,"Character_740 is described as fearless, oppressed, reflecting Unknown female identity.",Female,Unknown,Working,"fearless, oppressed",[768-dim vector],Unknown_Female_Working,0.78,1
741,Song of Solomon,Toni Morrison,1977,Character_741,"Character_741 is described as noble, resilient, reflecting Black female identity.",Female,Black,Middle,"noble, resilient",[768-dim vector],Black_Female_Middle,0.79,0
742,The Great Gatsby,F. Scott Fitzgerald,1925,Character_742,"Character_742 is described as loyal, visionary, reflecting Black male identity.",Male,Black,Unknown,"loyal, visionary",[768-dim vector],Black_Male_Unknown,0.63,0
743,Song of Solomon,Toni Morrison,1977,Character_743,"Character_743 is described as resilient, rebellious, reflecting Indigenous male identity.",Male,Indigenous,Upper,"resilient, rebellious",[768-dim vector],Indigenous_Male_Upper,0.49,1
744,The Great Gatsby,F. Scott Fitzgerald,1925,Character_744,"Character_744 is described as hopeful, noble, reflecting Indigenous unknown identity.",Unknown,Indigenous,Working,"hopeful, noble",[768-dim vector],Indigenous_Unknown_Working,0.54,1
745,Moby-Dick,Herman Melville,1851,Character_745,"Character_745 is described as fearless, loving, reflecting Mixed non-binary identity.",Non-binary,Mixed,Upper,"fearless, loving",[768-dim vector],Mixed_Non-binary_Upper,0.53,1
746,To Kill a Mockingbird,Harper Lee,1960,Character_746,"Character_746 is described as independent, hopeful, reflecting Indigenous unknown identity.",Unknown,Indigenous,Unknown,"independent, hopeful",[768-dim vector],Indigenous_Unknown_Unknown,0.44,1
747,White Noise,Don DeLillo,1985,Character_747,"Character_747 is described as defiant, brave, reflecting Indigenous non-binary identity.",Non-binary,Indigenous,Enslaved/Servant,"defiant, brave",[768-dim vector],Indigenous_Non-binary_Enslaved/Servant,0.44,0
748,Beloved,Toni Morrison,1987,Character_748,"Character_748 is described as resilient, caring, reflecting Black female identity.",Female,Black,Enslaved/Servant,"resilient, caring",[768-dim vector],Black_Female_Enslaved/Servant,0.66,1
749,Adventures of Huckleberry Finn,Mark Twain,1884,Character_749,"Character_749 is described as visionary, caring, reflecting Asian non-binary identity.",Non-binary,Asian,Enslaved/Servant,"visionary, caring",[768-dim vector],Asian_Non-binary_Enslaved/Servant,0.67,1
750,Their Eyes Were Watching God,Zora Neale Hurston,1937,Character_750,"Character_750 is described as defiant, submissive, reflecting Mixed unknown identity.",Unknown,Mixed,Upper,"defiant, submissive",[768-dim vector],Mixed_Unknown_Upper,0.53,1
751,Their Eyes Were Watching God,Zora Neale Hurston,1937,Character_751,"Character_751 is described as resilient, submissive, reflecting Mixed female identity.",Female,Mixed,Middle,"resilient, submissive",[768-dim vector],Mixed_Female_Middle,0.61,1
752,Moby-Dick,Herman Melville,1851,Character_752,"Character_752 is described as strong, fearless, reflecting Mixed male identity.",Male,Mixed,Upper,"strong, fearless",[768-dim vector],Mixed_Male_Upper,0.32,1
753,The Scarlet Letter,Nathaniel Hawthorne,1850,Character_753,"Character_753 is described as devoted, hopeful, reflecting Mixed non-binary identity.",Non-binary,Mixed,Unknown,"devoted, hopeful",[768-dim vector],Mixed_Non-binary_Unknown,0.53,1
754,Beloved,Toni Morrison,1987,Character_754,"Character_754 is described as independent, hopeful, reflecting Black unknown identity.",Unknown,Black,Unknown,"independent, hopeful",[768-dim vector],Black_Unknown_Unknown,0.65,1
755,To Kill a Mockingbird,Harper Lee,1960,Character_755,"Character_755 is described as tragic, brave, reflecting Asian male identity.",Male,Asian,Working,"tragic, brave",[768-dim vector],Asian_Male_Working,0.66,1
756,The Great Gatsby,F. Scott Fitzgerald,1925,Character_756,"Character_756 is described as visionary, defiant, reflecting Mixed female identity.",Female,Mixed,Middle,"visionary, defiant",[768-dim vector],Mixed_Female_Middle,0.79,1
757,Adventures of Huckleberry Finn,Mark Twain,1884,Character_757,"Character_757 is described as caring, loyal, reflecting Unknown female identity.",Female,Unknown,Enslaved/Servant,"caring, loyal",[768-dim vector],Unknown_Female_Enslaved/Servant,0.87,0
758,The Great Gatsby,F. Scott Fitzgerald,1925,Character_758,"Character_758 is described as resilient, caring, reflecting Black unknown identity.",Unknown,Black,Upper,"resilient, caring",[768-dim vector],Black_Unknown_Upper,0.42,0
759,The Great Gatsby,F. Scott Fitzgerald,1925,Character_759,"Character_759 is described as tragic, caring, reflecting Unknown male identity.",Male,Unknown,Middle,"tragic, caring",[768-dim vector],Unknown_Male_Middle,0.69,1
760,Invisible Man,Ralph Ellison,1952,Character_760,"Character_760 is described as loyal, loving, reflecting Asian unknown identity.",Unknown,Asian,Upper,"loyal, loving",[768-dim vector],Asian_Unknown_Upper,0.45,1
761,Moby-Dick,Herman Melville,1851,Character_761,"Character_761 is described as heroic, defiant, reflecting Unknown non-binary identity.",Non-binary,Unknown,Working,"heroic, defiant",[768-dim vector],Unknown_Non-binary_Working,0.34,1
762,Invisible Man,Ralph Ellison,1952,Character_762,"Character_762 is described as submissive, tragic, reflecting Indigenous unknown identity.",Unknown,Indigenous,Unknown,"submissive, tragic",[768-dim vector],Indigenous_Unknown_Unknown,0.51,0
763,Their Eyes Were Watching God,Zora Neale Hurston,1937,Character_763,"Character_763 is described as strong, caring, reflecting Black unknown identity.",Unknown,Black,Unknown,"strong, caring",[768-dim vector],Black_Unknown_Unknown,0.59,0
764,Beloved,Toni Morrison,1987,Character_764,"Character_764 is described as brave, tragic, reflecting Asian unknown identity.",Unknown,Asian,Unknown,"brave, tragic",[768-dim vector],Asian_Unknown_Unknown,0.47,1
765,Adventures of Huckleberry Finn,Mark Twain,1884,Character_765,"Character_765 is described as submissive, tragic, reflecting Black unknown identity.",Unknown,Black,Middle,"submissive, tragic",[768-dim vector],Black_Unknown_Middle,0.78,1
766,Their Eyes Were Watching God,Zora Neale Hurston,1937,Character_766,"Character_766 is described as defiant, caring, reflecting Black female identity.",Female,Black,Middle,"defiant, caring",[768-dim vector],Black_Female_Middle,0.49,1
767,White Noise,Don DeLillo,1985,Character_767,"Character_767 is described as oppressed, loving, reflecting Unknown male identity.",Male,Unknown,Middle,"oppressed, loving",[768-dim vector],Unknown_Male_Middle,0.73,0
768,Moby-Dick,Herman Melville,1851,Character_768,"Character_768 is described as devoted, fearless, reflecting Unknown unknown identity.",Unknown,Unknown,Enslaved/Servant,"devoted, fearless",[768-dim vector],Unknown_Unknown_Enslaved/Servant,0.55,0
769,White Noise,Don DeLillo,1985,Character_769,"Character_769 is described as brave, noble, reflecting Unknown female identity.",Female,Unknown,Enslaved/Servant,"brave, noble",[768-dim vector],Unknown_Female_Enslaved/Servant,0.41,1
770,The Scarlet Letter,Nathaniel Hawthorne,1850,Character_770,"Character_770 is described as defiant, hopeful, reflecting Mixed female identity.",Female,Mixed,Unknown,"defiant, hopeful",[768-dim vector],Mixed_Female_Unknown,0.41,1
771,Song of Solomon,Toni Morrison,1977,Character_771,"Character_771 is described as loyal, defiant, reflecting Mixed male identity.",Male,Mixed,Middle,"loyal, defiant",[768-dim vector],Mixed_Male_Middle,0.73,0
772,Their Eyes Were Watching God,Zora Neale Hurston,1937,Character_772,"Character_772 is described as brave, independent, reflecting Mixed female identity.",Female,Mixed,Enslaved/Servant,"brave, independent",[768-dim vector],Mixed_Female_Enslaved/Servant,0.64,0
773,Moby-Dick,Herman Melville,1851,Character_773,"Character_773 is described as devoted, heroic, reflecting Asian female identity.",Female,Asian,Unknown,"devoted, heroic",[768-dim vector],Asian_Female_Unknown,0.88,1
774,Adventures of Huckleberry Finn,Mark Twain,1884,Character_774,"Character_774 is described as hopeful, defiant, reflecting Asian female identity.",Female,Asian,Unknown,"hopeful, defiant",[768-dim vector],Asian_Female_Unknown,0.78,1
775,White Noise,Don DeLillo,1985,Character_775,"Character_775 is described as visionary, submissive, reflecting Black non-binary identity.",Non-binary,Black,Working,"visionary, submissive",[768-dim vector],Black_Non-binary_Working,0.33,1
776,The Great Gatsby,F. Scott Fitzgerald,1925,Character_776,"Character_776 is described as rebellious, brave, reflecting Asian unknown identity.",Unknown,Asian,Middle,"rebellious, brave",[768-dim vector],Asian_Unknown_Middle,0.87,1
777,The Great Gatsby,F. Scott Fitzgerald,1925,Character_777,"Character_777 is described as rebellious, defiant, reflecting Black unknown identity.",Unknown,Black,Unknown,"rebellious, defiant",[768-dim vector],Black_Unknown_Unknown,0.79,1
778,To Kill a Mockingbird,Harper Lee,1960,Character_778,"Character_778 is described as rebellious, submissive, reflecting Mixed male identity.",Male,Mixed,Unknown,"rebellious, submissive",[768-dim vector],Mixed_Male_Unknown,0.44,0
779,To Kill a Mockingbird,Harper Lee,1960,Character_779,"Character_779 is described as brave, oppressed, reflecting Mixed female identity.",Female,Mixed,Unknown,"brave, oppressed",[768-dim vector],Mixed_Female_Unknown,0.67,1
780,Song of Solomon,Toni Morrison,1977,Character_780,"Character_780 is described as tragic, oppressed, reflecting Indigenous unknown identity.",Unknown,Indigenous,Upper,"tragic, oppressed",[768-dim vector],Indigenous_Unknown_Upper,0.8,1
781,The Great Gatsby,F. Scott Fitzgerald,1925,Character_781,"Character_781 is described as rebellious, oppressed, reflecting Asian unknown identity.",Unknown,Asian,Working,"rebellious, oppressed",[768-dim vector],Asian_Unknown_Working,0.51,0
782,Adventures of Huckleberry Finn,Mark Twain,1884,Character_782,"Character_782 is described as submissive, independent, reflecting Asian non-binary identity.",Non-binary,Asian,Middle,"submissive, independent",[768-dim vector],Asian_Non-binary_Middle,0.77,0
783,White Noise,Don DeLillo,1985,Character_783,"Character_783 is described as brave, heroic, reflecting Indigenous unknown identity.",Unknown,Indigenous,Middle,"brave, heroic",[768-dim vector],Indigenous_Unknown_Middle,0.79,1
784,White Noise,Don DeLillo,1985,Character_784,"Character_784 is described as strong, fearless, reflecting Mixed male identity.",Male,Mixed,Upper,"strong, fearless",[768-dim vector],Mixed_Male_Upper,0.7,0
785,Beloved,Toni Morrison,1987,Character_785,"Character_785 is described as hopeful, oppressed, reflecting Indigenous unknown identity.",Unknown,Indigenous,Upper,"hopeful, oppressed",[768-dim vector],Indigenous_Unknown_Upper,0.67,1
786,White Noise,Don DeLillo,1985,Character_786,"Character_786 is described as oppressed, caring, reflecting Indigenous non-binary identity.",Non-binary,Indigenous,Unknown,"oppressed, caring",[768-dim vector],Indigenous_Non-binary_Unknown,0.65,0
787,White Noise,Don DeLillo,1985,Character_787,"Character_787 is described as fearless, oppressed, reflecting Unknown non-binary identity.",Non-binary,Unknown,Enslaved/Servant,"fearless, oppressed",[768-dim vector],Unknown_Non-binary_Enslaved/Servant,0.74,1
788,Song of Solomon,Toni Morrison,1977,Character_788,"Character_788 is described as heroic, devoted, reflecting Black unknown identity.",Unknown,Black,Working,"heroic, devoted",[768-dim vector],Black_Unknown_Working,0.43,0
789,Their Eyes Were Watching God,Zora Neale Hurston,1937,Character_789,"Character_789 is described as strong, hopeful, reflecting Mixed non-binary identity.",Non-binary,Mixed,Working,"strong, hopeful",[768-dim vector],Mixed_Non-binary_Working,0.31,1
790,Moby-Dick,Herman Melville,1851,Character_790,"Character_790 is described as rebellious, fearless, reflecting Asian female identity.",Female,Asian,Middle,"rebellious, fearless",[768-dim vector],Asian_Female_Middle,0.66,1
791,Song of Solomon,Toni Morrison,1977,Character_791,"Character_791 is described as loyal, defiant, reflecting Indigenous unknown identity.",Unknown,Indigenous,Unknown,"loyal, defiant",[768-dim vector],Indigenous_Unknown_Unknown,0.44,1
792,Invisible Man,Ralph Ellison,1952,Character_792,"Character_792 is described as devoted, oppressed, reflecting White male identity.",Male,White,Middle,"devoted, oppressed",[768-dim vector],White_Male_Middle,0.66,1
793,Moby-Dick,Herman Melville,1851,Character_793,"Character_793 is described as caring, submissive, reflecting Indigenous male identity.",Male,Indigenous,Middle,"caring, submissive",[768-dim vector],Indigenous_Male_Middle,0.89,0
794,White Noise,Don DeLillo,1985,Character_794,"Character_794 is described as strong, tragic, reflecting Unknown male identity.",Male,Unknown,Enslaved/Servant,"strong, tragic",[768-dim vector],Unknown_Male_Enslaved/Servant,0.72,1
795,Their Eyes Were Watching God,Zora Neale Hurston,1937,Character_795,"Character_795 is described as visionary, brave, reflecting Black male identity.",Male,Black,Enslaved/Servant,"visionary, brave",[768-dim vector],Black_Male_Enslaved/Servant,0.56,1
796,The Great Gatsby,F. Scott Fitzgerald,1925,Character_796,"Character_796 is described as tragic, heroic, reflecting Black non-binary identity.",Non-binary,Black,Upper,"tragic, heroic",[768-dim vector],Black_Non-binary_Upper,0.72,1
797,The Great Gatsby,F. Scott Fitzgerald,1925,Character_797,"Character_797 is described as caring, noble, reflecting Unknown female identity.",Female,Unknown,Upper,"caring, noble",[768-dim vector],Unknown_Female_Upper,0.38,0
798,The Scarlet Letter,Nathaniel Hawthorne,1850,Character_798,"Character_798 is described as strong, caring, reflecting White female identity.",Female,White,Working,"strong, caring",[768-dim vector],White_Female_Working,0.73,1
799,Invisible Man,Ralph Ellison,1952,Character_799,"Character_799 is described as tragic, brave, reflecting Mixed unknown identity.",Unknown,Mixed,Middle,"tragic, brave",[768-dim vector],Mixed_Unknown_Middle,0.46,0
800,Moby-Dick,Herman Melville,1851,Character_800,"Character_800 is described as heroic, caring, reflecting Mixed male identity.",Male,Mixed,Working,"heroic, caring",[768-dim vector],Mixed_Male_Working,0.35,1
801,Beloved,Toni Morrison,1987,Character_801,"Character_801 is described as fearless, visionary, reflecting Black non-binary identity.",Non-binary,Black,Unknown,"fearless, visionary",[768-dim vector],Black_Non-binary_Unknown,0.42,1
802,Invisible Man,Ralph Ellison,1952,Character_802,"Character_802 is described as oppressed, tragic, reflecting Indigenous male identity.",Male,Indigenous,Middle,"oppressed, tragic",[768-dim vector],Indigenous_Male_Middle,0.44,1
803,Moby-Dick,Herman Melville,1851,Character_803,"Character_803 is described as loving, rebellious, reflecting Mixed male identity.",Male,Mixed,Working,"loving, rebellious",[768-dim vector],Mixed_Male_Working,0.34,1
804,Song of Solomon,Toni Morrison,1977,Character_804,"Character_804 is described as resilient, visionary, reflecting Mixed non-binary identity.",Non-binary,Mixed,Unknown,"resilient, visionary",[768-dim vector],Mixed_Non-binary_Unknown,0.34,1
805,Invisible Man,Ralph Ellison,1952,Character_805,"Character_805 is described as visionary, heroic, reflecting Black unknown identity.",Unknown,Black,Working,"visionary, heroic",[768-dim vector],Black_Unknown_Working,0.44,1
806,White Noise,Don DeLillo,1985,Character_806,"Character_806 is described as resilient, submissive, reflecting Asian male identity.",Male,Asian,Upper,"resilient, submissive",[768-dim vector],Asian_Male_Upper,0.83,1
807,Invisible Man,Ralph Ellison,1952,Character_807,"Character_807 is described as loving, oppressed, reflecting Unknown female identity.",Female,Unknown,Middle,"loving, oppressed",[768-dim vector],Unknown_Female_Middle,0.62,1
808,Beloved,Toni Morrison,1987,Character_808,"Character_808 is described as noble, independent, reflecting Unknown male identity.",Male,Unknown,Working,"noble, independent",[768-dim vector],Unknown_Male_Working,0.5,1
809,Moby-Dick,Herman Melville,1851,Character_809,"Character_809 is described as submissive, defiant, reflecting Unknown unknown identity.",Unknown,Unknown,Working,"submissive, defiant",[768-dim vector],Unknown_Unknown_Working,0.9,1
810,To Kill a Mockingbird,Harper Lee,1960,Character_810,"Character_810 is described as resilient, defiant, reflecting Indigenous non-binary identity.",Non-binary,Indigenous,Middle,"resilient, defiant",[768-dim vector],Indigenous_Non-binary_Middle,0.63,1
811,The Great Gatsby,F. Scott Fitzgerald,1925,Character_811,"Character_811 is described as noble, heroic, reflecting Unknown unknown identity.",Unknown,Unknown,Middle,"noble, heroic",[768-dim vector],Unknown_Unknown_Middle,0.58,0
812,Their Eyes Were Watching God,Zora Neale Hurston,1937,Character_812,"Character_812 is described as noble, caring, reflecting Black female identity.",Female,Black,Middle,"noble, caring",[768-dim vector],Black_Female_Middle,0.64,1
813,Adventures of Huckleberry Finn,Mark Twain,1884,Character_813,"Character_813 is described as devoted, brave, reflecting White male identity.",Male,White,Upper,"devoted, brave",[768-dim vector],White_Male_Upper,0.41,1
814,Song of Solomon,Toni Morrison,1977,Character_814,"Character_814 is described as loving, devoted, reflecting Asian male identity.",Male,Asian,Working,"loving, devoted",[768-dim vector],Asian_Male_Working,0.42,1
815,White Noise,Don DeLillo,1985,Character_815,"Character_815 is described as tragic, resilient, reflecting Asian non-binary identity.",Non-binary,Asian,Middle,"tragic, resilient",[768-dim vector],Asian_Non-binary_Middle,0.36,1
816,Invisible Man,Ralph Ellison,1952,Character_816,"Character_816 is described as loyal, tragic, reflecting Mixed female identity.",Female,Mixed,Middle,"loyal, tragic",[768-dim vector],Mixed_Female_Middle,0.75,1
817,Invisible Man,Ralph Ellison,1952,Character_817,"Character_817 is described as tragic, caring, reflecting Mixed unknown identity.",Unknown,Mixed,Upper,"tragic, caring",[768-dim vector],Mixed_Unknown_Upper,0.7,1
818,Invisible Man,Ralph Ellison,1952,Character_818,"Character_818 is described as tragic, visionary, reflecting Asian female identity.",Female,Asian,Upper,"tragic, visionary",[768-dim vector],Asian_Female_Upper,0.86,0
819,Beloved,Toni Morrison,1987,Character_819,"Character_819 is described as strong, rebellious, reflecting White male identity.",Male,White,Middle,"strong, rebellious",[768-dim vector],White_Male_Middle,0.54,0
820,Beloved,Toni Morrison,1987,Character_820,"Character_820 is described as defiant, resilient, reflecting Mixed non-binary identity.",Non-binary,Mixed,Working,"defiant, resilient",[768-dim vector],Mixed_Non-binary_Working,0.9,1
821,The Great Gatsby,F. Scott Fitzgerald,1925,Character_821,"Character_821 is described as loving, caring, reflecting Asian non-binary identity.",Non-binary,Asian,Unknown,"loving, caring",[768-dim vector],Asian_Non-binary_Unknown,0.62,1
822,Adventures of Huckleberry Finn,Mark Twain,1884,Character_822,"Character_822 is described as oppressed, caring, reflecting Asian unknown identity.",Unknown,Asian,Middle,"oppressed, caring",[768-dim vector],Asian_Unknown_Middle,0.61,1
823,Beloved,Toni Morrison,1987,Character_823,"Character_823 is described as defiant, hopeful, reflecting Indigenous unknown identity.",Unknown,Indigenous,Enslaved/Servant,"defiant, hopeful",[768-dim vector],Indigenous_Unknown_Enslaved/Servant,0.35,1
824,White Noise,Don DeLillo,1985,Character_824,"Character_824 is described as noble, oppressed, reflecting White female identity.",Female,White,Working,"noble, oppressed",[768-dim vector],White_Female_Working,0.38,1
825,Invisible Man,Ralph Ellison,1952,Character_825,"Character_825 is described as devoted, brave, reflecting Black female identity.",Female,Black,Middle,"devoted, brave",[768-dim vector],Black_Female_Middle,0.77,1
826,Adventures of Huckleberry Finn,Mark Twain,1884,Character_826,"Character_826 is described as tragic, loving, reflecting Asian unknown identity.",Unknown,Asian,Middle,"tragic, loving",[768-dim vector],Asian_Unknown_Middle,0.32,1
827,To Kill a Mockingbird,Harper Lee,1960,Character_827,"Character_827 is described as loyal, strong, reflecting Indigenous non-binary identity.",Non-binary,Indigenous,Unknown,"loyal, strong",[768-dim vector],Indigenous_Non-binary_Unknown,0.46,1
828,Moby-Dick,Herman Melville,1851,Character_828,"Character_828 is described as resilient, devoted, reflecting White female identity.",Female,White,Middle,"resilient, devoted",[768-dim vector],White_Female_Middle,0.35,1
829,Moby-Dick,Herman Melville,1851,Character_829,"Character_829 is described as resilient, caring, reflecting Unknown unknown identity.",Unknown,Unknown,Working,"resilient, caring",[768-dim vector],Unknown_Unknown_Working,0.63,1
830,Beloved,Toni Morrison,1987,Character_830,"Character_830 is described as oppressed, rebellious, reflecting Indigenous non-binary identity.",Non-binary,Indigenous,Upper,"oppressed, rebellious",[768-dim vector],Indigenous_Non-binary_Upper,0.54,1
831,Beloved,Toni Morrison,1987,Character_831,"Character_831 is described as heroic, defiant, reflecting Mixed female identity.",Female,Mixed,Unknown,"heroic, defiant",[768-dim vector],Mixed_Female_Unknown,0.66,1
832,Their Eyes Were Watching God,Zora Neale Hurston,1937,Character_832,"Character_832 is described as devoted, visionary, reflecting Indigenous non-binary identity.",Non-binary,Indigenous,Unknown,"devoted, visionary",[768-dim vector],Indigenous_Non-binary_Unknown,0.85,1
833,Moby-Dick,Herman Melville,1851,Character_833,"Character_833 is described as visionary, hopeful, reflecting Mixed unknown identity.",Unknown,Mixed,Working,"visionary, hopeful",[768-dim vector],Mixed_Unknown_Working,0.9,1
834,Adventures of Huckleberry Finn,Mark Twain,1884,Character_834,"Character_834 is described as strong, submissive, reflecting Asian non-binary identity.",Non-binary,Asian,Unknown,"strong, submissive",[768-dim vector],Asian_Non-binary_Unknown,0.43,1
835,Moby-Dick,Herman Melville,1851,Character_835,"Character_835 is described as loving, heroic, reflecting Indigenous female identity.",Female,Indigenous,Middle,"loving, heroic",[768-dim vector],Indigenous_Female_Middle,0.37,1
836,Their Eyes Were Watching God,Zora Neale Hurston,1937,Character_836,"Character_836 is described as resilient, visionary, reflecting Mixed non-binary identity.",Non-binary,Mixed,Enslaved/Servant,"resilient, visionary",[768-dim vector],Mixed_Non-binary_Enslaved/Servant,0.53,1
837,Beloved,Toni Morrison,1987,Character_837,"Character_837 is described as defiant, brave, reflecting Asian unknown identity.",Unknown,Asian,Middle,"defiant, brave",[768-dim vector],Asian_Unknown_Middle,0.82,1
838,Adventures of Huckleberry Finn,Mark Twain,1884,Character_838,"Character_838 is described as submissive, fearless, reflecting Unknown female identity.",Female,Unknown,Working,"submissive, fearless",[768-dim vector],Unknown_Female_Working,0.77,1
839,Adventures of Huckleberry Finn,Mark Twain,1884,Character_839,"Character_839 is described as submissive, devoted, reflecting White unknown identity.",Unknown,White,Upper,"submissive, devoted",[768-dim vector],White_Unknown_Upper,0.35,1
840,Song of Solomon,Toni Morrison,1977,Character_840,"Character_840 is described as tragic, submissive, reflecting White male identity.",Male,White,Enslaved/Servant,"tragic, submissive",[768-dim vector],White_Male_Enslaved/Servant,0.4,1
841,Moby-Dick,Herman Melville,1851,Character_841,"Character_841 is described as submissive, strong, reflecting Mixed non-binary identity.",Non-binary,Mixed,Middle,"submissive, strong",[768-dim vector],Mixed_Non-binary_Middle,0.51,1
842,Their Eyes Were Watching God,Zora Neale Hurston,1937,Character_842,"Character_842 is described as visionary, hopeful, reflecting Black female identity.",Female,Black,Working,"visionary, hopeful",[768-dim vector],Black_Female_Working,0.68,1
843,Adventures of Huckleberry Finn,Mark Twain,1884,Character_843,"Character_843 is described as caring, loving, reflecting White female identity.",Female,White,Upper,"caring, loving",[768-dim vector],White_Female_Upper,0.38,1
844,To Kill a Mockingbird,Harper Lee,1960,Character_844,"Character_844 is described as heroic, visionary, reflecting Mixed unknown identity.",Unknown,Mixed,Working,"heroic, visionary",[768-dim vector],Mixed_Unknown_Working,0.85,1
845,Adventures of Huckleberry Finn,Mark Twain,1884,Character_845,"Character_845 is described as visionary, oppressed, reflecting Mixed female identity.",Female,Mixed,Unknown,"visionary, oppressed",[768-dim vector],Mixed_Female_Unknown,0.66,1
846,Song of Solomon,Toni Morrison,1977,Character_846,"Character_846 is described as heroic, noble, reflecting Indigenous non-binary identity.",Non-binary,Indigenous,Enslaved/Servant,"heroic, noble",[768-dim vector],Indigenous_Non-binary_Enslaved/Servant,0.4,1
847,Moby-Dick,Herman Melville,1851,Character_847,"Character_847 is described as oppressed, resilient, reflecting Indigenous unknown identity.",Unknown,Indigenous,Working,"oppressed, resilient",[768-dim vector],Indigenous_Unknown_Working,0.54,0
848,Adventures of Huckleberry Finn,Mark Twain,1884,Character_848,"Character_848 is described as tragic, hopeful, reflecting White non-binary identity.",Non-binary,White,Upper,"tragic, hopeful",[768-dim vector],White_Non-binary_Upper,0.52,0
849,Beloved,Toni Morrison,1987,Character_849,"Character_849 is described as brave, devoted, reflecting Asian non-binary identity.",Non-binary,Asian,Unknown,"brave, devoted",[768-dim vector],Asian_Non-binary_Unknown,0.32,0
850,To Kill a Mockingbird,Harper Lee,1960,Character_850,"Character_850 is described as independent, noble, reflecting White non-binary identity.",Non-binary,White,Enslaved/Servant,"independent, noble",[768-dim vector],White_Non-binary_Enslaved/Servant,0.88,1
851,The Scarlet Letter,Nathaniel Hawthorne,1850,Character_851,"Character_851 is described as heroic, oppressed, reflecting Black non-binary identity.",Non-binary,Black,Enslaved/Servant,"heroic, oppressed",[768-dim vector],Black_Non-binary_Enslaved/Servant,0.88,1
852,Invisible Man,Ralph Ellison,1952,Character_852,"Character_852 is described as strong, noble, reflecting Black female identity.",Female,Black,Enslaved/Servant,"strong, noble",[768-dim vector],Black_Female_Enslaved/Servant,0.49,1
853,Their Eyes Were Watching God,Zora Neale Hurston,1937,Character_853,"Character_853 is described as tragic, resilient, reflecting Asian male identity.",Male,Asian,Middle,"tragic, resilient",[768-dim vector],Asian_Male_Middle,0.56,0
854,Their Eyes Were Watching God,Zora Neale Hurston,1937,Character_854,"Character_854 is described as submissive, defiant, reflecting Asian non-binary identity.",Non-binary,Asian,Middle,"submissive, defiant",[768-dim vector],Asian_Non-binary_Middle,0.68,0
855,Adventures of Huckleberry Finn,Mark Twain,1884,Character_855,"Character_855 is described as visionary, resilient, reflecting White non-binary identity.",Non-binary,White,Enslaved/Servant,"visionary, resilient",[768-dim vector],White_Non-binary_Enslaved/Servant,0.67,1
856,White Noise,Don DeLillo,1985,Character_856,"Character_856 is described as brave, hopeful, reflecting Black unknown identity.",Unknown,Black,Working,"brave, hopeful",[768-dim vector],Black_Unknown_Working,0.39,0
857,The Scarlet Letter,Nathaniel Hawthorne,1850,Character_857,"Character_857 is described as independent, resilient, reflecting Black male identity.",Male,Black,Upper,"independent, resilient",[768-dim vector],Black_Male_Upper,0.77,1
858,Adventures of Huckleberry Finn,Mark Twain,1884,Character_858,"Character_858 is described as noble, submissive, reflecting Unknown unknown identity.",Unknown,Unknown,Upper,"noble, submissive",[768-dim vector],Unknown_Unknown_Upper,0.33,1
859,Adventures of Huckleberry Finn,Mark Twain,1884,Character_859,"Character_859 is described as loving, oppressed, reflecting Asian male identity.",Male,Asian,Middle,"loving, oppressed",[768-dim vector],Asian_Male_Middle,0.33,1
860,Their Eyes Were Watching God,Zora Neale Hurston,1937,Character_860,"Character_860 is described as loyal, loving, reflecting Indigenous unknown identity.",Unknown,Indigenous,Enslaved/Servant,"loyal, loving",[768-dim vector],Indigenous_Unknown_Enslaved/Servant,0.89,0
861,Moby-Dick,Herman Melville,1851,Character_861,"Character_861 is described as strong, submissive, reflecting White female identity.",Female,White,Working,"strong, submissive",[768-dim vector],White_Female_Working,0.39,0
862,Song of Solomon,Toni Morrison,1977,Character_862,"Character_862 is described as resilient, strong, reflecting Black unknown identity.",Unknown,Black,Middle,"resilient, strong",[768-dim vector],Black_Unknown_Middle,0.48,0
863,The Scarlet Letter,Nathaniel Hawthorne,1850,Character_863,"Character_863 is described as strong, visionary, reflecting Unknown male identity.",Male,Unknown,Middle,"strong, visionary",[768-dim vector],Unknown_Male_Middle,0.72,0
864,The Great Gatsby,F. Scott Fitzgerald,1925,Character_864,"Character_864 is described as rebellious, tragic, reflecting Black male identity.",Male,Black,Enslaved/Servant,"rebellious, tragic",[768-dim vector],Black_Male_Enslaved/Servant,0.61,1
865,The Great Gatsby,F. Scott Fitzgerald,1925,Character_865,"Character_865 is described as loving, defiant, reflecting Asian unknown identity.",Unknown,Asian,Working,"loving, defiant",[768-dim vector],Asian_Unknown_Working,0.79,1
866,The Scarlet Letter,Nathaniel Hawthorne,1850,Character_866,"Character_866 is described as independent, fearless, reflecting Indigenous male identity.",Male,Indigenous,Enslaved/Servant,"independent, fearless",[768-dim vector],Indigenous_Male_Enslaved/Servant,0.48,1
867,Beloved,Toni Morrison,1987,Character_867,"Character_867 is described as rebellious, noble, reflecting Unknown male identity.",Male,Unknown,Middle,"rebellious, noble",[768-dim vector],Unknown_Male_Middle,0.62,1
868,Invisible Man,Ralph Ellison,1952,Character_868,"Character_868 is described as resilient, rebellious, reflecting White non-binary identity.",Non-binary,White,Middle,"resilient, rebellious",[768-dim vector],White_Non-binary_Middle,0.38,1
869,Invisible Man,Ralph Ellison,1952,Character_869,"Character_869 is described as devoted, hopeful, reflecting White female identity.",Female,White,Upper,"devoted, hopeful",[768-dim vector],White_Female_Upper,0.57,0
870,Beloved,Toni Morrison,1987,Character_870,"Character_870 is described as devoted, submissive, reflecting Black male identity.",Male,Black,Middle,"devoted, submissive",[768-dim vector],Black_Male_Middle,0.52,1
871,White Noise,Don DeLillo,1985,Character_871,"Character_871 is described as loyal, caring, reflecting Unknown non-binary identity.",Non-binary,Unknown,Upper,"loyal, caring",[768-dim vector],Unknown_Non-binary_Upper,0.8,1
872,Adventures of Huckleberry Finn,Mark Twain,1884,Character_872,"Character_872 is described as noble, loving, reflecting Black male identity.",Male,Black,Enslaved/Servant,"noble, loving",[768-dim vector],Black_Male_Enslaved/Servant,0.76,0
873,Song of Solomon,Toni Morrison,1977,Character_873,"Character_873 is described as brave, strong, reflecting Asian non-binary identity.",Non-binary,Asian,Middle,"brave, strong",[768-dim vector],Asian_Non-binary_Middle,0.55,1
874,Beloved,Toni Morrison,1987,Character_874,"Character_874 is described as devoted, visionary, reflecting Indigenous female identity.",Female,Indigenous,Upper,"devoted, visionary",[768-dim vector],Indigenous_Female_Upper,0.31,0
875,Song of Solomon,Toni Morrison,1977,Character_875,"Character_875 is described as fearless, defiant, reflecting Mixed non-binary identity.",Non-binary,Mixed,Enslaved/Servant,"fearless, defiant",[768-dim vector],Mixed_Non-binary_Enslaved/Servant,0.76,0
876,Song of Solomon,Toni Morrison,1977,Character_876,"Character_876 is described as resilient, defiant, reflecting Indigenous non-binary identity.",Non-binary,Indigenous,Enslaved/Servant,"resilient, defiant",[768-dim vector],Indigenous_Non-binary_Enslaved/Servant,0.62,0
877,Moby-Dick,Herman Melville,1851,Character_877,"Character_877 is described as resilient, caring, reflecting Asian female identity.",Female,Asian,Working,"resilient, caring",[768-dim vector],Asian_Female_Working,0.31,0
878,To Kill a Mockingbird,Harper Lee,1960,Character_878,"Character_878 is described as strong, defiant, reflecting Unknown male identity.",Male,Unknown,Unknown,"strong, defiant",[768-dim vector],Unknown_Male_Unknown,0.89,1
879,The Scarlet Letter,Nathaniel Hawthorne,1850,Character_879,"Character_879 is described as loving, submissive, reflecting Mixed non-binary identity.",Non-binary,Mixed,Middle,"loving, submissive",[768-dim vector],Mixed_Non-binary_Middle,0.88,1
880,Song of Solomon,Toni Morrison,1977,Character_880,"Character_880 is described as devoted, hopeful, reflecting Black unknown identity.",Unknown,Black,Unknown,"devoted, hopeful",[768-dim vector],Black_Unknown_Unknown,0.37,1
881,White Noise,Don DeLillo,1985,Character_881,"Character_881 is described as loving, rebellious, reflecting Indigenous non-binary identity.",Non-binary,Indigenous,Enslaved/Servant,"loving, rebellious",[768-dim vector],Indigenous_Non-binary_Enslaved/Servant,0.57,1
882,Moby-Dick,Herman Melville,1851,Character_882,"Character_882 is described as defiant, loyal, reflecting White male identity.",Male,White,Middle,"defiant, loyal",[768-dim vector],White_Male_Middle,0.36,1
883,The Great Gatsby,F. Scott Fitzgerald,1925,Character_883,"Character_883 is described as rebellious, loyal, reflecting Asian male identity.",Male,Asian,Middle,"rebellious, loyal",[768-dim vector],Asian_Male_Middle,0.39,1
884,White Noise,Don DeLillo,1985,Character_884,"Character_884 is described as tragic, resilient, reflecting Unknown unknown identity.",Unknown,Unknown,Enslaved/Servant,"tragic, resilient",[768-dim vector],Unknown_Unknown_Enslaved/Servant,0.74,1
885,The Scarlet Letter,Nathaniel Hawthorne,1850,Character_885,"Character_885 is described as submissive, brave, reflecting Black non-binary identity.",Non-binary,Black,Unknown,"submissive, brave",[768-dim vector],Black_Non-binary_Unknown,0.53,1
886,The Great Gatsby,F. Scott Fitzgerald,1925,Character_886,"Character_886 is described as loyal, caring, reflecting White unknown identity.",Unknown,White,Enslaved/Servant,"loyal, caring",[768-dim vector],White_Unknown_Enslaved/Servant,0.58,1
887,Song of Solomon,Toni Morrison,1977,Character_887,"Character_887 is described as resilient, tragic, reflecting Indigenous unknown identity.",Unknown,Indigenous,Upper,"resilient, tragic",[768-dim vector],Indigenous_Unknown_Upper,0.84,1
888,The Scarlet Letter,Nathaniel Hawthorne,1850,Character_888,"Character_888 is described as fearless, tragic, reflecting Indigenous male identity.",Male,Indigenous,Upper,"fearless, tragic",[768-dim vector],Indigenous_Male_Upper,0.77,1
889,Moby-Dick,Herman Melville,1851,Character_889,"Character_889 is described as heroic, strong, reflecting Unknown male identity.",Male,Unknown,Middle,"heroic, strong",[768-dim vector],Unknown_Male_Middle,0.71,1
890,The Great Gatsby,F. Scott Fitzgerald,1925,Character_890,"Character_890 is described as defiant, oppressed, reflecting Mixed female identity.",Female,Mixed,Middle,"defiant, oppressed",[768-dim vector],Mixed_Female_Middle,0.45,1
891,Moby-Dick,Herman Melville,1851,Character_891,"Character_891 is described as oppressed, rebellious, reflecting Unknown non-binary identity.",Non-binary,Unknown,Enslaved/Servant,"oppressed, rebellious",[768-dim vector],Unknown_Non-binary_Enslaved/Servant,0.32,1
892,Adventures of Huckleberry Finn,Mark Twain,1884,Character_892,"Character_892 is described as tragic, loving, reflecting Mixed female identity.",Female,Mixed,Enslaved/Servant,"tragic, loving",[768-dim vector],Mixed_Female_Enslaved/Servant,0.58,1
893,Adventures of Huckleberry Finn,Mark Twain,1884,Character_893,"Character_893 is described as heroic, loving, reflecting Indigenous unknown identity.",Unknown,Indigenous,Working,"heroic, loving",[768-dim vector],Indigenous_Unknown_Working,0.7,1
894,Beloved,Toni Morrison,1987,Character_894,"Character_894 is described as loving, noble, reflecting Unknown unknown identity.",Unknown,Unknown,Enslaved/Servant,"loving, noble",[768-dim vector],Unknown_Unknown_Enslaved/Servant,0.68,1
895,White Noise,Don DeLillo,1985,Character_895,"Character_895 is described as resilient, caring, reflecting Asian female identity.",Female,Asian,Unknown,"resilient, caring",[768-dim vector],Asian_Female_Unknown,0.34,1
896,To Kill a Mockingbird,Harper Lee,1960,Character_896,"Character_896 is described as loyal, independent, reflecting Asian unknown identity.",Unknown,Asian,Upper,"loyal, independent",[768-dim vector],Asian_Unknown_Upper,0.39,1
897,White Noise,Don DeLillo,1985,Character_897,"Character_897 is described as independent, brave, reflecting Mixed male identity.",Male,Mixed,Middle,"independent, brave",[768-dim vector],Mixed_Male_Middle,0.61,1
898,Their Eyes Were Watching God,Zora Neale Hurston,1937,Character_898,"Character_898 is described as brave, resilient, reflecting Black female identity.",Female,Black,Working,"brave, resilient",[768-dim vector],Black_Female_Working,0.33,0
899,Song of Solomon,Toni Morrison,1977,Character_899,"Character_899 is described as visionary, caring, reflecting White female identity.",Female,White,Upper,"visionary, caring",[768-dim vector],White_Female_Upper,0.73,0
900,Adventures of Huckleberry Finn,Mark Twain,1884,Character_900,"Character_900 is described as noble, heroic, reflecting Indigenous female identity.",Female,Indigenous,Working,"noble, heroic",[768-dim vector],Indigenous_Female_Working,0.34,0
901,Their Eyes Were Watching God,Zora Neale Hurston,1937,Character_901,"Character_901 is described as strong, fearless, reflecting White non-binary identity.",Non-binary,White,Unknown,"strong, fearless",[768-dim vector],White_Non-binary_Unknown,0.87,1
902,Moby-Dick,Herman Melville,1851,Character_902,"Character_902 is described as devoted, rebellious, reflecting Asian non-binary identity.",Non-binary,Asian,Middle,"devoted, rebellious",[768-dim vector],Asian_Non-binary_Middle,0.51,0
903,White Noise,Don DeLillo,1985,Character_903,"Character_903 is described as strong, submissive, reflecting White non-binary identity.",Non-binary,White,Unknown,"strong, submissive",[768-dim vector],White_Non-binary_Unknown,0.51,1
904,The Scarlet Letter,Nathaniel Hawthorne,1850,Character_904,"Character_904 is described as oppressed, rebellious, reflecting Indigenous non-binary identity.",Non-binary,Indigenous,Enslaved/Servant,"oppressed, rebellious",[768-dim vector],Indigenous_Non-binary_Enslaved/Servant,0.7,0
905,The Great Gatsby,F. Scott Fitzgerald,1925,Character_905,"Character_905 is described as loyal, independent, reflecting Unknown male identity.",Male,Unknown,Enslaved/Servant,"loyal, independent",[768-dim vector],Unknown_Male_Enslaved/Servant,0.4,0
906,Song of Solomon,Toni Morrison,1977,Character_906,"Character_906 is described as hopeful, loving, reflecting Indigenous male identity.",Male,Indigenous,Unknown,"hopeful, loving",[768-dim vector],Indigenous_Male_Unknown,0.7,1
907,Song of Solomon,Toni Morrison,1977,Character_907,"Character_907 is described as strong, visionary, reflecting Black female identity.",Female,Black,Upper,"strong, visionary",[768-dim vector],Black_Female_Upper,0.46,0
908,White Noise,Don DeLillo,1985,Character_908,"Character_908 is described as independent, strong, reflecting Black male identity.",Male,Black,Enslaved/Servant,"independent, strong",[768-dim vector],Black_Male_Enslaved/Servant,0.35,1
909,Adventures of Huckleberry Finn,Mark Twain,1884,Character_909,"Character_909 is described as devoted, loyal, reflecting Indigenous female identity.",Female,Indigenous,Upper,"devoted, loyal",[768-dim vector],Indigenous_Female_Upper,0.48,1
910,Song of Solomon,Toni Morrison,1977,Character_910,"Character_910 is described as strong, tragic, reflecting Indigenous unknown identity.",Unknown,Indigenous,Upper,"strong, tragic",[768-dim vector],Indigenous_Unknown_Upper,0.67,1
911,Invisible Man,Ralph Ellison,1952,Character_911,"Character_911 is described as heroic, fearless, reflecting Black female identity.",Female,Black,Enslaved/Servant,"heroic, fearless",[768-dim vector],Black_Female_Enslaved/Servant,0.42,0
912,To Kill a Mockingbird,Harper Lee,1960,Character_912,"Character_912 is described as fearless, tragic, reflecting Unknown unknown identity.",Unknown,Unknown,Unknown,"fearless, tragic",[768-dim vector],Unknown_Unknown_Unknown,0.67,1
913,The Great Gatsby,F. Scott Fitzgerald,1925,Character_913,"Character_913 is described as oppressed, loving, reflecting White female identity.",Female,White,Working,"oppressed, loving",[768-dim vector],White_Female_Working,0.69,1
914,White Noise,Don DeLillo,1985,Character_914,"Character_914 is described as oppressed, caring, reflecting White male identity.",Male,White,Enslaved/Servant,"oppressed, caring",[768-dim vector],White_Male_Enslaved/Servant,0.33,1
915,Beloved,Toni Morrison,1987,Character_915,"Character_915 is described as brave, independent, reflecting Indigenous female identity.",Female,Indigenous,Working,"brave, independent",[768-dim vector],Indigenous_Female_Working,0.78,0
916,Adventures of Huckleberry Finn,Mark Twain,1884,Character_916,"Character_916 is described as hopeful, visionary, reflecting Mixed non-binary identity.",Non-binary,Mixed,Enslaved/Servant,"hopeful, visionary",[768-dim vector],Mixed_Non-binary_Enslaved/Servant,0.89,1
917,The Scarlet Letter,Nathaniel Hawthorne,1850,Character_917,"Character_917 is described as hopeful, submissive, reflecting Black female identity.",Female,Black,Working,"hopeful, submissive",[768-dim vector],Black_Female_Working,0.65,1
918,Moby-Dick,Herman Melville,1851,Character_918,"Character_918 is described as hopeful, independent, reflecting Black male identity.",Male,Black,Unknown,"hopeful, independent",[768-dim vector],Black_Male_Unknown,0.79,1
919,The Scarlet Letter,Nathaniel Hawthorne,1850,Character_919,"Character_919 is described as independent, visionary, reflecting Unknown non-binary identity.",Non-binary,Unknown,Upper,"independent, visionary",[768-dim vector],Unknown_Non-binary_Upper,0.38,1
920,To Kill a Mockingbird,Harper Lee,1960,Character_920,"Character_920 is described as heroic, fearless, reflecting Indigenous male identity.",Male,Indigenous,Middle,"heroic, fearless",[768-dim vector],Indigenous_Male_Middle,0.86,0
921,The Great Gatsby,F. Scott Fitzgerald,1925,Character_921,"Character_921 is described as hopeful, brave, reflecting Mixed non-binary identity.",Non-binary,Mixed,Enslaved/Servant,"hopeful, brave",[768-dim vector],Mixed_Non-binary_Enslaved/Servant,0.52,1
922,Invisible Man,Ralph Ellison,1952,Character_922,"Character_922 is described as loyal, independent, reflecting Indigenous male identity.",Male,Indigenous,Middle,"loyal, independent",[768-dim vector],Indigenous_Male_Middle,0.56,1
923,The Great Gatsby,F. Scott Fitzgerald,1925,Character_923,"Character_923 is described as brave, submissive, reflecting White non-binary identity.",Non-binary,White,Enslaved/Servant,"brave, submissive",[768-dim vector],White_Non-binary_Enslaved/Servant,0.87,0
924,Invisible Man,Ralph Ellison,1952,Character_924,"Character_924 is described as rebellious, brave, reflecting Unknown non-binary identity.",Non-binary,Unknown,Working,"rebellious, brave",[768-dim vector],Unknown_Non-binary_Working,0.37,0
925,Their Eyes Were Watching God,Zora Neale Hurston,1937,Character_925,"Character_925 is described as tragic, rebellious, reflecting Black unknown identity.",Unknown,Black,Enslaved/Servant,"tragic, rebellious",[768-dim vector],Black_Unknown_Enslaved/Servant,0.83,1
926,Beloved,Toni Morrison,1987,Character_926,"Character_926 is described as submissive, defiant, reflecting Mixed unknown identity.",Unknown,Mixed,Unknown,"submissive, defiant",[768-dim vector],Mixed_Unknown_Unknown,0.47,1
927,The Great Gatsby,F. Scott Fitzgerald,1925,Character_927,"Character_927 is described as loyal, noble, reflecting Mixed unknown identity.",Unknown,Mixed,Upper,"loyal, noble",[768-dim vector],Mixed_Unknown_Upper,0.82,1
928,Song of Solomon,Toni Morrison,1977,Character_928,"Character_928 is described as strong, defiant, reflecting Indigenous non-binary identity.",Non-binary,Indigenous,Enslaved/Servant,"strong, defiant",[768-dim vector],Indigenous_Non-binary_Enslaved/Servant,0.85,0
929,The Scarlet Letter,Nathaniel Hawthorne,1850,Character_929,"Character_929 is described as caring, independent, reflecting Unknown non-binary identity.",Non-binary,Unknown,Working,"caring, independent",[768-dim vector],Unknown_Non-binary_Working,0.75,1
930,The Great Gatsby,F. Scott Fitzgerald,1925,Character_930,"Character_930 is described as strong, brave, reflecting White non-binary identity.",Non-binary,White,Working,"strong, brave",[768-dim vector],White_Non-binary_Working,0.81,1
931,Song of Solomon,Toni Morrison,1977,Character_931,"Character_931 is described as loving, strong, reflecting Black non-binary identity.",Non-binary,Black,Middle,"loving, strong",[768-dim vector],Black_Non-binary_Middle,0.77,1
932,Adventures of Huckleberry Finn,Mark Twain,1884,Character_932,"Character_932 is described as tragic, noble, reflecting Unknown male identity.",Male,Unknown,Enslaved/Servant,"tragic, noble",[768-dim vector],Unknown_Male_Enslaved/Servant,0.41,1
933,Invisible Man,Ralph Ellison,1952,Character_933,"Character_933 is described as oppressed, independent, reflecting Mixed female identity.",Female,Mixed,Middle,"oppressed, independent",[768-dim vector],Mixed_Female_Middle,0.89,1
934,White Noise,Don DeLillo,1985,Character_934,"Character_934 is described as hopeful, fearless, reflecting Asian non-binary identity.",Non-binary,Asian,Unknown,"hopeful, fearless",[768-dim vector],Asian_Non-binary_Unknown,0.33,0
935,Adventures of Huckleberry Finn,Mark Twain,1884,Character_935,"Character_935 is described as tragic, hopeful, reflecting Black female identity.",Female,Black,Working,"tragic, hopeful",[768-dim vector],Black_Female_Working,0.38,1
936,Invisible Man,Ralph Ellison,1952,Character_936,"Character_936 is described as defiant, loving, reflecting Unknown female identity.",Female,Unknown,Unknown,"defiant, loving",[768-dim vector],Unknown_Female_Unknown,0.79,0
937,Moby-Dick,Herman Melville,1851,Character_937,"Character_937 is described as hopeful, brave, reflecting Black male identity.",Male,Black,Working,"hopeful, brave",[768-dim vector],Black_Male_Working,0.6,1
938,Beloved,Toni Morrison,1987,Character_938,"Character_938 is described as visionary, resilient, reflecting Asian unknown identity.",Unknown,Asian,Working,"visionary, resilient",[768-dim vector],Asian_Unknown_Working,0.74,1
939,Adventures of Huckleberry Finn,Mark Twain,1884,Character_939,"Character_939 is described as defiant, brave, reflecting White female identity.",Female,White,Middle,"defiant, brave",[768-dim vector],White_Female_Middle,0.65,1
940,White Noise,Don DeLillo,1985,Character_940,"Character_940 is described as noble, heroic, reflecting Mixed non-binary identity.",Non-binary,Mixed,Unknown,"noble, heroic",[768-dim vector],Mixed_Non-binary_Unknown,0.48,1
941,The Great Gatsby,F. Scott Fitzgerald,1925,Character_941,"Character_941 is described as devoted, hopeful, reflecting Indigenous male identity.",Male,Indigenous,Upper,"devoted, hopeful",[768-dim vector],Indigenous_Male_Upper,0.71,1
942,Song of Solomon,Toni Morrison,1977,Character_942,"Character_942 is described as defiant, strong, reflecting Unknown unknown identity.",Unknown,Unknown,Working,"defiant, strong",[768-dim vector],Unknown_Unknown_Working,0.68,1
943,To Kill a Mockingbird,Harper Lee,1960,Character_943,"Character_943 is described as fearless, noble, reflecting Black unknown identity.",Unknown,Black,Middle,"fearless, noble",[768-dim vector],Black_Unknown_Middle,0.4,1
944,The Scarlet Letter,Nathaniel Hawthorne,1850,Character_944,"Character_944 is described as oppressed, noble, reflecting White unknown identity.",Unknown,White,Working,"oppressed, noble",[768-dim vector],White_Unknown_Working,0.31,0
945,The Great Gatsby,F. Scott Fitzgerald,1925,Character_945,"Character_945 is described as visionary, devoted, reflecting White female identity.",Female,White,Middle,"visionary, devoted",[768-dim vector],White_Female_Middle,0.74,1
946,Beloved,Toni Morrison,1987,Character_946,"Character_946 is described as strong, loyal, reflecting Black unknown identity.",Unknown,Black,Enslaved/Servant,"strong, loyal",[768-dim vector],Black_Unknown_Enslaved/Servant,0.36,1
947,White Noise,Don DeLillo,1985,Character_947,"Character_947 is described as strong, tragic, reflecting Unknown unknown identity.",Unknown,Unknown,Working,"strong, tragic",[768-dim vector],Unknown_Unknown_Working,0.78,0
948,The Scarlet Letter,Nathaniel Hawthorne,1850,Character_948,"Character_948 is described as loyal, noble, reflecting Asian male identity.",Male,Asian,Enslaved/Servant,"loyal, noble",[768-dim vector],Asian_Male_Enslaved/Servant,0.63,1
949,Song of Solomon,Toni Morrison,1977,Character_949,"Character_949 is described as heroic, strong, reflecting Unknown unknown identity.",Unknown,Unknown,Upper,"heroic, strong",[768-dim vector],Unknown_Unknown_Upper,0.67,0
950,Song of Solomon,Toni Morrison,1977,Character_950,"Character_950 is described as visionary, strong, reflecting Black male identity.",Male,Black,Working,"visionary, strong",[768-dim vector],Black_Male_Working,0.51,1
951,Their Eyes Were Watching God,Zora Neale Hurston,1937,Character_951,"Character_951 is described as oppressed, independent, reflecting Asian non-binary identity.",Non-binary,Asian,Middle,"oppressed, independent",[768-dim vector],Asian_Non-binary_Middle,0.63,0
952,White Noise,Don DeLillo,1985,Character_952,"Character_952 is described as hopeful, visionary, reflecting Unknown male identity.",Male,Unknown,Unknown,"hopeful, visionary",[768-dim vector],Unknown_Male_Unknown,0.76,0
953,To Kill a Mockingbird,Harper Lee,1960,Character_953,"Character_953 is described as rebellious, defiant, reflecting Unknown male identity.",Male,Unknown,Unknown,"rebellious, defiant",[768-dim vector],Unknown_Male_Unknown,0.75,0
954,White Noise,Don DeLillo,1985,Character_954,"Character_954 is described as loving, visionary, reflecting Asian female identity.",Female,Asian,Enslaved/Servant,"loving, visionary",[768-dim vector],Asian_Female_Enslaved/Servant,0.87,1
955,The Scarlet Letter,Nathaniel Hawthorne,1850,Character_955,"Character_955 is described as fearless, visionary, reflecting Asian female identity.",Female,Asian,Unknown,"fearless, visionary",[768-dim vector],Asian_Female_Unknown,0.5,0
956,Moby-Dick,Herman Melville,1851,Character_956,"Character_956 is described as rebellious, submissive, reflecting Indigenous non-binary identity.",Non-binary,Indigenous,Middle,"rebellious, submissive",[768-dim vector],Indigenous_Non-binary_Middle,0.48,1
957,Moby-Dick,Herman Melville,1851,Character_957,"Character_957 is described as submissive, tragic, reflecting Unknown unknown identity.",Unknown,Unknown,Working,"submissive, tragic",[768-dim vector],Unknown_Unknown_Working,0.9,1
958,Invisible Man,Ralph Ellison,1952,Character_958,"Character_958 is described as strong, loyal, reflecting Asian female identity.",Female,Asian,Unknown,"strong, loyal",[768-dim vector],Asian_Female_Unknown,0.57,1
959,Adventures of Huckleberry Finn,Mark Twain,1884,Character_959,"Character_959 is described as defiant, hopeful, reflecting Mixed non-binary identity.",Non-binary,Mixed,Middle,"defiant, hopeful",[768-dim vector],Mixed_Non-binary_Middle,0.83,1
960,Adventures of Huckleberry Finn,Mark Twain,1884,Character_960,"Character_960 is described as independent, visionary, reflecting Asian male identity.",Male,Asian,Working,"independent, visionary",[768-dim vector],Asian_Male_Working,0.53,1
961,Their Eyes Were Watching God,Zora Neale Hurston,1937,Character_961,"Character_961 is described as fearless, brave, reflecting White female identity.",Female,White,Middle,"fearless, brave",[768-dim vector],White_Female_Middle,0.72,0
962,White Noise,Don DeLillo,1985,Character_962,"Character_962 is described as devoted, heroic, reflecting White non-binary identity.",Non-binary,White,Enslaved/Servant,"devoted, heroic",[768-dim vector],White_Non-binary_Enslaved/Servant,0.67,1
963,Song of Solomon,Toni Morrison,1977,Character_963,"Character_963 is described as noble, fearless, reflecting Mixed male identity.",Male,Mixed,Enslaved/Servant,"noble, fearless",[768-dim vector],Mixed_Male_Enslaved/Servant,0.78,0
964,White Noise,Don DeLillo,1985,Character_964,"Character_964 is described as visionary, submissive, reflecting Asian unknown identity.",Unknown,Asian,Enslaved/Servant,"visionary, submissive",[768-dim vector],Asian_Unknown_Enslaved/Servant,0.65,1
965,White Noise,Don DeLillo,1985,Character_965,"Character_965 is described as resilient, fearless, reflecting Black male identity.",Male,Black,Unknown,"resilient, fearless",[768-dim vector],Black_Male_Unknown,0.69,0
966,The Scarlet Letter,Nathaniel Hawthorne,1850,Character_966,"Character_966 is described as caring, loyal, reflecting Black female identity.",Female,Black,Upper,"caring, loyal",[768-dim vector],Black_Female_Upper,0.65,1
967,Adventures of Huckleberry Finn,Mark Twain,1884,Character_967,"Character_967 is described as independent, loving, reflecting Unknown male identity.",Male,Unknown,Unknown,"independent, loving",[768-dim vector],Unknown_Male_Unknown,0.64,1
968,Moby-Dick,Herman Melville,1851,Character_968,"Character_968 is described as defiant, heroic, reflecting White male identity.",Male,White,Enslaved/Servant,"defiant, heroic",[768-dim vector],White_Male_Enslaved/Servant,0.71,1
969,Their Eyes Were Watching God,Zora Neale Hurston,1937,Character_969,"Character_969 is described as caring, loyal, reflecting Asian female identity.",Female,Asian,Unknown,"caring, loyal",[768-dim vector],Asian_Female_Unknown,0.46,1
970,Moby-Dick,Herman Melville,1851,Character_970,"Character_970 is described as strong, submissive, reflecting Indigenous non-binary identity.",Non-binary,Indigenous,Working,"strong, submissive",[768-dim vector],Indigenous_Non-binary_Working,0.6,0
971,Invisible Man,Ralph Ellison,1952,Character_971,"Character_971 is described as hopeful, rebellious, reflecting Indigenous male identity.",Male,Indigenous,Enslaved/Servant,"hopeful, rebellious",[768-dim vector],Indigenous_Male_Enslaved/Servant,0.34,1
972,Their Eyes Were Watching God,Zora Neale Hurston,1937,Character_972,"Character_972 is described as tragic, fearless, reflecting Mixed non-binary identity.",Non-binary,Mixed,Enslaved/Servant,"tragic, fearless",[768-dim vector],Mixed_Non-binary_Enslaved/Servant,0.77,1
973,The Great Gatsby,F. Scott Fitzgerald,1925,Character_973,"Character_973 is described as tragic, submissive, reflecting White male identity.",Male,White,Unknown,"tragic, submissive",[768-dim vector],White_Male_Unknown,0.77,1
974,To Kill a Mockingbird,Harper Lee,1960,Character_974,"Character_974 is described as loving, resilient, reflecting Asian non-binary identity.",Non-binary,Asian,Unknown,"loving, resilient",[768-dim vector],Asian_Non-binary_Unknown,0.56,0
975,Song of Solomon,Toni Morrison,1977,Character_975,"Character_975 is described as devoted, tragic, reflecting Black non-binary identity.",Non-binary,Black,Unknown,"devoted, tragic",[768-dim vector],Black_Non-binary_Unknown,0.5,1
976,To Kill a Mockingbird,Harper Lee,1960,Character_976,"Character_976 is described as noble, independent, reflecting Black unknown identity.",Unknown,Black,Unknown,"noble, independent",[768-dim vector],Black_Unknown_Unknown,0.35,0
977,The Great Gatsby,F. Scott Fitzgerald,1925,Character_977,"Character_977 is described as visionary, rebellious, reflecting White male identity.",Male,White,Upper,"visionary, rebellious",[768-dim vector],White_Male_Upper,0.66,1
978,The Great Gatsby,F. Scott Fitzgerald,1925,Character_978,"Character_978 is described as loving, caring, reflecting Asian unknown identity.",Unknown,Asian,Upper,"loving, caring",[768-dim vector],Asian_Unknown_Upper,0.9,1
979,Song of Solomon,Toni Morrison,1977,Character_979,"Character_979 is described as independent, resilient, reflecting White female identity.",Female,White,Middle,"independent, resilient",[768-dim vector],White_Female_Middle,0.69,1
980,Moby-Dick,Herman Melville,1851,Character_980,"Character_980 is described as heroic, loving, reflecting Indigenous non-binary identity.",Non-binary,Indigenous,Unknown,"heroic, loving",[768-dim vector],Indigenous_Non-binary_Unknown,0.68,1
981,The Scarlet Letter,Nathaniel Hawthorne,1850,Character_981,"Character_981 is described as loving, strong, reflecting Unknown male identity.",Male,Unknown,Working,"loving, strong",[768-dim vector],Unknown_Male_Working,0.37,1
982,White Noise,Don DeLillo,1985,Character_982,"Character_982 is described as loving, heroic, reflecting Black male identity.",Male,Black,Middle,"loving, heroic",[768-dim vector],Black_Male_Middle,0.8,1
983,To Kill a Mockingbird,Harper Lee,1960,Character_983,"Character_983 is described as devoted, hopeful, reflecting White unknown identity.",Unknown,White,Middle,"devoted, hopeful",[768-dim vector],White_Unknown_Middle,0.64,1
984,To Kill a Mockingbird,Harper Lee,1960,Character_984,"Character_984 is described as loyal, tragic, reflecting Asian non-binary identity.",Non-binary,Asian,Enslaved/Servant,"loyal, tragic",[768-dim vector],Asian_Non-binary_Enslaved/Servant,0.41,1
985,Their Eyes Were Watching God,Zora Neale Hurston,1937,Character_985,"Character_985 is described as brave, fearless, reflecting Mixed non-binary identity.",Non-binary,Mixed,Unknown,"brave, fearless",[768-dim vector],Mixed_Non-binary_Unknown,0.5,0
986,White Noise,Don DeLillo,1985,Character_986,"Character_986 is described as hopeful, resilient, reflecting Indigenous non-binary identity.",Non-binary,Indigenous,Upper,"hopeful, resilient",[768-dim vector],Indigenous_Non-binary_Upper,0.31,1
987,The Scarlet Letter,Nathaniel Hawthorne,1850,Character_987,"Character_987 is described as defiant, strong, reflecting Asian non-binary identity.",Non-binary,Asian,Unknown,"defiant, strong",[768-dim vector],Asian_Non-binary_Unknown,0.46,1
988,Adventures of Huckleberry Finn,Mark Twain,1884,Character_988,"Character_988 is described as loyal, resilient, reflecting Indigenous male identity.",Male,Indigenous,Working,"loyal, resilient",[768-dim vector],Indigenous_Male_Working,0.48,1
989,Invisible Man,Ralph Ellison,1952,Character_989,"Character_989 is described as caring, visionary, reflecting Asian male identity.",Male,Asian,Middle,"caring, visionary",[768-dim vector],Asian_Male_Middle,0.46,1
990,Their Eyes Were Watching God,Zora Neale Hurston,1937,Character_990,"Character_990 is described as defiant, rebellious, reflecting Mixed female identity.",Female,Mixed,Working,"defiant, rebellious",[768-dim vector],Mixed_Female_Working,0.82,1
991,Beloved,Toni Morrison,1987,Character_991,"Character_991 is described as visionary, tragic, reflecting Black male identity.",Male,Black,Upper,"visionary, tragic",[768-dim vector],Black_Male_Upper,0.41,1
992,The Scarlet Letter,Nathaniel Hawthorne,1850,Character_992,"Character_992 is described as fearless, loving, reflecting Mixed unknown identity.",Unknown,Mixed,Middle,"fearless, loving",[768-dim vector],Mixed_Unknown_Middle,0.57,1
993,To Kill a Mockingbird,Harper Lee,1960,Character_993,"Character_993 is described as rebellious, tragic, reflecting Indigenous non-binary identity.",Non-binary,Indigenous,Middle,"rebellious, tragic",[768-dim vector],Indigenous_Non-binary_Middle,0.38,0
994,Adventures of Huckleberry Finn,Mark Twain,1884,Character_994,"Character_994 is described as visionary, strong, reflecting Unknown female identity.",Female,Unknown,Upper,"visionary, strong",[768-dim vector],Unknown_Female_Upper,0.74,1
995,Song of Solomon,Toni Morrison,1977,Character_995,"Character_995 is described as loyal, submissive, reflecting White male identity.",Male,White,Working,"loyal, submissive",[768-dim vector],White_Male_Working,0.56,1
996,Beloved,Toni Morrison,1987,Character_996,"Character_996 is described as tragic, independent, reflecting White unknown identity.",Unknown,White,Upper,"tragic, independent",[768-dim vector],White_Unknown_Upper,0.76,0
997,The Scarlet Letter,Nathaniel Hawthorne,1850,Character_997,"Character_997 is described as loving, fearless, reflecting Unknown non-binary identity.",Non-binary,Unknown,Middle,"loving, fearless",[768-dim vector],Unknown_Non-binary_Middle,0.67,0
998,The Great Gatsby,F. Scott Fitzgerald,1925,Character_998,"Character_998 is described as loving, visionary, reflecting Indigenous non-binary identity.",Non-binary,Indigenous,Unknown,"loving, visionary",[768-dim vector],Indigenous_Non-binary_Unknown,0.75,1
999,Moby-Dick,Herman Melville,1851,Character_999,"Character_999 is described as resilient, rebellious, reflecting Black non-binary identity.",Non-binary,Black,Middle,"resilient, rebellious",[768-dim vector],Black_Non-binary_Middle,0.87,0
1000,The Scarlet Letter,Nathaniel Hawthorne,1850,Character_1000,"Character_1000 is described as caring, loving, reflecting Black male identity.",Male,Black,Unknown,"caring, loving",[768-dim vector],Black_Male_Unknown,0.33,0
1001,Their Eyes Were Watching God,Zora Neale Hurston,1937,Character_1001,"Character_1001 is described as noble, defiant, reflecting Unknown female identity.",Female,Unknown,Working,"noble, defiant",[768-dim vector],Unknown_Female_Working,0.46,0
1002,Moby-Dick,Herman Melville,1851,Character_1002,"Character_1002 is described as heroic, visionary, reflecting Mixed non-binary identity.",Non-binary,Mixed,Working,"heroic, visionary",[768-dim vector],Mixed_Non-binary_Working,0.84,0
1003,The Scarlet Letter,Nathaniel Hawthorne,1850,Character_1003,"Character_1003 is described as loyal, rebellious, reflecting White female identity.",Female,White,Enslaved/Servant,"loyal, rebellious",[768-dim vector],White_Female_Enslaved/Servant,0.46,1
1004,Invisible Man,Ralph Ellison,1952,Character_1004,"Character_1004 is described as strong, defiant, reflecting White male identity.",Male,White,Enslaved/Servant,"strong, defiant",[768-dim vector],White_Male_Enslaved/Servant,0.57,1
1005,White Noise,Don DeLillo,1985,Character_1005,"Character_1005 is described as independent, loving, reflecting Mixed unknown identity.",Unknown,Mixed,Working,"independent, loving",[768-dim vector],Mixed_Unknown_Working,0.34,1
1006,The Great Gatsby,F. Scott Fitzgerald,1925,Character_1006,"Character_1006 is described as hopeful, submissive, reflecting Asian male identity.",Male,Asian,Unknown,"hopeful, submissive",[768-dim vector],Asian_Male_Unknown,0.32,0
1007,To Kill a Mockingbird,Harper Lee,1960,Character_1007,"Character_1007 is described as visionary, devoted, reflecting Asian male identity.",Male,Asian,Working,"visionary, devoted",[768-dim vector],Asian_Male_Working,0.84,0
1008,The Great Gatsby,F. Scott Fitzgerald,1925,Character_1008,"Character_1008 is described as resilient, caring, reflecting Black female identity.",Female,Black,Unknown,"resilient, caring",[768-dim vector],Black_Female_Unknown,0.62,1
1009,Invisible Man,Ralph Ellison,1952,Character_1009,"Character_1009 is described as loving, visionary, reflecting Unknown female identity.",Female,Unknown,Working,"loving, visionary",[768-dim vector],Unknown_Female_Working,0.51,1
1010,To Kill a Mockingbird,Harper Lee,1960,Character_1010,"Character_1010 is described as rebellious, caring, reflecting White male identity.",Male,White,Enslaved/Servant,"rebellious, caring",[768-dim vector],White_Male_Enslaved/Servant,0.31,1
1011,To Kill a Mockingbird,Harper Lee,1960,Character_1011,"Character_1011 is described as caring, hopeful, reflecting Black unknown identity.",Unknown,Black,Working,"caring, hopeful",[768-dim vector],Black_Unknown_Working,0.88,1
1012,Song of Solomon,Toni Morrison,1977,Character_1012,"Character_1012 is described as loving, submissive, reflecting Asian male identity.",Male,Asian,Upper,"loving, submissive",[768-dim vector],Asian_Male_Upper,0.86,0
1013,Their Eyes Were Watching God,Zora Neale Hurston,1937,Character_1013,"Character_1013 is described as oppressed, noble, reflecting Asian unknown identity.",Unknown,Asian,Unknown,"oppressed, noble",[768-dim vector],Asian_Unknown_Unknown,0.55,0
1014,White Noise,Don DeLillo,1985,Character_1014,"Character_1014 is described as devoted, strong, reflecting Mixed female identity.",Female,Mixed,Middle,"devoted, strong",[768-dim vector],Mixed_Female_Middle,0.74,1
1015,Moby-Dick,Herman Melville,1851,Character_1015,"Character_1015 is described as oppressed, heroic, reflecting Black non-binary identity.",Non-binary,Black,Unknown,"oppressed, heroic",[768-dim vector],Black_Non-binary_Unknown,0.45,1
1016,White Noise,Don DeLillo,1985,Character_1016,"Character_1016 is described as defiant, submissive, reflecting Mixed non-binary identity.",Non-binary,Mixed,Middle,"defiant, submissive",[768-dim vector],Mixed_Non-binary_Middle,0.42,1
1017,White Noise,Don DeLillo,1985,Character_1017,"Character_1017 is described as visionary, loving, reflecting White unknown identity.",Unknown,White,Unknown,"visionary, loving",[768-dim vector],White_Unknown_Unknown,0.58,1
1018,Song of Solomon,Toni Morrison,1977,Character_1018,"Character_1018 is described as independent, strong, reflecting Asian male identity.",Male,Asian,Middle,"independent, strong",[768-dim vector],Asian_Male_Middle,0.67,1
1019,Moby-Dick,Herman Melville,1851,Character_1019,"Character_1019 is described as strong, loving, reflecting Unknown male identity.",Male,Unknown,Unknown,"strong, loving",[768-dim vector],Unknown_Male_Unknown,0.37,0
1020,To Kill a Mockingbird,Harper Lee,1960,Character_1020,"Character_1020 is described as hopeful, brave, reflecting White male identity.",Male,White,Middle,"hopeful, brave",[768-dim vector],White_Male_Middle,0.44,0
1021,Adventures of Huckleberry Finn,Mark Twain,1884,Character_1021,"Character_1021 is described as independent, strong, reflecting Asian female identity.",Female,Asian,Unknown,"independent, strong",[768-dim vector],Asian_Female_Unknown,0.81,1
1022,White Noise,Don DeLillo,1985,Character_1022,"Character_1022 is described as loving, independent, reflecting Black unknown identity.",Unknown,Black,Middle,"loving, independent",[768-dim vector],Black_Unknown_Middle,0.61,0
1023,White Noise,Don DeLillo,1985,Character_1023,"Character_1023 is described as submissive, brave, reflecting Asian non-binary identity.",Non-binary,Asian,Working,"submissive, brave",[768-dim vector],Asian_Non-binary_Working,0.82,1
1024,White Noise,Don DeLillo,1985,Character_1024,"Character_1024 is described as loyal, caring, reflecting Black unknown identity.",Unknown,Black,Working,"loyal, caring",[768-dim vector],Black_Unknown_Working,0.34,1
1025,Song of Solomon,Toni Morrison,1977,Character_1025,"Character_1025 is described as caring, rebellious, reflecting White male identity.",Male,White,Unknown,"caring, rebellious",[768-dim vector],White_Male_Unknown,0.63,0
1026,Their Eyes Were Watching God,Zora Neale Hurston,1937,Character_1026,"Character_1026 is described as strong, loving, reflecting Black male identity.",Male,Black,Enslaved/Servant,"strong, loving",[768-dim vector],Black_Male_Enslaved/Servant,0.57,1
1027,Invisible Man,Ralph Ellison,1952,Character_1027,"Character_1027 is described as heroic, fearless, reflecting Asian unknown identity.",Unknown,Asian,Enslaved/Servant,"heroic, fearless",[768-dim vector],Asian_Unknown_Enslaved/Servant,0.4,1
1028,Adventures of Huckleberry Finn,Mark Twain,1884,Character_1028,"Character_1028 is described as heroic, strong, reflecting Black unknown identity.",Unknown,Black,Middle,"heroic, strong",[768-dim vector],Black_Unknown_Middle,0.81,1
1029,Beloved,Toni Morrison,1987,Character_1029,"Character_1029 is described as hopeful, heroic, reflecting Black unknown identity.",Unknown,Black,Working,"hopeful, heroic",[768-dim vector],Black_Unknown_Working,0.58,1
1030,The Scarlet Letter,Nathaniel Hawthorne,1850,Character_1030,"Character_1030 is described as hopeful, devoted, reflecting Unknown male identity.",Male,Unknown,Upper,"hopeful, devoted",[768-dim vector],Unknown_Male_Upper,0.69,1
1031,Invisible Man,Ralph Ellison,1952,Character_1031,"Character_1031 is described as oppressed, visionary, reflecting White female identity.",Female,White,Middle,"oppressed, visionary",[768-dim vector],White_Female_Middle,0.34,1
1032,White Noise,Don DeLillo,1985,Character_1032,"Character_1032 is described as visionary, tragic, reflecting Mixed unknown identity.",Unknown,Mixed,Middle,"visionary, tragic",[768-dim vector],Mixed_Unknown_Middle,0.78,1
1033,Invisible Man,Ralph Ellison,1952,Character_1033,"Character_1033 is described as noble, defiant, reflecting Asian unknown identity.",Unknown,Asian,Working,"noble, defiant",[768-dim vector],Asian_Unknown_Working,0.33,1
1034,Invisible Man,Ralph Ellison,1952,Character_1034,"Character_1034 is described as noble, tragic, reflecting Mixed male identity.",Male,Mixed,Enslaved/Servant,"noble, tragic",[768-dim vector],Mixed_Male_Enslaved/Servant,0.42,0
1035,Their Eyes Were Watching God,Zora Neale Hurston,1937,Character_1035,"Character_1035 is described as caring, loyal, reflecting Mixed unknown identity.",Unknown,Mixed,Unknown,"caring, loyal",[768-dim vector],Mixed_Unknown_Unknown,0.4,1
1036,The Scarlet Letter,Nathaniel Hawthorne,1850,Character_1036,"Character_1036 is described as rebellious, devoted, reflecting Unknown unknown identity.",Unknown,Unknown,Working,"rebellious, devoted",[768-dim vector],Unknown_Unknown_Working,0.75,1
1037,Moby-Dick,Herman Melville,1851,Character_1037,"Character_1037 is described as resilient, visionary, reflecting Unknown female identity.",Female,Unknown,Unknown,"resilient, visionary",[768-dim vector],Unknown_Female_Unknown,0.42,1
1038,Song of Solomon,Toni Morrison,1977,Character_1038,"Character_1038 is described as submissive, noble, reflecting Mixed male identity.",Male,Mixed,Unknown,"submissive, noble",[768-dim vector],Mixed_Male_Unknown,0.83,1
1039,To Kill a Mockingbird,Harper Lee,1960,Character_1039,"Character_1039 is described as independent, loyal, reflecting Unknown male identity.",Male,Unknown,Unknown,"independent, loyal",[768-dim vector],Unknown_Male_Unknown,0.44,1
1040,Beloved,Toni Morrison,1987,Character_1040,"Character_1040 is described as tragic, devoted, reflecting Asian male identity.",Male,Asian,Enslaved/Servant,"tragic, devoted",[768-dim vector],Asian_Male_Enslaved/Servant,0.89,1
1041,White Noise,Don DeLillo,1985,Character_1041,"Character_1041 is described as independent, heroic, reflecting Asian non-binary identity.",Non-binary,Asian,Working,"independent, heroic",[768-dim vector],Asian_Non-binary_Working,0.32,0
1042,Adventures of Huckleberry Finn,Mark Twain,1884,Character_1042,"Character_1042 is described as independent, resilient, reflecting Unknown male identity.",Male,Unknown,Unknown,"independent, resilient",[768-dim vector],Unknown_Male_Unknown,0.58,1
1043,The Scarlet Letter,Nathaniel Hawthorne,1850,Character_1043,"Character_1043 is described as loyal, independent, reflecting Mixed unknown identity.",Unknown,Mixed,Middle,"loyal, independent",[768-dim vector],Mixed_Unknown_Middle,0.62,1
1044,White Noise,Don DeLillo,1985,Character_1044,"Character_1044 is described as submissive, hopeful, reflecting Indigenous male identity.",Male,Indigenous,Enslaved/Servant,"submissive, hopeful",[768-dim vector],Indigenous_Male_Enslaved/Servant,0.36,1
1045,Song of Solomon,Toni Morrison,1977,Character_1045,"Character_1045 is described as hopeful, resilient, reflecting Indigenous male identity.",Male,Indigenous,Working,"hopeful, resilient",[768-dim vector],Indigenous_Male_Working,0.79,1
1046,Their Eyes Were Watching God,Zora Neale Hurston,1937,Character_1046,"Character_1046 is described as defiant, hopeful, reflecting White non-binary identity.",Non-binary,White,Upper,"defiant, hopeful",[768-dim vector],White_Non-binary_Upper,0.77,1
1047,To Kill a Mockingbird,Harper Lee,1960,Character_1047,"Character_1047 is described as noble, devoted, reflecting Black non-binary identity.",Non-binary,Black,Working,"noble, devoted",[768-dim vector],Black_Non-binary_Working,0.42,1
1048,Adventures of Huckleberry Finn,Mark Twain,1884,Character_1048,"Character_1048 is described as hopeful, heroic, reflecting Indigenous male identity.",Male,Indigenous,Upper,"hopeful, heroic",[768-dim vector],Indigenous_Male_Upper,0.47,1
1049,To Kill a Mockingbird,Harper Lee,1960,Character_1049,"Character_1049 is described as visionary, defiant, reflecting Asian unknown identity.",Unknown,Asian,Middle,"visionary, defiant",[768-dim vector],Asian_Unknown_Middle,0.65,1
1050,The Great Gatsby,F. Scott Fitzgerald,1925,Character_1050,"Character_1050 is described as rebellious, loyal, reflecting White non-binary identity.",Non-binary,White,Working,"rebellious, loyal",[768-dim vector],White_Non-binary_Working,0.78,1
1051,Adventures of Huckleberry Finn,Mark Twain,1884,Character_1051,"Character_1051 is described as independent, devoted, reflecting Asian unknown identity.",Unknown,Asian,Enslaved/Servant,"independent, devoted",[768-dim vector],Asian_Unknown_Enslaved/Servant,0.85,1
1052,Song of Solomon,Toni Morrison,1977,Character_1052,"Character_1052 is described as devoted, resilient, reflecting Asian female identity.",Female,Asian,Enslaved/Servant,"devoted, resilient",[768-dim vector],Asian_Female_Enslaved/Servant,0.39,1
1053,Adventures of Huckleberry Finn,Mark Twain,1884,Character_1053,"Character_1053 is described as visionary, strong, reflecting White unknown identity.",Unknown,White,Working,"visionary, strong",[768-dim vector],White_Unknown_Working,0.78,1
1054,Beloved,Toni Morrison,1987,Character_1054,"Character_1054 is described as caring, oppressed, reflecting White male identity.",Male,White,Unknown,"caring, oppressed",[768-dim vector],White_Male_Unknown,0.81,1
1055,White Noise,Don DeLillo,1985,Character_1055,"Character_1055 is described as resilient, rebellious, reflecting Indigenous non-binary identity.",Non-binary,Indigenous,Working,"resilient, rebellious",[768-dim vector],Indigenous_Non-binary_Working,0.47,1
1056,Their Eyes Were Watching God,Zora Neale Hurston,1937,Character_1056,"Character_1056 is described as fearless, tragic, reflecting Asian unknown identity.",Unknown,Asian,Middle,"fearless, tragic",[768-dim vector],Asian_Unknown_Middle,0.38,0
1057,Beloved,Toni Morrison,1987,Character_1057,"Character_1057 is described as brave, heroic, reflecting Indigenous female identity.",Female,Indigenous,Unknown,"brave, heroic",[768-dim vector],Indigenous_Female_Unknown,0.41,1
1058,Moby-Dick,Herman Melville,1851,Character_1058,"Character_1058 is described as tragic, rebellious, reflecting Asian male identity.",Male,Asian,Upper,"tragic, rebellious",[768-dim vector],Asian_Male_Upper,0.69,0
1059,To Kill a Mockingbird,Harper Lee,1960,Character_1059,"Character_1059 is described as resilient, fearless, reflecting Black non-binary identity.",Non-binary,Black,Working,"resilient, fearless",[768-dim vector],Black_Non-binary_Working,0.56,1
1060,The Scarlet Letter,Nathaniel Hawthorne,1850,Character_1060,"Character_1060 is described as loyal, fearless, reflecting Mixed male identity.",Male,Mixed,Upper,"loyal, fearless",[768-dim vector],Mixed_Male_Upper,0.35,1
1061,White Noise,Don DeLillo,1985,Character_1061,"Character_1061 is described as submissive, hopeful, reflecting Unknown male identity.",Male,Unknown,Upper,"submissive, hopeful",[768-dim vector],Unknown_Male_Upper,0.78,1
1062,Invisible Man,Ralph Ellison,1952,Character_1062,"Character_1062 is described as resilient, independent, reflecting White female identity.",Female,White,Middle,"resilient, independent",[768-dim vector],White_Female_Middle,0.88,1
1063,To Kill a Mockingbird,Harper Lee,1960,Character_1063,"Character_1063 is described as resilient, oppressed, reflecting Unknown male identity.",Male,Unknown,Enslaved/Servant,"resilient, oppressed",[768-dim vector],Unknown_Male_Enslaved/Servant,0.89,1
1064,Beloved,Toni Morrison,1987,Character_1064,"Character_1064 is described as resilient, loyal, reflecting Black non-binary identity.",Non-binary,Black,Upper,"resilient, loyal",[768-dim vector],Black_Non-binary_Upper,0.68,0
1065,Invisible Man,Ralph Ellison,1952,Character_1065,"Character_1065 is described as resilient, heroic, reflecting Indigenous unknown identity.",Unknown,Indigenous,Upper,"resilient, heroic",[768-dim vector],Indigenous_Unknown_Upper,0.83,1
1066,Adventures of Huckleberry Finn,Mark Twain,1884,Character_1066,"Character_1066 is described as fearless, strong, reflecting White unknown identity.",Unknown,White,Enslaved/Servant,"fearless, strong",[768-dim vector],White_Unknown_Enslaved/Servant,0.4,0
1067,Adventures of Huckleberry Finn,Mark Twain,1884,Character_1067,"Character_1067 is described as heroic, oppressed, reflecting White unknown identity.",Unknown,White,Middle,"heroic, oppressed",[768-dim vector],White_Unknown_Middle,0.64,1
1068,The Great Gatsby,F. Scott Fitzgerald,1925,Character_1068,"Character_1068 is described as rebellious, loyal, reflecting Asian male identity.",Male,Asian,Working,"rebellious, loyal",[768-dim vector],Asian_Male_Working,0.73,1
1069,Moby-Dick,Herman Melville,1851,Character_1069,"Character_1069 is described as visionary, brave, reflecting Mixed male identity.",Male,Mixed,Working,"visionary, brave",[768-dim vector],Mixed_Male_Working,0.35,1
1070,To Kill a Mockingbird,Harper Lee,1960,Character_1070,"Character_1070 is described as loyal, strong, reflecting Unknown female identity.",Female,Unknown,Upper,"loyal, strong",[768-dim vector],Unknown_Female_Upper,0.41,1
1071,Their Eyes Were Watching God,Zora Neale Hurston,1937,Character_1071,"Character_1071 is described as strong, brave, reflecting Unknown female identity.",Female,Unknown,Working,"strong, brave",[768-dim vector],Unknown_Female_Working,0.79,1
1072,Song of Solomon,Toni Morrison,1977,Character_1072,"Character_1072 is described as strong, submissive, reflecting Asian unknown identity.",Unknown,Asian,Enslaved/Servant,"strong, submissive",[768-dim vector],Asian_Unknown_Enslaved/Servant,0.73,1
1073,Song of Solomon,Toni Morrison,1977,Character_1073,"Character_1073 is described as devoted, rebellious, reflecting White female identity.",Female,White,Enslaved/Servant,"devoted, rebellious",[768-dim vector],White_Female_Enslaved/Servant,0.58,1
1074,White Noise,Don DeLillo,1985,Character_1074,"Character_1074 is described as strong, loyal, reflecting Indigenous non-binary identity.",Non-binary,Indigenous,Working,"strong, loyal",[768-dim vector],Indigenous_Non-binary_Working,0.58,1
1075,Moby-Dick,Herman Melville,1851,Character_1075,"Character_1075 is described as submissive, visionary, reflecting Mixed non-binary identity.",Non-binary,Mixed,Working,"submissive, visionary",[768-dim vector],Mixed_Non-binary_Working,0.6,1
1076,Their Eyes Were Watching God,Zora Neale Hurston,1937,Character_1076,"Character_1076 is described as loyal, strong, reflecting Black female identity.",Female,Black,Unknown,"loyal, strong",[768-dim vector],Black_Female_Unknown,0.5,0
1077,The Great Gatsby,F. Scott Fitzgerald,1925,Character_1077,"Character_1077 is described as rebellious, caring, reflecting Unknown non-binary identity.",Non-binary,Unknown,Enslaved/Servant,"rebellious, caring",[768-dim vector],Unknown_Non-binary_Enslaved/Servant,0.73,1
1078,To Kill a Mockingbird,Harper Lee,1960,Character_1078,"Character_1078 is described as fearless, hopeful, reflecting Unknown male identity.",Male,Unknown,Enslaved/Servant,"fearless, hopeful",[768-dim vector],Unknown_Male_Enslaved/Servant,0.36,0
1079,The Scarlet Letter,Nathaniel Hawthorne,1850,Character_1079,"Character_1079 is described as noble, devoted, reflecting White female identity.",Female,White,Unknown,"noble, devoted",[768-dim vector],White_Female_Unknown,0.39,1
1080,Invisible Man,Ralph Ellison,1952,Character_1080,"Character_1080 is described as devoted, visionary, reflecting Mixed male identity.",Male,Mixed,Working,"devoted, visionary",[768-dim vector],Mixed_Male_Working,0.57,1
1081,The Scarlet Letter,Nathaniel Hawthorne,1850,Character_1081,"Character_1081 is described as loving, loyal, reflecting Indigenous male identity.",Male,Indigenous,Upper,"loving, loyal",[768-dim vector],Indigenous_Male_Upper,0.69,1
1082,Invisible Man,Ralph Ellison,1952,Character_1082,"Character_1082 is described as visionary, hopeful, reflecting Black male identity.",Male,Black,Unknown,"visionary, hopeful",[768-dim vector],Black_Male_Unknown,0.51,1
1083,White Noise,Don DeLillo,1985,Character_1083,"Character_1083 is described as hopeful, devoted, reflecting White female identity.",Female,White,Upper,"hopeful, devoted",[768-dim vector],White_Female_Upper,0.58,1
1084,The Scarlet Letter,Nathaniel Hawthorne,1850,Character_1084,"Character_1084 is described as noble, hopeful, reflecting Mixed unknown identity.",Unknown,Mixed,Upper,"noble, hopeful",[768-dim vector],Mixed_Unknown_Upper,0.68,0
1085,The Scarlet Letter,Nathaniel Hawthorne,1850,Character_1085,"Character_1085 is described as independent, rebellious, reflecting Unknown female identity.",Female,Unknown,Upper,"independent, rebellious",[768-dim vector],Unknown_Female_Upper,0.71,1
1086,To Kill a Mockingbird,Harper Lee,1960,Character_1086,"Character_1086 is described as rebellious, heroic, reflecting Mixed female identity.",Female,Mixed,Upper,"rebellious, heroic",[768-dim vector],Mixed_Female_Upper,0.71,0
1087,To Kill a Mockingbird,Harper Lee,1960,Character_1087,"Character_1087 is described as oppressed, loving, reflecting White female identity.",Female,White,Middle,"oppressed, loving",[768-dim vector],White_Female_Middle,0.4,1
1088,Invisible Man,Ralph Ellison,1952,Character_1088,"Character_1088 is described as heroic, hopeful, reflecting White non-binary identity.",Non-binary,White,Unknown,"heroic, hopeful",[768-dim vector],White_Non-binary_Unknown,0.44,1
1089,Beloved,Toni Morrison,1987,Character_1089,"Character_1089 is described as defiant, loving, reflecting White female identity.",Female,White,Unknown,"defiant, loving",[768-dim vector],White_Female_Unknown,0.47,1
1090,Moby-Dick,Herman Melville,1851,Character_1090,"Character_1090 is described as oppressed, defiant, reflecting Indigenous male identity.",Male,Indigenous,Middle,"oppressed, defiant",[768-dim vector],Indigenous_Male_Middle,0.72,1
1091,Beloved,Toni Morrison,1987,Character_1091,"Character_1091 is described as loyal, hopeful, reflecting Asian female identity.",Female,Asian,Middle,"loyal, hopeful",[768-dim vector],Asian_Female_Middle,0.48,0
1092,Moby-Dick,Herman Melville,1851,Character_1092,"Character_1092 is described as devoted, submissive, reflecting Black unknown identity.",Unknown,Black,Upper,"devoted, submissive",[768-dim vector],Black_Unknown_Upper,0.32,1
1093,The Scarlet Letter,Nathaniel Hawthorne,1850,Character_1093,"Character_1093 is described as independent, oppressed, reflecting Black male identity.",Male,Black,Upper,"independent, oppressed",[768-dim vector],Black_Male_Upper,0.69,1
1094,To Kill a Mockingbird,Harper Lee,1960,Character_1094,"Character_1094 is described as resilient, tragic, reflecting Black female identity.",Female,Black,Middle,"resilient, tragic",[768-dim vector],Black_Female_Middle,0.82,1
1095,To Kill a Mockingbird,Harper Lee,1960,Character_1095,"Character_1095 is described as loyal, defiant, reflecting Black unknown identity.",Unknown,Black,Middle,"loyal, defiant",[768-dim vector],Black_Unknown_Middle,0.77,1
1096,To Kill a Mockingbird,Harper Lee,1960,Character_1096,"Character_1096 is described as caring, oppressed, reflecting Unknown male identity.",Male,Unknown,Working,"caring, oppressed",[768-dim vector],Unknown_Male_Working,0.46,1
1097,The Scarlet Letter,Nathaniel Hawthorne,1850,Character_1097,"Character_1097 is described as tragic, rebellious, reflecting Black female identity.",Female,Black,Upper,"tragic, rebellious",[768-dim vector],Black_Female_Upper,0.7,1
1098,White Noise,Don DeLillo,1985,Character_1098,"Character_1098 is described as noble, visionary, reflecting Mixed non-binary identity.",Non-binary,Mixed,Unknown,"noble, visionary",[768-dim vector],Mixed_Non-binary_Unknown,0.37,1
1099,The Great Gatsby,F. Scott Fitzgerald,1925,Character_1099,"Character_1099 is described as rebellious, hopeful, reflecting White non-binary identity.",Non-binary,White,Middle,"rebellious, hopeful",[768-dim vector],White_Non-binary_Middle,0.58,1
1100,To Kill a Mockingbird,Harper Lee,1960,Character_1100,"Character_1100 is described as loyal, heroic, reflecting Black unknown identity.",Unknown,Black,Middle,"loyal, heroic",[768-dim vector],Black_Unknown_Middle,0.63,1
1101,Beloved,Toni Morrison,1987,Character_1101,"Character_1101 is described as resilient, loving, reflecting Black non-binary identity.",Non-binary,Black,Enslaved/Servant,"resilient, loving",[768-dim vector],Black_Non-binary_Enslaved/Servant,0.89,0
1102,White Noise,Don DeLillo,1985,Character_1102,"Character_1102 is described as loyal, defiant, reflecting White unknown identity.",Unknown,White,Upper,"loyal, defiant",[768-dim vector],White_Unknown_Upper,0.55,0
1103,Adventures of Huckleberry Finn,Mark Twain,1884,Character_1103,"Character_1103 is described as rebellious, submissive, reflecting Asian male identity.",Male,Asian,Unknown,"rebellious, submissive",[768-dim vector],Asian_Male_Unknown,0.74,1
1104,The Great Gatsby,F. Scott Fitzgerald,1925,Character_1104,"Character_1104 is described as loving, oppressed, reflecting Mixed unknown identity.",Unknown,Mixed,Unknown,"loving, oppressed",[768-dim vector],Mixed_Unknown_Unknown,0.47,1
1105,The Great Gatsby,F. Scott Fitzgerald,1925,Character_1105,"Character_1105 is described as loving, noble, reflecting Black non-binary identity.",Non-binary,Black,Upper,"loving, noble",[768-dim vector],Black_Non-binary_Upper,0.48,1
1106,Moby-Dick,Herman Melville,1851,Character_1106,"Character_1106 is described as fearless, strong, reflecting Unknown female identity.",Female,Unknown,Enslaved/Servant,"fearless, strong",[768-dim vector],Unknown_Female_Enslaved/Servant,0.75,1
1107,The Great Gatsby,F. Scott Fitzgerald,1925,Character_1107,"Character_1107 is described as devoted, loyal, reflecting Asian male identity.",Male,Asian,Unknown,"devoted, loyal",[768-dim vector],Asian_Male_Unknown,0.31,1
1108,Invisible Man,Ralph Ellison,1952,Character_1108,"Character_1108 is described as visionary, defiant, reflecting Black female identity.",Female,Black,Unknown,"visionary, defiant",[768-dim vector],Black_Female_Unknown,0.74,1
1109,Invisible Man,Ralph Ellison,1952,Character_1109,"Character_1109 is described as fearless, caring, reflecting Black non-binary identity.",Non-binary,Black,Enslaved/Servant,"fearless, caring",[768-dim vector],Black_Non-binary_Enslaved/Servant,0.8,0
1110,Their Eyes Were Watching God,Zora Neale Hurston,1937,Character_1110,"Character_1110 is described as loyal, heroic, reflecting Indigenous female identity.",Female,Indigenous,Middle,"loyal, heroic",[768-dim vector],Indigenous_Female_Middle,0.82,0
1111,Their Eyes Were Watching God,Zora Neale Hurston,1937,Character_1111,"Character_1111 is described as visionary, oppressed, reflecting White female identity.",Female,White,Enslaved/Servant,"visionary, oppressed",[768-dim vector],White_Female_Enslaved/Servant,0.72,1
1112,Adventures of Huckleberry Finn,Mark Twain,1884,Character_1112,"Character_1112 is described as defiant, heroic, reflecting Black non-binary identity.",Non-binary,Black,Working,"defiant, heroic",[768-dim vector],Black_Non-binary_Working,0.36,0
1113,White Noise,Don DeLillo,1985,Character_1113,"Character_1113 is described as tragic, devoted, reflecting White female identity.",Female,White,Enslaved/Servant,"tragic, devoted",[768-dim vector],White_Female_Enslaved/Servant,0.31,1
1114,The Great Gatsby,F. Scott Fitzgerald,1925,Character_1114,"Character_1114 is described as brave, oppressed, reflecting Asian unknown identity.",Unknown,Asian,Working,"brave, oppressed",[768-dim vector],Asian_Unknown_Working,0.48,1
1115,The Great Gatsby,F. Scott Fitzgerald,1925,Character_1115,"Character_1115 is described as noble, hopeful, reflecting Indigenous female identity.",Female,Indigenous,Enslaved/Servant,"noble, hopeful",[768-dim vector],Indigenous_Female_Enslaved/Servant,0.48,0
1116,White Noise,Don DeLillo,1985,Character_1116,"Character_1116 is described as loyal, devoted, reflecting Asian male identity.",Male,Asian,Upper,"loyal, devoted",[768-dim vector],Asian_Male_Upper,0.75,0
1117,Song of Solomon,Toni Morrison,1977,Character_1117,"Character_1117 is described as strong, devoted, reflecting Asian male identity.",Male,Asian,Unknown,"strong, devoted",[768-dim vector],Asian_Male_Unknown,0.84,1
1118,Moby-Dick,Herman Melville,1851,Character_1118,"Character_1118 is described as submissive, brave, reflecting Asian unknown identity.",Unknown,Asian,Middle,"submissive, brave",[768-dim vector],Asian_Unknown_Middle,0.7,1
1119,Invisible Man,Ralph Ellison,1952,Character_1119,"Character_1119 is described as independent, noble, reflecting Black female identity.",Female,Black,Working,"independent, noble",[768-dim vector],Black_Female_Working,0.84,0
1120,Moby-Dick,Herman Melville,1851,Character_1120,"Character_1120 is described as defiant, visionary, reflecting Asian male identity.",Male,Asian,Working,"defiant, visionary",[768-dim vector],Asian_Male_Working,0.35,0
1121,White Noise,Don DeLillo,1985,Character_1121,"Character_1121 is described as hopeful, strong, reflecting Asian male identity.",Male,Asian,Enslaved/Servant,"hopeful, strong",[768-dim vector],Asian_Male_Enslaved/Servant,0.78,0
1122,Adventures of Huckleberry Finn,Mark Twain,1884,Character_1122,"Character_1122 is described as brave, submissive, reflecting Unknown non-binary identity.",Non-binary,Unknown,Enslaved/Servant,"brave, submissive",[768-dim vector],Unknown_Non-binary_Enslaved/Servant,0.65,1
1123,Invisible Man,Ralph Ellison,1952,Character_1123,"Character_1123 is described as independent, oppressed, reflecting Mixed non-binary identity.",Non-binary,Mixed,Upper,"independent, oppressed",[768-dim vector],Mixed_Non-binary_Upper,0.81,1
1124,Their Eyes Were Watching God,Zora Neale Hurston,1937,Character_1124,"Character_1124 is described as loving, loyal, reflecting Unknown female identity.",Female,Unknown,Upper,"loving, loyal",[768-dim vector],Unknown_Female_Upper,0.34,1
1125,Song of Solomon,Toni Morrison,1977,Character_1125,"Character_1125 is described as strong, caring, reflecting White non-binary identity.",Non-binary,White,Upper,"strong, caring",[768-dim vector],White_Non-binary_Upper,0.66,0
1126,To Kill a Mockingbird,Harper Lee,1960,Character_1126,"Character_1126 is described as defiant, submissive, reflecting Indigenous male identity.",Male,Indigenous,Working,"defiant, submissive",[768-dim vector],Indigenous_Male_Working,0.36,1
1127,Song of Solomon,Toni Morrison,1977,Character_1127,"Character_1127 is described as noble, rebellious, reflecting Black female identity.",Female,Black,Working,"noble, rebellious",[768-dim vector],Black_Female_Working,0.7,1
1128,To Kill a Mockingbird,Harper Lee,1960,Character_1128,"Character_1128 is described as loving, caring, reflecting Unknown female identity.",Female,Unknown,Middle,"loving, caring",[768-dim vector],Unknown_Female_Middle,0.83,1
1129,Their Eyes Were Watching God,Zora Neale Hurston,1937,Character_1129,"Character_1129 is described as submissive, caring, reflecting Indigenous unknown identity.",Unknown,Indigenous,Upper,"submissive, caring",[768-dim vector],Indigenous_Unknown_Upper,0.61,1
1130,Beloved,Toni Morrison,1987,Character_1130,"Character_1130 is described as tragic, rebellious, reflecting Asian unknown identity.",Unknown,Asian,Unknown,"tragic, rebellious",[768-dim vector],Asian_Unknown_Unknown,0.49,1
1131,To Kill a Mockingbird,Harper Lee,1960,Character_1131,"Character_1131 is described as caring, submissive, reflecting Asian non-binary identity.",Non-binary,Asian,Unknown,"caring, submissive",[768-dim vector],Asian_Non-binary_Unknown,0.76,1
1132,The Great Gatsby,F. Scott Fitzgerald,1925,Character_1132,"Character_1132 is described as strong, defiant, reflecting White unknown identity.",Unknown,White,Upper,"strong, defiant",[768-dim vector],White_Unknown_Upper,0.84,1
1133,Their Eyes Were Watching God,Zora Neale Hurston,1937,Character_1133,"Character_1133 is described as resilient, rebellious, reflecting White male identity.",Male,White,Middle,"resilient, rebellious",[768-dim vector],White_Male_Middle,0.66,1
1134,Adventures of Huckleberry Finn,Mark Twain,1884,Character_1134,"Character_1134 is described as tragic, brave, reflecting Black unknown identity.",Unknown,Black,Middle,"tragic, brave",[768-dim vector],Black_Unknown_Middle,0.66,1
1135,Their Eyes Were Watching God,Zora Neale Hurston,1937,Character_1135,"Character_1135 is described as hopeful, devoted, reflecting Unknown unknown identity.",Unknown,Unknown,Unknown,"hopeful, devoted",[768-dim vector],Unknown_Unknown_Unknown,0.44,1
1136,Beloved,Toni Morrison,1987,Character_1136,"Character_1136 is described as independent, fearless, reflecting Asian unknown identity.",Unknown,Asian,Upper,"independent, fearless",[768-dim vector],Asian_Unknown_Upper,0.36,1
1137,Moby-Dick,Herman Melville,1851,Character_1137,"Character_1137 is described as loving, oppressed, reflecting Black male identity.",Male,Black,Unknown,"loving, oppressed",[768-dim vector],Black_Male_Unknown,0.59,1
1138,White Noise,Don DeLillo,1985,Character_1138,"Character_1138 is described as devoted, tragic, reflecting Unknown non-binary identity.",Non-binary,Unknown,Working,"devoted, tragic",[768-dim vector],Unknown_Non-binary_Working,0.87,1
1139,Song of Solomon,Toni Morrison,1977,Character_1139,"Character_1139 is described as hopeful, independent, reflecting Asian unknown identity.",Unknown,Asian,Working,"hopeful, independent",[768-dim vector],Asian_Unknown_Working,0.75,1
1140,Adventures of Huckleberry Finn,Mark Twain,1884,Character_1140,"Character_1140 is described as caring, independent, reflecting Black non-binary identity.",Non-binary,Black,Enslaved/Servant,"caring, independent",[768-dim vector],Black_Non-binary_Enslaved/Servant,0.68,0
1141,The Scarlet Letter,Nathaniel Hawthorne,1850,Character_1141,"Character_1141 is described as visionary, defiant, reflecting Indigenous female identity.",Female,Indigenous,Working,"visionary, defiant",[768-dim vector],Indigenous_Female_Working,0.45,1
1142,White Noise,Don DeLillo,1985,Character_1142,"Character_1142 is described as independent, defiant, reflecting Unknown female identity.",Female,Unknown,Unknown,"independent, defiant",[768-dim vector],Unknown_Female_Unknown,0.58,0
1143,Adventures of Huckleberry Finn,Mark Twain,1884,Character_1143,"Character_1143 is described as rebellious, loyal, reflecting Black female identity.",Female,Black,Middle,"rebellious, loyal",[768-dim vector],Black_Female_Middle,0.38,0
1144,Beloved,Toni Morrison,1987,Character_1144,"Character_1144 is described as caring, defiant, reflecting Asian female identity.",Female,Asian,Working,"caring, defiant",[768-dim vector],Asian_Female_Working,0.88,1
1145,The Great Gatsby,F. Scott Fitzgerald,1925,Character_1145,"Character_1145 is described as caring, hopeful, reflecting Unknown male identity.",Male,Unknown,Working,"caring, hopeful",[768-dim vector],Unknown_Male_Working,0.59,0
1146,Beloved,Toni Morrison,1987,Character_1146,"Character_1146 is described as heroic, independent, reflecting Mixed unknown identity.",Unknown,Mixed,Middle,"heroic, independent",[768-dim vector],Mixed_Unknown_Middle,0.67,0
1147,Moby-Dick,Herman Melville,1851,Character_1147,"Character_1147 is described as hopeful, visionary, reflecting Asian male identity.",Male,Asian,Enslaved/Servant,"hopeful, visionary",[768-dim vector],Asian_Male_Enslaved/Servant,0.42,1
1148,Beloved,Toni Morrison,1987,Character_1148,"Character_1148 is described as tragic, loving, reflecting White female identity.",Female,White,Unknown,"tragic, loving",[768-dim vector],White_Female_Unknown,0.3,0
1149,Their Eyes Were Watching God,Zora Neale Hurston,1937,Character_1149,"Character_1149 is described as hopeful, visionary, reflecting Indigenous unknown identity.",Unknown,Indigenous,Unknown,"hopeful, visionary",[768-dim vector],Indigenous_Unknown_Unknown,0.43,0
1150,Beloved,Toni Morrison,1987,Character_1150,"Character_1150 is described as loyal, hopeful, reflecting Unknown male identity.",Male,Unknown,Enslaved/Servant,"loyal, hopeful",[768-dim vector],Unknown_Male_Enslaved/Servant,0.36,1
1151,Song of Solomon,Toni Morrison,1977,Character_1151,"Character_1151 is described as strong, noble, reflecting Indigenous male identity.",Male,Indigenous,Upper,"strong, noble",[768-dim vector],Indigenous_Male_Upper,0.78,1
1152,To Kill a Mockingbird,Harper Lee,1960,Character_1152,"Character_1152 is described as loyal, fearless, reflecting White non-binary identity.",Non-binary,White,Working,"loyal, fearless",[768-dim vector],White_Non-binary_Working,0.61,0
1153,White Noise,Don DeLillo,1985,Character_1153,"Character_1153 is described as brave, submissive, reflecting Indigenous female identity.",Female,Indigenous,Middle,"brave, submissive",[768-dim vector],Indigenous_Female_Middle,0.86,1
1154,Song of Solomon,Toni Morrison,1977,Character_1154,"Character_1154 is described as tragic, strong, reflecting Unknown unknown identity.",Unknown,Unknown,Upper,"tragic, strong",[768-dim vector],Unknown_Unknown_Upper,0.35,1
1155,The Great Gatsby,F. Scott Fitzgerald,1925,Character_1155,"Character_1155 is described as tragic, loyal, reflecting Indigenous unknown identity.",Unknown,Indigenous,Unknown,"tragic, loyal",[768-dim vector],Indigenous_Unknown_Unknown,0.37,1
1156,Beloved,Toni Morrison,1987,Character_1156,"Character_1156 is described as caring, strong, reflecting Black unknown identity.",Unknown,Black,Enslaved/Servant,"caring, strong",[768-dim vector],Black_Unknown_Enslaved/Servant,0.6,1
1157,Beloved,Toni Morrison,1987,Character_1157,"Character_1157 is described as caring, independent, reflecting Indigenous male identity.",Male,Indigenous,Working,"caring, independent",[768-dim vector],Indigenous_Male_Working,0.6,1
1158,To Kill a Mockingbird,Harper Lee,1960,Character_1158,"Character_1158 is described as oppressed, visionary, reflecting Black male identity.",Male,Black,Enslaved/Servant,"oppressed, visionary",[768-dim vector],Black_Male_Enslaved/Servant,0.9,0
1159,Their Eyes Were Watching God,Zora Neale Hurston,1937,Character_1159,"Character_1159 is described as oppressed, hopeful, reflecting Unknown female identity.",Female,Unknown,Enslaved/Servant,"oppressed, hopeful",[768-dim vector],Unknown_Female_Enslaved/Servant,0.46,1
1160,White Noise,Don DeLillo,1985,Character_1160,"Character_1160 is described as independent, devoted, reflecting Black male identity.",Male,Black,Middle,"independent, devoted",[768-dim vector],Black_Male_Middle,0.55,1
1161,Song of Solomon,Toni Morrison,1977,Character_1161,"Character_1161 is described as strong, submissive, reflecting White non-binary identity.",Non-binary,White,Unknown,"strong, submissive",[768-dim vector],White_Non-binary_Unknown,0.84,1
1162,The Scarlet Letter,Nathaniel Hawthorne,1850,Character_1162,"Character_1162 is described as oppressed, defiant, reflecting Unknown unknown identity.",Unknown,Unknown,Working,"oppressed, defiant",[768-dim vector],Unknown_Unknown_Working,0.66,1
1163,Song of Solomon,Toni Morrison,1977,Character_1163,"Character_1163 is described as hopeful, fearless, reflecting Unknown unknown identity.",Unknown,Unknown,Unknown,"hopeful, fearless",[768-dim vector],Unknown_Unknown_Unknown,0.79,1
1164,Adventures of Huckleberry Finn,Mark Twain,1884,Character_1164,"Character_1164 is described as devoted, loyal, reflecting Indigenous unknown identity.",Unknown,Indigenous,Unknown,"devoted, loyal",[768-dim vector],Indigenous_Unknown_Unknown,0.79,0
1165,Their Eyes Were Watching God,Zora Neale Hurston,1937,Character_1165,"Character_1165 is described as visionary, noble, reflecting Asian non-binary identity.",Non-binary,Asian,Unknown,"visionary, noble",[768-dim vector],Asian_Non-binary_Unknown,0.68,0
1166,The Scarlet Letter,Nathaniel Hawthorne,1850,Character_1166,"Character_1166 is described as independent, devoted, reflecting Black male identity.",Male,Black,Working,"independent, devoted",[768-dim vector],Black_Male_Working,0.45,0
1167,Moby-Dick,Herman Melville,1851,Character_1167,"Character_1167 is described as devoted, noble, reflecting Asian non-binary identity.",Non-binary,Asian,Middle,"devoted, noble",[768-dim vector],Asian_Non-binary_Middle,0.66,1
1168,The Scarlet Letter,Nathaniel Hawthorne,1850,Character_1168,"Character_1168 is described as submissive, caring, reflecting Indigenous male identity.",Male,Indigenous,Enslaved/Servant,"submissive, caring",[768-dim vector],Indigenous_Male_Enslaved/Servant,0.37,1
1169,White Noise,Don DeLillo,1985,Character_1169,"Character_1169 is described as resilient, devoted, reflecting Mixed unknown identity.",Unknown,Mixed,Enslaved/Servant,"resilient, devoted",[768-dim vector],Mixed_Unknown_Enslaved/Servant,0.57,1
1170,Moby-Dick,Herman Melville,1851,Character_1170,"Character_1170 is described as brave, resilient, reflecting Mixed non-binary identity.",Non-binary,Mixed,Unknown,"brave, resilient",[768-dim vector],Mixed_Non-binary_Unknown,0.37,1
1171,Adventures of Huckleberry Finn,Mark Twain,1884,Character_1171,"Character_1171 is described as visionary, hopeful, reflecting Black male identity.",Male,Black,Working,"visionary, hopeful",[768-dim vector],Black_Male_Working,0.75,0
1172,Beloved,Toni Morrison,1987,Character_1172,"Character_1172 is described as caring, oppressed, reflecting White female identity.",Female,White,Working,"caring, oppressed",[768-dim vector],White_Female_Working,0.35,1
1173,Beloved,Toni Morrison,1987,Character_1173,"Character_1173 is described as tragic, submissive, reflecting Indigenous male identity.",Male,Indigenous,Working,"tragic, submissive",[768-dim vector],Indigenous_Male_Working,0.87,1
1174,Song of Solomon,Toni Morrison,1977,Character_1174,"Character_1174 is described as rebellious, defiant, reflecting Unknown female identity.",Female,Unknown,Middle,"rebellious, defiant",[768-dim vector],Unknown_Female_Middle,0.71,1
1175,Song of Solomon,Toni Morrison,1977,Character_1175,"Character_1175 is described as resilient, caring, reflecting Indigenous non-binary identity.",Non-binary,Indigenous,Working,"resilient, caring",[768-dim vector],Indigenous_Non-binary_Working,0.66,0
1176,Moby-Dick,Herman Melville,1851,Character_1176,"Character_1176 is described as hopeful, tragic, reflecting Black non-binary identity.",Non-binary,Black,Upper,"hopeful, tragic",[768-dim vector],Black_Non-binary_Upper,0.68,1
1177,Their Eyes Were Watching God,Zora Neale Hurston,1937,Character_1177,"Character_1177 is described as loving, defiant, reflecting Asian non-binary identity.",Non-binary,Asian,Enslaved/Servant,"loving, defiant",[768-dim vector],Asian_Non-binary_Enslaved/Servant,0.67,1
1178,Moby-Dick,Herman Melville,1851,Character_1178,"Character_1178 is described as noble, fearless, reflecting Black female identity.",Female,Black,Unknown,"noble, fearless",[768-dim vector],Black_Female_Unknown,0.73,0
1179,Song of Solomon,Toni Morrison,1977,Character_1179,"Character_1179 is described as submissive, rebellious, reflecting Asian male identity.",Male,Asian,Enslaved/Servant,"submissive, rebellious",[768-dim vector],Asian_Male_Enslaved/Servant,0.84,0
1180,Adventures of Huckleberry Finn,Mark Twain,1884,Character_1180,"Character_1180 is described as independent, caring, reflecting Asian male identity.",Male,Asian,Working,"independent, caring",[768-dim vector],Asian_Male_Working,0.62,0
1181,Adventures of Huckleberry Finn,Mark Twain,1884,Character_1181,"Character_1181 is described as loving, defiant, reflecting Mixed unknown identity.",Unknown,Mixed,Unknown,"loving, defiant",[768-dim vector],Mixed_Unknown_Unknown,0.31,1
1182,Their Eyes Were Watching God,Zora Neale Hurston,1937,Character_1182,"Character_1182 is described as noble, hopeful, reflecting Unknown male identity.",Male,Unknown,Upper,"noble, hopeful",[768-dim vector],Unknown_Male_Upper,0.48,1
1183,Adventures of Huckleberry Finn,Mark Twain,1884,Character_1183,"Character_1183 is described as fearless, hopeful, reflecting Indigenous female identity.",Female,Indigenous,Middle,"fearless, hopeful",[768-dim vector],Indigenous_Female_Middle,0.65,0
1184,Moby-Dick,Herman Melville,1851,Character_1184,"Character_1184 is described as submissive, brave, reflecting Unknown unknown identity.",Unknown,Unknown,Upper,"submissive, brave",[768-dim vector],Unknown_Unknown_Upper,0.37,1
1185,To Kill a Mockingbird,Harper Lee,1960,Character_1185,"Character_1185 is described as rebellious, loyal, reflecting White unknown identity.",Unknown,White,Middle,"rebellious, loyal",[768-dim vector],White_Unknown_Middle,0.51,1
1186,Song of Solomon,Toni Morrison,1977,Character_1186,"Character_1186 is described as resilient, loyal, reflecting Asian male identity.",Male,Asian,Upper,"resilient, loyal",[768-dim vector],Asian_Male_Upper,0.69,1
1187,Moby-Dick,Herman Melville,1851,Character_1187,"Character_1187 is described as rebellious, heroic, reflecting Unknown non-binary identity.",Non-binary,Unknown,Upper,"rebellious, heroic",[768-dim vector],Unknown_Non-binary_Upper,0.72,1
1188,White Noise,Don DeLillo,1985,Character_1188,"Character_1188 is described as defiant, caring, reflecting Mixed female identity.",Female,Mixed,Middle,"defiant, caring",[768-dim vector],Mixed_Female_Middle,0.7,0
1189,The Scarlet Letter,Nathaniel Hawthorne,1850,Character_1189,"Character_1189 is described as caring, heroic, reflecting Black male identity.",Male,Black,Working,"caring, heroic",[768-dim vector],Black_Male_Working,0.48,1
1190,Adventures of Huckleberry Finn,Mark Twain,1884,Character_1190,"Character_1190 is described as submissive, rebellious, reflecting Mixed female identity.",Female,Mixed,Unknown,"submissive, rebellious",[768-dim vector],Mixed_Female_Unknown,0.57,1
1191,White Noise,Don DeLillo,1985,Character_1191,"Character_1191 is described as fearless, independent, reflecting Mixed male identity.",Male,Mixed,Middle,"fearless, independent",[768-dim vector],Mixed_Male_Middle,0.79,1
1192,Adventures of Huckleberry Finn,Mark Twain,1884,Character_1192,"Character_1192 is described as fearless, tragic, reflecting Unknown male identity.",Male,Unknown,Upper,"fearless, tragic",[768-dim vector],Unknown_Male_Upper,0.85,1
1193,To Kill a Mockingbird,Harper Lee,1960,Character_1193,"Character_1193 is described as defiant, visionary, reflecting Unknown non-binary identity.",Non-binary,Unknown,Unknown,"defiant, visionary",[768-dim vector],Unknown_Non-binary_Unknown,0.49,1
1194,Moby-Dick,Herman Melville,1851,Character_1194,"Character_1194 is described as oppressed, fearless, reflecting Indigenous female identity.",Female,Indigenous,Enslaved/Servant,"oppressed, fearless",[768-dim vector],Indigenous_Female_Enslaved/Servant,0.52,1
1195,Song of Solomon,Toni Morrison,1977,Character_1195,"Character_1195 is described as loving, rebellious, reflecting Asian female identity.",Female,Asian,Upper,"loving, rebellious",[768-dim vector],Asian_Female_Upper,0.72,1
1196,To Kill a Mockingbird,Harper Lee,1960,Character_1196,"Character_1196 is described as devoted, caring, reflecting Mixed male identity.",Male,Mixed,Middle,"devoted, caring",[768-dim vector],Mixed_Male_Middle,0.52,0
1197,Their Eyes Were Watching God,Zora Neale Hurston,1937,Character_1197,"Character_1197 is described as devoted, rebellious, reflecting White male identity.",Male,White,Working,"devoted, rebellious",[768-dim vector],White_Male_Working,0.56,0
1198,Invisible Man,Ralph Ellison,1952,Character_1198,"Character_1198 is described as independent, visionary, reflecting Asian non-binary identity.",Non-binary,Asian,Unknown,"independent, visionary",[768-dim vector],Asian_Non-binary_Unknown,0.83,1
1199,The Great Gatsby,F. Scott Fitzgerald,1925,Character_1199,"Character_1199 is described as fearless, submissive, reflecting Indigenous unknown identity.",Unknown,Indigenous,Enslaved/Servant,"fearless, submissive",[768-dim vector],Indigenous_Unknown_Enslaved/Servant,0.39,0
1200,To Kill a Mockingbird,Harper Lee,1960,Character_1200,"Character_1200 is described as devoted, rebellious, reflecting Black non-binary identity.",Non-binary,Black,Upper,"devoted, rebellious",[768-dim vector],Black_Non-binary_Upper,0.69,1
1201,Invisible Man,Ralph Ellison,1952,Character_1201,"Character_1201 is described as rebellious, hopeful, reflecting Mixed unknown identity.",Unknown,Mixed,Upper,"rebellious, hopeful",[768-dim vector],Mixed_Unknown_Upper,0.5,0
1202,Invisible Man,Ralph Ellison,1952,Character_1202,"Character_1202 is described as rebellious, defiant, reflecting Unknown unknown identity.",Unknown,Unknown,Unknown,"rebellious, defiant",[768-dim vector],Unknown_Unknown_Unknown,0.55,1
1203,Moby-Dick,Herman Melville,1851,Character_1203,"Character_1203 is described as fearless, strong, reflecting Black non-binary identity.",Non-binary,Black,Working,"fearless, strong",[768-dim vector],Black_Non-binary_Working,0.71,1
1204,Moby-Dick,Herman Melville,1851,Character_1204,"Character_1204 is described as resilient, heroic, reflecting Asian female identity.",Female,Asian,Enslaved/Servant,"resilient, heroic",[768-dim vector],Asian_Female_Enslaved/Servant,0.52,0
1205,Invisible Man,Ralph Ellison,1952,Character_1205,"Character_1205 is described as strong, devoted, reflecting Asian non-binary identity.",Non-binary,Asian,Unknown,"strong, devoted",[768-dim vector],Asian_Non-binary_Unknown,0.89,1
1206,Song of Solomon,Toni Morrison,1977,Character_1206,"Character_1206 is described as rebellious, heroic, reflecting Black non-binary identity.",Non-binary,Black,Enslaved/Servant,"rebellious, heroic",[768-dim vector],Black_Non-binary_Enslaved/Servant,0.71,0
1207,Their Eyes Were Watching God,Zora Neale Hurston,1937,Character_1207,"Character_1207 is described as hopeful, brave, reflecting Asian unknown identity.",Unknown,Asian,Middle,"hopeful, brave",[768-dim vector],Asian_Unknown_Middle,0.59,0
1208,Moby-Dick,Herman Melville,1851,Character_1208,"Character_1208 is described as brave, defiant, reflecting White male identity.",Male,White,Enslaved/Servant,"brave, defiant",[768-dim vector],White_Male_Enslaved/Servant,0.6,1
1209,Invisible Man,Ralph Ellison,1952,Character_1209,"Character_1209 is described as rebellious, submissive, reflecting Black non-binary identity.",Non-binary,Black,Working,"rebellious, submissive",[768-dim vector],Black_Non-binary_Working,0.53,0
1210,Song of Solomon,Toni Morrison,1977,Character_1210,"Character_1210 is described as independent, devoted, reflecting Asian unknown identity.",Unknown,Asian,Middle,"independent, devoted",[768-dim vector],Asian_Unknown_Middle,0.32,1
1211,To Kill a Mockingbird,Harper Lee,1960,Character_1211,"Character_1211 is described as heroic, brave, reflecting Mixed non-binary identity.",Non-binary,Mixed,Working,"heroic, brave",[768-dim vector],Mixed_Non-binary_Working,0.4,0
1212,The Scarlet Letter,Nathaniel Hawthorne,1850,Character_1212,"Character_1212 is described as visionary, loving, reflecting White unknown identity.",Unknown,White,Enslaved/Servant,"visionary, loving",[768-dim vector],White_Unknown_Enslaved/Servant,0.75,1
1213,Invisible Man,Ralph Ellison,1952,Character_1213,"Character_1213 is described as loyal, defiant, reflecting Asian unknown identity.",Unknown,Asian,Upper,"loyal, defiant",[768-dim vector],Asian_Unknown_Upper,0.47,1
1214,Song of Solomon,Toni Morrison,1977,Character_1214,"Character_1214 is described as devoted, oppressed, reflecting Unknown non-binary identity.",Non-binary,Unknown,Middle,"devoted, oppressed",[768-dim vector],Unknown_Non-binary_Middle,0.37,1
1215,Adventures of Huckleberry Finn,Mark Twain,1884,Character_1215,"Character_1215 is described as devoted, rebellious, reflecting Unknown non-binary identity.",Non-binary,Unknown,Enslaved/Servant,"devoted, rebellious",[768-dim vector],Unknown_Non-binary_Enslaved/Servant,0.49,1
1216,White Noise,Don DeLillo,1985,Character_1216,"Character_1216 is described as heroic, devoted, reflecting Unknown unknown identity.",Unknown,Unknown,Unknown,"heroic, devoted",[768-dim vector],Unknown_Unknown_Unknown,0.66,1
1217,To Kill a Mockingbird,Harper Lee,1960,Character_1217,"Character_1217 is described as strong, resilient, reflecting Mixed female identity.",Female,Mixed,Upper,"strong, resilient",[768-dim vector],Mixed_Female_Upper,0.89,0
1218,To Kill a Mockingbird,Harper Lee,1960,Character_1218,"Character_1218 is described as independent, loving, reflecting Mixed unknown identity.",Unknown,Mixed,Working,"independent, loving",[768-dim vector],Mixed_Unknown_Working,0.88,1
1219,The Scarlet Letter,Nathaniel Hawthorne,1850,Character_1219,"Character_1219 is described as hopeful, caring, reflecting Mixed male identity.",Male,Mixed,Upper,"hopeful, caring",[768-dim vector],Mixed_Male_Upper,0.53,1
1220,Beloved,Toni Morrison,1987,Character_1220,"Character_1220 is described as strong, rebellious, reflecting Unknown male identity.",Male,Unknown,Working,"strong, rebellious",[768-dim vector],Unknown_Male_Working,0.62,0
1221,Invisible Man,Ralph Ellison,1952,Character_1221,"Character_1221 is described as caring, loyal, reflecting Indigenous non-binary identity.",Non-binary,Indigenous,Enslaved/Servant,"caring, loyal",[768-dim vector],Indigenous_Non-binary_Enslaved/Servant,0.63,1
1222,The Great Gatsby,F. Scott Fitzgerald,1925,Character_1222,"Character_1222 is described as submissive, heroic, reflecting Black female identity.",Female,Black,Working,"submissive, heroic",[768-dim vector],Black_Female_Working,0.76,1
1223,Their Eyes Were Watching God,Zora Neale Hurston,1937,Character_1223,"Character_1223 is described as brave, loving, reflecting Indigenous male identity.",Male,Indigenous,Middle,"brave, loving",[768-dim vector],Indigenous_Male_Middle,0.56,1
1224,The Scarlet Letter,Nathaniel Hawthorne,1850,Character_1224,"Character_1224 is described as tragic, oppressed, reflecting Unknown unknown identity.",Unknown,Unknown,Enslaved/Servant,"tragic, oppressed",[768-dim vector],Unknown_Unknown_Enslaved/Servant,0.46,0
1225,Their Eyes Were Watching God,Zora Neale Hurston,1937,Character_1225,"Character_1225 is described as brave, loving, reflecting Unknown male identity.",Male,Unknown,Enslaved/Servant,"brave, loving",[768-dim vector],Unknown_Male_Enslaved/Servant,0.33,1
1226,Invisible Man,Ralph Ellison,1952,Character_1226,"Character_1226 is described as rebellious, devoted, reflecting Indigenous unknown identity.",Unknown,Indigenous,Unknown,"rebellious, devoted",[768-dim vector],Indigenous_Unknown_Unknown,0.46,1
1227,Moby-Dick,Herman Melville,1851,Character_1227,"Character_1227 is described as tragic, loving, reflecting Indigenous female identity.",Female,Indigenous,Enslaved/Servant,"tragic, loving",[768-dim vector],Indigenous_Female_Enslaved/Servant,0.63,1
1228,Adventures of Huckleberry Finn,Mark Twain,1884,Character_1228,"Character_1228 is described as fearless, devoted, reflecting Indigenous non-binary identity.",Non-binary,Indigenous,Enslaved/Servant,"fearless, devoted",[768-dim vector],Indigenous_Non-binary_Enslaved/Servant,0.65,0
1229,Moby-Dick,Herman Melville,1851,Character_1229,"Character_1229 is described as loyal, independent, reflecting Indigenous female identity.",Female,Indigenous,Working,"loyal, independent",[768-dim vector],Indigenous_Female_Working,0.57,1
1230,White Noise,Don DeLillo,1985,Character_1230,"Character_1230 is described as submissive, rebellious, reflecting Black unknown identity.",Unknown,Black,Unknown,"submissive, rebellious",[768-dim vector],Black_Unknown_Unknown,0.59,1
1231,White Noise,Don DeLillo,1985,Character_1231,"Character_1231 is described as tragic, devoted, reflecting Indigenous non-binary identity.",Non-binary,Indigenous,Upper,"tragic, devoted",[768-dim vector],Indigenous_Non-binary_Upper,0.9,1
1232,Invisible Man,Ralph Ellison,1952,Character_1232,"Character_1232 is described as independent, tragic, reflecting Indigenous female identity.",Female,Indigenous,Upper,"independent, tragic",[768-dim vector],Indigenous_Female_Upper,0.67,1
1233,Their Eyes Were Watching God,Zora Neale Hurston,1937,Character_1233,"Character_1233 is described as loving, fearless, reflecting Unknown unknown identity.",Unknown,Unknown,Unknown,"loving, fearless",[768-dim vector],Unknown_Unknown_Unknown,0.67,0
1234,Invisible Man,Ralph Ellison,1952,Character_1234,"Character_1234 is described as tragic, visionary, reflecting Indigenous unknown identity.",Unknown,Indigenous,Unknown,"tragic, visionary",[768-dim vector],Indigenous_Unknown_Unknown,0.54,0
1235,Song of Solomon,Toni Morrison,1977,Character_1235,"Character_1235 is described as defiant, devoted, reflecting White female identity.",Female,White,Unknown,"defiant, devoted",[768-dim vector],White_Female_Unknown,0.59,1
1236,The Great Gatsby,F. Scott Fitzgerald,1925,Character_1236,"Character_1236 is described as oppressed, loyal, reflecting Indigenous unknown identity.",Unknown,Indigenous,Unknown,"oppressed, loyal",[768-dim vector],Indigenous_Unknown_Unknown,0.44,1
1237,Song of Solomon,Toni Morrison,1977,Character_1237,"Character_1237 is described as hopeful, noble, reflecting Indigenous female identity.",Female,Indigenous,Enslaved/Servant,"hopeful, noble",[768-dim vector],Indigenous_Female_Enslaved/Servant,0.85,1
1238,Adventures of Huckleberry Finn,Mark Twain,1884,Character_1238,"Character_1238 is described as loving, submissive, reflecting Asian non-binary identity.",Non-binary,Asian,Enslaved/Servant,"loving, submissive",[768-dim vector],Asian_Non-binary_Enslaved/Servant,0.62,1
1239,The Great Gatsby,F. Scott Fitzgerald,1925,Character_1239,"Character_1239 is described as defiant, resilient, reflecting Indigenous unknown identity.",Unknown,Indigenous,Working,"defiant, resilient",[768-dim vector],Indigenous_Unknown_Working,0.38,1
1240,White Noise,Don DeLillo,1985,Character_1240,"Character_1240 is described as rebellious, hopeful, reflecting Asian female identity.",Female,Asian,Middle,"rebellious, hopeful",[768-dim vector],Asian_Female_Middle,0.37,1
1241,The Great Gatsby,F. Scott Fitzgerald,1925,Character_1241,"Character_1241 is described as visionary, devoted, reflecting Black male identity.",Male,Black,Working,"visionary, devoted",[768-dim vector],Black_Male_Working,0.47,1
1242,Song of Solomon,Toni Morrison,1977,Character_1242,"Character_1242 is described as fearless, defiant, reflecting Asian unknown identity.",Unknown,Asian,Upper,"fearless, defiant",[768-dim vector],Asian_Unknown_Upper,0.87,0
1243,Their Eyes Were Watching God,Zora Neale Hurston,1937,Character_1243,"Character_1243 is described as resilient, defiant, reflecting White female identity.",Female,White,Working,"resilient, defiant",[768-dim vector],White_Female_Working,0.58,1
1244,The Scarlet Letter,Nathaniel Hawthorne,1850,Character_1244,"Character_1244 is described as submissive, loving, reflecting White unknown identity.",Unknown,White,Upper,"submissive, loving",[768-dim vector],White_Unknown_Upper,0.59,1
1245,White Noise,Don DeLillo,1985,Character_1245,"Character_1245 is described as caring, submissive, reflecting White non-binary identity.",Non-binary,White,Enslaved/Servant,"caring, submissive",[768-dim vector],White_Non-binary_Enslaved/Servant,0.65,1
1246,Invisible Man,Ralph Ellison,1952,Character_1246,"Character_1246 is described as tragic, rebellious, reflecting Black female identity.",Female,Black,Upper,"tragic, rebellious",[768-dim vector],Black_Female_Upper,0.47,0
1247,Song of Solomon,Toni Morrison,1977,Character_1247,"Character_1247 is described as noble, rebellious, reflecting Asian non-binary identity.",Non-binary,Asian,Upper,"noble, rebellious",[768-dim vector],Asian_Non-binary_Upper,0.76,1
1248,Beloved,Toni Morrison,1987,Character_1248,"Character_1248 is described as noble, oppressed, reflecting Mixed non-binary identity.",Non-binary,Mixed,Enslaved/Servant,"noble, oppressed",[768-dim vector],Mixed_Non-binary_Enslaved/Servant,0.61,1
1249,The Great Gatsby,F. Scott Fitzgerald,1925,Character_1249,"Character_1249 is described as fearless, resilient, reflecting White female identity.",Female,White,Middle,"fearless, resilient",[768-dim vector],White_Female_Middle,0.65,1
1250,To Kill a Mockingbird,Harper Lee,1960,Character_1250,"Character_1250 is described as loyal, devoted, reflecting Indigenous unknown identity.",Unknown,Indigenous,Unknown,"loyal, devoted",[768-dim vector],Indigenous_Unknown_Unknown,0.89,1
1251,Song of Solomon,Toni Morrison,1977,Character_1251,"Character_1251 is described as loving, oppressed, reflecting Unknown non-binary identity.",Non-binary,Unknown,Upper,"loving, oppressed",[768-dim vector],Unknown_Non-binary_Upper,0.8,1
1252,To Kill a Mockingbird,Harper Lee,1960,Character_1252,"Character_1252 is described as caring, devoted, reflecting Indigenous female identity.",Female,Indigenous,Middle,"caring, devoted",[768-dim vector],Indigenous_Female_Middle,0.64,1
1253,Beloved,Toni Morrison,1987,Character_1253,"Character_1253 is described as loyal, heroic, reflecting White non-binary identity.",Non-binary,White,Unknown,"loyal, heroic",[768-dim vector],White_Non-binary_Unknown,0.42,0
1254,The Great Gatsby,F. Scott Fitzgerald,1925,Character_1254,"Character_1254 is described as independent, caring, reflecting Mixed non-binary identity.",Non-binary,Mixed,Enslaved/Servant,"independent, caring",[768-dim vector],Mixed_Non-binary_Enslaved/Servant,0.81,1
1255,Moby-Dick,Herman Melville,1851,Character_1255,"Character_1255 is described as brave, strong, reflecting Asian female identity.",Female,Asian,Enslaved/Servant,"brave, strong",[768-dim vector],Asian_Female_Enslaved/Servant,0.81,1
1256,Their Eyes Were Watching God,Zora Neale Hurston,1937,Character_1256,"Character_1256 is described as independent, fearless, reflecting White non-binary identity.",Non-binary,White,Middle,"independent, fearless",[768-dim vector],White_Non-binary_Middle,0.34,1
1257,Adventures of Huckleberry Finn,Mark Twain,1884,Character_1257,"Character_1257 is described as oppressed, loyal, reflecting Unknown unknown identity.",Unknown,Unknown,Working,"oppressed, loyal",[768-dim vector],Unknown_Unknown_Working,0.57,1
1258,Their Eyes Were Watching God,Zora Neale Hurston,1937,Character_1258,"Character_1258 is described as oppressed, loving, reflecting Asian male identity.",Male,Asian,Enslaved/Servant,"oppressed, loving",[768-dim vector],Asian_Male_Enslaved/Servant,0.68,1
1259,Invisible Man,Ralph Ellison,1952,Character_1259,"Character_1259 is described as tragic, submissive, reflecting Black male identity.",Male,Black,Working,"tragic, submissive",[768-dim vector],Black_Male_Working,0.31,1
1260,Beloved,Toni Morrison,1987,Character_1260,"Character_1260 is described as loving, visionary, reflecting Mixed unknown identity.",Unknown,Mixed,Unknown,"loving, visionary",[768-dim vector],Mixed_Unknown_Unknown,0.71,1
1261,The Scarlet Letter,Nathaniel Hawthorne,1850,Character_1261,"Character_1261 is described as visionary, hopeful, reflecting Unknown male identity.",Male,Unknown,Middle,"visionary, hopeful",[768-dim vector],Unknown_Male_Middle,0.72,0
1262,The Scarlet Letter,Nathaniel Hawthorne,1850,Character_1262,"Character_1262 is described as loving, submissive, reflecting Black unknown identity.",Unknown,Black,Working,"loving, submissive",[768-dim vector],Black_Unknown_Working,0.48,1
1263,Moby-Dick,Herman Melville,1851,Character_1263,"Character_1263 is described as hopeful, oppressed, reflecting Black female identity.",Female,Black,Unknown,"hopeful, oppressed",[768-dim vector],Black_Female_Unknown,0.78,0
1264,Beloved,Toni Morrison,1987,Character_1264,"Character_1264 is described as resilient, defiant, reflecting Asian unknown identity.",Unknown,Asian,Middle,"resilient, defiant",[768-dim vector],Asian_Unknown_Middle,0.43,1
1265,White Noise,Don DeLillo,1985,Character_1265,"Character_1265 is described as submissive, oppressed, reflecting Indigenous non-binary identity.",Non-binary,Indigenous,Middle,"submissive, oppressed",[768-dim vector],Indigenous_Non-binary_Middle,0.31,1
1266,Beloved,Toni Morrison,1987,Character_1266,"Character_1266 is described as noble, brave, reflecting Asian female identity.",Female,Asian,Enslaved/Servant,"noble, brave",[768-dim vector],Asian_Female_Enslaved/Servant,0.71,1
1267,The Scarlet Letter,Nathaniel Hawthorne,1850,Character_1267,"Character_1267 is described as fearless, resilient, reflecting White female identity.",Female,White,Enslaved/Servant,"fearless, resilient",[768-dim vector],White_Female_Enslaved/Servant,0.48,0
1268,Adventures of Huckleberry Finn,Mark Twain,1884,Character_1268,"Character_1268 is described as oppressed, resilient, reflecting Asian male identity.",Male,Asian,Unknown,"oppressed, resilient",[768-dim vector],Asian_Male_Unknown,0.74,1
1269,Adventures of Huckleberry Finn,Mark Twain,1884,Character_1269,"Character_1269 is described as rebellious, brave, reflecting Indigenous male identity.",Male,Indigenous,Middle,"rebellious, brave",[768-dim vector],Indigenous_Male_Middle,0.74,0
1270,Song of Solomon,Toni Morrison,1977,Character_1270,"Character_1270 is described as rebellious, noble, reflecting Asian unknown identity.",Unknown,Asian,Enslaved/Servant,"rebellious, noble",[768-dim vector],Asian_Unknown_Enslaved/Servant,0.75,1
1271,The Great Gatsby,F. Scott Fitzgerald,1925,Character_1271,"Character_1271 is described as devoted, strong, reflecting Indigenous female identity.",Female,Indigenous,Working,"devoted, strong",[768-dim vector],Indigenous_Female_Working,0.7,1
1272,Adventures of Huckleberry Finn,Mark Twain,1884,Character_1272,"Character_1272 is described as fearless, independent, reflecting Black unknown identity.",Unknown,Black,Unknown,"fearless, independent",[768-dim vector],Black_Unknown_Unknown,0.81,1
1273,The Great Gatsby,F. Scott Fitzgerald,1925,Character_1273,"Character_1273 is described as hopeful, brave, reflecting Black unknown identity.",Unknown,Black,Enslaved/Servant,"hopeful, brave",[768-dim vector],Black_Unknown_Enslaved/Servant,0.35,1
1274,Their Eyes Were Watching God,Zora Neale Hurston,1937,Character_1274,"Character_1274 is described as visionary, noble, reflecting Black non-binary identity.",Non-binary,Black,Unknown,"visionary, noble",[768-dim vector],Black_Non-binary_Unknown,0.35,1
1275,Beloved,Toni Morrison,1987,Character_1275,"Character_1275 is described as devoted, hopeful, reflecting White unknown identity.",Unknown,White,Upper,"devoted, hopeful",[768-dim vector],White_Unknown_Upper,0.54,0
1276,Beloved,Toni Morrison,1987,Character_1276,"Character_1276 is described as strong, oppressed, reflecting Unknown unknown identity.",Unknown,Unknown,Middle,"strong, oppressed",[768-dim vector],Unknown_Unknown_Middle,0.51,0
1277,White Noise,Don DeLillo,1985,Character_1277,"Character_1277 is described as heroic, loyal, reflecting White non-binary identity.",Non-binary,White,Upper,"heroic, loyal",[768-dim vector],White_Non-binary_Upper,0.78,1
1278,The Scarlet Letter,Nathaniel Hawthorne,1850,Character_1278,"Character_1278 is described as caring, loyal, reflecting Black non-binary identity.",Non-binary,Black,Enslaved/Servant,"caring, loyal",[768-dim vector],Black_Non-binary_Enslaved/Servant,0.34,1
1279,The Scarlet Letter,Nathaniel Hawthorne,1850,Character_1279,"Character_1279 is described as strong, independent, reflecting Mixed non-binary identity.",Non-binary,Mixed,Unknown,"strong, independent",[768-dim vector],Mixed_Non-binary_Unknown,0.61,0
1280,Invisible Man,Ralph Ellison,1952,Character_1280,"Character_1280 is described as loyal, defiant, reflecting Black non-binary identity.",Non-binary,Black,Unknown,"loyal, defiant",[768-dim vector],Black_Non-binary_Unknown,0.35,1
1281,Their Eyes Were Watching God,Zora Neale Hurston,1937,Character_1281,"Character_1281 is described as loving, visionary, reflecting Mixed female identity.",Female,Mixed,Enslaved/Servant,"loving, visionary",[768-dim vector],Mixed_Female_Enslaved/Servant,0.78,1
1282,Adventures of Huckleberry Finn,Mark Twain,1884,Character_1282,"Character_1282 is described as oppressed, hopeful, reflecting Indigenous male identity.",Male,Indigenous,Unknown,"oppressed, hopeful",[768-dim vector],Indigenous_Male_Unknown,0.33,0
1283,Their Eyes Were Watching God,Zora Neale Hurston,1937,Character_1283,"Character_1283 is described as hopeful, devoted, reflecting Indigenous male identity.",Male,Indigenous,Upper,"hopeful, devoted",[768-dim vector],Indigenous_Male_Upper,0.54,0
1284,Their Eyes Were Watching God,Zora Neale Hurston,1937,Character_1284,"Character_1284 is described as resilient, heroic, reflecting Asian non-binary identity.",Non-binary,Asian,Working,"resilient, heroic",[768-dim vector],Asian_Non-binary_Working,0.44,0
1285,Song of Solomon,Toni Morrison,1977,Character_1285,"Character_1285 is described as loving, devoted, reflecting Asian non-binary identity.",Non-binary,Asian,Middle,"loving, devoted",[768-dim vector],Asian_Non-binary_Middle,0.78,1
1286,Adventures of Huckleberry Finn,Mark Twain,1884,Character_1286,"Character_1286 is described as hopeful, loyal, reflecting White unknown identity.",Unknown,White,Middle,"hopeful, loyal",[768-dim vector],White_Unknown_Middle,0.54,1
1287,The Great Gatsby,F. Scott Fitzgerald,1925,Character_1287,"Character_1287 is described as resilient, defiant, reflecting White female identity.",Female,White,Enslaved/Servant,"resilient, defiant",[768-dim vector],White_Female_Enslaved/Servant,0.49,1
1288,To Kill a Mockingbird,Harper Lee,1960,Character_1288,"Character_1288 is described as loyal, visionary, reflecting White unknown identity.",Unknown,White,Enslaved/Servant,"loyal, visionary",[768-dim vector],White_Unknown_Enslaved/Servant,0.44,1
1289,Beloved,Toni Morrison,1987,Character_1289,"Character_1289 is described as rebellious, hopeful, reflecting Asian unknown identity.",Unknown,Asian,Enslaved/Servant,"rebellious, hopeful",[768-dim vector],Asian_Unknown_Enslaved/Servant,0.89,1
1290,Moby-Dick,Herman Melville,1851,Character_1290,"Character_1290 is described as independent, defiant, reflecting White non-binary identity.",Non-binary,White,Middle,"independent, defiant",[768-dim vector],White_Non-binary_Middle,0.51,1
1291,Adventures of Huckleberry Finn,Mark Twain,1884,Character_1291,"Character_1291 is described as fearless, brave, reflecting Mixed non-binary identity.",Non-binary,Mixed,Unknown,"fearless, brave",[768-dim vector],Mixed_Non-binary_Unknown,0.37,1
1292,Song of Solomon,Toni Morrison,1977,Character_1292,"Character_1292 is described as noble, devoted, reflecting Asian female identity.",Female,Asian,Upper,"noble, devoted",[768-dim vector],Asian_Female_Upper,0.6,1
1293,Moby-Dick,Herman Melville,1851,Character_1293,"Character_1293 is described as rebellious, strong, reflecting White non-binary identity.",Non-binary,White,Working,"rebellious, strong",[768-dim vector],White_Non-binary_Working,0.65,1
1294,Beloved,Toni Morrison,1987,Character_1294,"Character_1294 is described as brave, submissive, reflecting Indigenous male identity.",Male,Indigenous,Middle,"brave, submissive",[768-dim vector],Indigenous_Male_Middle,0.34,1
1295,To Kill a Mockingbird,Harper Lee,1960,Character_1295,"Character_1295 is described as brave, loving, reflecting Asian unknown identity.",Unknown,Asian,Working,"brave, loving",[768-dim vector],Asian_Unknown_Working,0.45,1
1296,The Scarlet Letter,Nathaniel Hawthorne,1850,Character_1296,"Character_1296 is described as hopeful, fearless, reflecting Indigenous unknown identity.",Unknown,Indigenous,Unknown,"hopeful, fearless",[768-dim vector],Indigenous_Unknown_Unknown,0.79,1
1297,The Scarlet Letter,Nathaniel Hawthorne,1850,Character_1297,"Character_1297 is described as submissive, strong, reflecting Indigenous non-binary identity.",Non-binary,Indigenous,Upper,"submissive, strong",[768-dim vector],Indigenous_Non-binary_Upper,0.63,1
1298,Moby-Dick,Herman Melville,1851,Character_1298,"Character_1298 is described as noble, strong, reflecting Indigenous unknown identity.",Unknown,Indigenous,Middle,"noble, strong",[768-dim vector],Indigenous_Unknown_Middle,0.39,1
1299,Moby-Dick,Herman Melville,1851,Character_1299,"Character_1299 is described as strong, heroic, reflecting Black male identity.",Male,Black,Middle,"strong, heroic",[768-dim vector],Black_Male_Middle,0.46,1
1300,Their Eyes Were Watching God,Zora Neale Hurston,1937,Character_1300,"Character_1300 is described as devoted, oppressed, reflecting White female identity.",Female,White,Working,"devoted, oppressed",[768-dim vector],White_Female_Working,0.47,0
1301,Their Eyes Were Watching God,Zora Neale Hurston,1937,Character_1301,"Character_1301 is described as caring, tragic, reflecting Indigenous female identity.",Female,Indigenous,Upper,"caring, tragic",[768-dim vector],Indigenous_Female_Upper,0.68,0
1302,The Great Gatsby,F. Scott Fitzgerald,1925,Character_1302,"Character_1302 is described as devoted, resilient, reflecting Asian unknown identity.",Unknown,Asian,Enslaved/Servant,"devoted, resilient",[768-dim vector],Asian_Unknown_Enslaved/Servant,0.75,1
1303,White Noise,Don DeLillo,1985,Character_1303,"Character_1303 is described as caring, defiant, reflecting White unknown identity.",Unknown,White,Enslaved/Servant,"caring, defiant",[768-dim vector],White_Unknown_Enslaved/Servant,0.3,1
1304,Invisible Man,Ralph Ellison,1952,Character_1304,"Character_1304 is described as tragic, loving, reflecting White unknown identity.",Unknown,White,Upper,"tragic, loving",[768-dim vector],White_Unknown_Upper,0.33,0
1305,To Kill a Mockingbird,Harper Lee,1960,Character_1305,"Character_1305 is described as devoted, tragic, reflecting Unknown female identity.",Female,Unknown,Middle,"devoted, tragic",[768-dim vector],Unknown_Female_Middle,0.72,0
1306,Song of Solomon,Toni Morrison,1977,Character_1306,"Character_1306 is described as oppressed, submissive, reflecting Indigenous male identity.",Male,Indigenous,Enslaved/Servant,"oppressed, submissive",[768-dim vector],Indigenous_Male_Enslaved/Servant,0.8,0
1307,To Kill a Mockingbird,Harper Lee,1960,Character_1307,"Character_1307 is described as independent, noble, reflecting Black non-binary identity.",Non-binary,Black,Middle,"independent, noble",[768-dim vector],Black_Non-binary_Middle,0.45,1
1308,Song of Solomon,Toni Morrison,1977,Character_1308,"Character_1308 is described as loyal, submissive, reflecting Indigenous unknown identity.",Unknown,Indigenous,Unknown,"loyal, submissive",[768-dim vector],Indigenous_Unknown_Unknown,0.49,0
1309,The Scarlet Letter,Nathaniel Hawthorne,1850,Character_1309,"Character_1309 is described as oppressed, rebellious, reflecting Mixed male identity.",Male,Mixed,Enslaved/Servant,"oppressed, rebellious",[768-dim vector],Mixed_Male_Enslaved/Servant,0.52,0
1310,To Kill a Mockingbird,Harper Lee,1960,Character_1310,"Character_1310 is described as submissive, tragic, reflecting Indigenous non-binary identity.",Non-binary,Indigenous,Working,"submissive, tragic",[768-dim vector],Indigenous_Non-binary_Working,0.81,1
1311,The Scarlet Letter,Nathaniel Hawthorne,1850,Character_1311,"Character_1311 is described as defiant, heroic, reflecting Unknown male identity.",Male,Unknown,Enslaved/Servant,"defiant, heroic",[768-dim vector],Unknown_Male_Enslaved/Servant,0.77,1
1312,Invisible Man,Ralph Ellison,1952,Character_1312,"Character_1312 is described as independent, loving, reflecting White male identity.",Male,White,Enslaved/Servant,"independent, loving",[768-dim vector],White_Male_Enslaved/Servant,0.56,1
1313,White Noise,Don DeLillo,1985,Character_1313,"Character_1313 is described as resilient, loving, reflecting Unknown unknown identity.",Unknown,Unknown,Enslaved/Servant,"resilient, loving",[768-dim vector],Unknown_Unknown_Enslaved/Servant,0.53,1
1314,Adventures of Huckleberry Finn,Mark Twain,1884,Character_1314,"Character_1314 is described as resilient, rebellious, reflecting Black female identity.",Female,Black,Upper,"resilient, rebellious",[768-dim vector],Black_Female_Upper,0.35,1
1315,Invisible Man,Ralph Ellison,1952,Character_1315,"Character_1315 is described as rebellious, brave, reflecting White male identity.",Male,White,Enslaved/Servant,"rebellious, brave",[768-dim vector],White_Male_Enslaved/Servant,0.6,1
1316,Adventures of Huckleberry Finn,Mark Twain,1884,Character_1316,"Character_1316 is described as devoted, independent, reflecting Asian unknown identity.",Unknown,Asian,Enslaved/Servant,"devoted, independent",[768-dim vector],Asian_Unknown_Enslaved/Servant,0.68,1
1317,White Noise,Don DeLillo,1985,Character_1317,"Character_1317 is described as independent, submissive, reflecting Unknown non-binary identity.",Non-binary,Unknown,Enslaved/Servant,"independent, submissive",[768-dim vector],Unknown_Non-binary_Enslaved/Servant,0.3,0
1318,Adventures of Huckleberry Finn,Mark Twain,1884,Character_1318,"Character_1318 is described as rebellious, brave, reflecting White female identity.",Female,White,Middle,"rebellious, brave",[768-dim vector],White_Female_Middle,0.73,1
1319,The Great Gatsby,F. Scott Fitzgerald,1925,Character_1319,"Character_1319 is described as hopeful, noble, reflecting Black male identity.",Male,Black,Enslaved/Servant,"hopeful, noble",[768-dim vector],Black_Male_Enslaved/Servant,0.88,1
1320,Invisible Man,Ralph Ellison,1952,Character_1320,"Character_1320 is described as visionary, hopeful, reflecting White female identity.",Female,White,Working,"visionary, hopeful",[768-dim vector],White_Female_Working,0.87,1
1321,To Kill a Mockingbird,Harper Lee,1960,Character_1321,"Character_1321 is described as defiant, hopeful, reflecting White unknown identity.",Unknown,White,Upper,"defiant, hopeful",[768-dim vector],White_Unknown_Upper,0.48,0
1322,To Kill a Mockingbird,Harper Lee,1960,Character_1322,"Character_1322 is described as visionary, noble, reflecting Asian unknown identity.",Unknown,Asian,Upper,"visionary, noble",[768-dim vector],Asian_Unknown_Upper,0.77,1
1323,The Great Gatsby,F. Scott Fitzgerald,1925,Character_1323,"Character_1323 is described as loyal, loving, reflecting Mixed non-binary identity.",Non-binary,Mixed,Enslaved/Servant,"loyal, loving",[768-dim vector],Mixed_Non-binary_Enslaved/Servant,0.33,1
1324,The Scarlet Letter,Nathaniel Hawthorne,1850,Character_1324,"Character_1324 is described as oppressed, devoted, reflecting Unknown male identity.",Male,Unknown,Enslaved/Servant,"oppressed, devoted",[768-dim vector],Unknown_Male_Enslaved/Servant,0.87,1
1325,White Noise,Don DeLillo,1985,Character_1325,"Character_1325 is described as strong, devoted, reflecting White non-binary identity.",Non-binary,White,Enslaved/Servant,"strong, devoted",[768-dim vector],White_Non-binary_Enslaved/Servant,0.56,1
1326,Song of Solomon,Toni Morrison,1977,Character_1326,"Character_1326 is described as tragic, brave, reflecting Black unknown identity.",Unknown,Black,Upper,"tragic, brave",[768-dim vector],Black_Unknown_Upper,0.43,1
1327,Invisible Man,Ralph Ellison,1952,Character_1327,"Character_1327 is described as resilient, oppressed, reflecting Mixed non-binary identity.",Non-binary,Mixed,Upper,"resilient, oppressed",[768-dim vector],Mixed_Non-binary_Upper,0.52,0
1328,To Kill a Mockingbird,Harper Lee,1960,Character_1328,"Character_1328 is described as caring, visionary, reflecting Asian male identity.",Male,Asian,Unknown,"caring, visionary",[768-dim vector],Asian_Male_Unknown,0.76,1
1329,Invisible Man,Ralph Ellison,1952,Character_1329,"Character_1329 is described as fearless, devoted, reflecting Black male identity.",Male,Black,Working,"fearless, devoted",[768-dim vector],Black_Male_Working,0.79,1
1330,Beloved,Toni Morrison,1987,Character_1330,"Character_1330 is described as noble, loving, reflecting Black unknown identity.",Unknown,Black,Unknown,"noble, loving",[768-dim vector],Black_Unknown_Unknown,0.43,1
1331,White Noise,Don DeLillo,1985,Character_1331,"Character_1331 is described as strong, oppressed, reflecting Black unknown identity.",Unknown,Black,Working,"strong, oppressed",[768-dim vector],Black_Unknown_Working,0.58,1
1332,Beloved,Toni Morrison,1987,Character_1332,"Character_1332 is described as fearless, independent, reflecting Black unknown identity.",Unknown,Black,Unknown,"fearless, independent",[768-dim vector],Black_Unknown_Unknown,0.43,1
1333,Moby-Dick,Herman Melville,1851,Character_1333,"Character_1333 is described as fearless, defiant, reflecting Black unknown identity.",Unknown,Black,Middle,"fearless, defiant",[768-dim vector],Black_Unknown_Middle,0.66,0
1334,White Noise,Don DeLillo,1985,Character_1334,"Character_1334 is described as devoted, independent, reflecting White unknown identity.",Unknown,White,Enslaved/Servant,"devoted, independent",[768-dim vector],White_Unknown_Enslaved/Servant,0.38,1
1335,The Great Gatsby,F. Scott Fitzgerald,1925,Character_1335,"Character_1335 is described as brave, caring, reflecting Mixed female identity.",Female,Mixed,Upper,"brave, caring",[768-dim vector],Mixed_Female_Upper,0.74,1
1336,Their Eyes Were Watching God,Zora Neale Hurston,1937,Character_1336,"Character_1336 is described as defiant, tragic, reflecting Unknown non-binary identity.",Non-binary,Unknown,Middle,"defiant, tragic",[768-dim vector],Unknown_Non-binary_Middle,0.69,1
1337,The Scarlet Letter,Nathaniel Hawthorne,1850,Character_1337,"Character_1337 is described as rebellious, noble, reflecting Indigenous male identity.",Male,Indigenous,Enslaved/Servant,"rebellious, noble",[768-dim vector],Indigenous_Male_Enslaved/Servant,0.73,0
1338,Moby-Dick,Herman Melville,1851,Character_1338,"Character_1338 is described as loving, caring, reflecting Asian female identity.",Female,Asian,Working,"loving, caring",[768-dim vector],Asian_Female_Working,0.83,0
1339,The Scarlet Letter,Nathaniel Hawthorne,1850,Character_1339,"Character_1339 is described as rebellious, loyal, reflecting Black non-binary identity.",Non-binary,Black,Unknown,"rebellious, loyal",[768-dim vector],Black_Non-binary_Unknown,0.52,0
1340,To Kill a Mockingbird,Harper Lee,1960,Character_1340,"Character_1340 is described as rebellious, loyal, reflecting White unknown identity.",Unknown,White,Upper,"rebellious, loyal",[768-dim vector],White_Unknown_Upper,0.37,1
1341,Song of Solomon,Toni Morrison,1977,Character_1341,"Character_1341 is described as fearless, caring, reflecting Black male identity.",Male,Black,Upper,"fearless, caring",[768-dim vector],Black_Male_Upper,0.46,1
1342,Adventures of Huckleberry Finn,Mark Twain,1884,Character_1342,"Character_1342 is described as tragic, devoted, reflecting Unknown non-binary identity.",Non-binary,Unknown,Enslaved/Servant,"tragic, devoted",[768-dim vector],Unknown_Non-binary_Enslaved/Servant,0.31,1
1343,Moby-Dick,Herman Melville,1851,Character_1343,"Character_1343 is described as loving, hopeful, reflecting Unknown female identity.",Female,Unknown,Working,"loving, hopeful",[768-dim vector],Unknown_Female_Working,0.5,0
1344,Moby-Dick,Herman Melville,1851,Character_1344,"Character_1344 is described as brave, noble, reflecting Asian female identity.",Female,Asian,Enslaved/Servant,"brave, noble",[768-dim vector],Asian_Female_Enslaved/Servant,0.37,1
1345,To Kill a Mockingbird,Harper Lee,1960,Character_1345,"Character_1345 is described as defiant, submissive, reflecting Indigenous non-binary identity.",Non-binary,Indigenous,Unknown,"defiant, submissive",[768-dim vector],Indigenous_Non-binary_Unknown,0.6,1
1346,Their Eyes Were Watching God,Zora Neale Hurston,1937,Character_1346,"Character_1346 is described as caring, noble, reflecting Unknown non-binary identity.",Non-binary,Unknown,Enslaved/Servant,"caring, noble",[768-dim vector],Unknown_Non-binary_Enslaved/Servant,0.62,1
1347,Adventures of Huckleberry Finn,Mark Twain,1884,Character_1347,"Character_1347 is described as oppressed, heroic, reflecting Black unknown identity.",Unknown,Black,Middle,"oppressed, heroic",[768-dim vector],Black_Unknown_Middle,0.31,1
1348,Invisible Man,Ralph Ellison,1952,Character_1348,"Character_1348 is described as brave, visionary, reflecting Mixed unknown identity.",Unknown,Mixed,Working,"brave, visionary",[768-dim vector],Mixed_Unknown_Working,0.88,1
1349,Adventures of Huckleberry Finn,Mark Twain,1884,Character_1349,"Character_1349 is described as submissive, heroic, reflecting Unknown male identity.",Male,Unknown,Unknown,"submissive, heroic",[768-dim vector],Unknown_Male_Unknown,0.71,1
1350,Beloved,Toni Morrison,1987,Character_1350,"Character_1350 is described as oppressed, loyal, reflecting Asian non-binary identity.",Non-binary,Asian,Middle,"oppressed, loyal",[768-dim vector],Asian_Non-binary_Middle,0.76,1
1351,Invisible Man,Ralph Ellison,1952,Character_1351,"Character_1351 is described as loyal, tragic, reflecting Unknown male identity.",Male,Unknown,Middle,"loyal, tragic",[768-dim vector],Unknown_Male_Middle,0.61,1
1352,Their Eyes Were Watching God,Zora Neale Hurston,1937,Character_1352,"Character_1352 is described as independent, loving, reflecting Asian unknown identity.",Unknown,Asian,Unknown,"independent, loving",[768-dim vector],Asian_Unknown_Unknown,0.38,0
1353,Beloved,Toni Morrison,1987,Character_1353,"Character_1353 is described as hopeful, strong, reflecting Indigenous male identity.",Male,Indigenous,Unknown,"hopeful, strong",[768-dim vector],Indigenous_Male_Unknown,0.76,1
1354,To Kill a Mockingbird,Harper Lee,1960,Character_1354,"Character_1354 is described as visionary, caring, reflecting Mixed female identity.",Female,Mixed,Unknown,"visionary, caring",[768-dim vector],Mixed_Female_Unknown,0.37,0
1355,Invisible Man,Ralph Ellison,1952,Character_1355,"Character_1355 is described as loyal, loving, reflecting Indigenous female identity.",Female,Indigenous,Upper,"loyal, loving",[768-dim vector],Indigenous_Female_Upper,0.31,0
1356,Invisible Man,Ralph Ellison,1952,Character_1356,"Character_1356 is described as independent, fearless, reflecting Mixed female identity.",Female,Mixed,Unknown,"independent, fearless",[768-dim vector],Mixed_Female_Unknown,0.76,1
1357,Moby-Dick,Herman Melville,1851,Character_1357,"Character_1357 is described as defiant, brave, reflecting Mixed non-binary identity.",Non-binary,Mixed,Working,"defiant, brave",[768-dim vector],Mixed_Non-binary_Working,0.51,1
1358,The Scarlet Letter,Nathaniel Hawthorne,1850,Character_1358,"Character_1358 is described as oppressed, tragic, reflecting Black non-binary identity.",Non-binary,Black,Working,"oppressed, tragic",[768-dim vector],Black_Non-binary_Working,0.3,0
1359,Moby-Dick,Herman Melville,1851,Character_1359,"Character_1359 is described as tragic, caring, reflecting Indigenous male identity.",Male,Indigenous,Working,"tragic, caring",[768-dim vector],Indigenous_Male_Working,0.69,1
1360,Moby-Dick,Herman Melville,1851,Character_1360,"Character_1360 is described as visionary, independent, reflecting Unknown male identity.",Male,Unknown,Upper,"visionary, independent",[768-dim vector],Unknown_Male_Upper,0.81,0
1361,White Noise,Don DeLillo,1985,Character_1361,"Character_1361 is described as noble, heroic, reflecting Asian male identity.",Male,Asian,Working,"noble, heroic",[768-dim vector],Asian_Male_Working,0.84,1
1362,Beloved,Toni Morrison,1987,Character_1362,"Character_1362 is described as hopeful, strong, reflecting Indigenous non-binary identity.",Non-binary,Indigenous,Unknown,"hopeful, strong",[768-dim vector],Indigenous_Non-binary_Unknown,0.77,1
1363,Song of Solomon,Toni Morrison,1977,Character_1363,"Character_1363 is described as tragic, fearless, reflecting White female identity.",Female,White,Working,"tragic, fearless",[768-dim vector],White_Female_Working,0.54,1
1364,Beloved,Toni Morrison,1987,Character_1364,"Character_1364 is described as oppressed, heroic, reflecting White unknown identity.",Unknown,White,Middle,"oppressed, heroic",[768-dim vector],White_Unknown_Middle,0.34,0
1365,Moby-Dick,Herman Melville,1851,Character_1365,"Character_1365 is described as hopeful, devoted, reflecting White male identity.",Male,White,Enslaved/Servant,"hopeful, devoted",[768-dim vector],White_Male_Enslaved/Servant,0.45,1
1366,The Great Gatsby,F. Scott Fitzgerald,1925,Character_1366,"Character_1366 is described as tragic, strong, reflecting White unknown identity.",Unknown,White,Working,"tragic, strong",[768-dim vector],White_Unknown_Working,0.75,1
1367,White Noise,Don DeLillo,1985,Character_1367,"Character_1367 is described as devoted, oppressed, reflecting Indigenous unknown identity.",Unknown,Indigenous,Unknown,"devoted, oppressed",[768-dim vector],Indigenous_Unknown_Unknown,0.33,1
1368,To Kill a Mockingbird,Harper Lee,1960,Character_1368,"Character_1368 is described as defiant, hopeful, reflecting Unknown unknown identity.",Unknown,Unknown,Enslaved/Servant,"defiant, hopeful",[768-dim vector],Unknown_Unknown_Enslaved/Servant,0.87,1
1369,Song of Solomon,Toni Morrison,1977,Character_1369,"Character_1369 is described as hopeful, tragic, reflecting Asian female identity.",Female,Asian,Enslaved/Servant,"hopeful, tragic",[768-dim vector],Asian_Female_Enslaved/Servant,0.89,1
1370,Song of Solomon,Toni Morrison,1977,Character_1370,"Character_1370 is described as visionary, devoted, reflecting Unknown male identity.",Male,Unknown,Middle,"visionary, devoted",[768-dim vector],Unknown_Male_Middle,0.88,0
1371,The Scarlet Letter,Nathaniel Hawthorne,1850,Character_1371,"Character_1371 is described as rebellious, oppressed, reflecting Mixed female identity.",Female,Mixed,Working,"rebellious, oppressed",[768-dim vector],Mixed_Female_Working,0.52,0
1372,Moby-Dick,Herman Melville,1851,Character_1372,"Character_1372 is described as independent, loyal, reflecting Indigenous male identity.",Male,Indigenous,Unknown,"independent, loyal",[768-dim vector],Indigenous_Male_Unknown,0.42,0
1373,Song of Solomon,Toni Morrison,1977,Character_1373,"Character_1373 is described as independent, caring, reflecting White female identity.",Female,White,Working,"independent, caring",[768-dim vector],White_Female_Working,0.67,1
1374,Their Eyes Were Watching God,Zora Neale Hurston,1937,Character_1374,"Character_1374 is described as hopeful, heroic, reflecting Asian non-binary identity.",Non-binary,Asian,Upper,"hopeful, heroic",[768-dim vector],Asian_Non-binary_Upper,0.65,0
1375,White Noise,Don DeLillo,1985,Character_1375,"Character_1375 is described as independent, fearless, reflecting White unknown identity.",Unknown,White,Working,"independent, fearless",[768-dim vector],White_Unknown_Working,0.79,1
1376,Adventures of Huckleberry Finn,Mark Twain,1884,Character_1376,"Character_1376 is described as heroic, caring, reflecting White unknown identity.",Unknown,White,Upper,"heroic, caring",[768-dim vector],White_Unknown_Upper,0.53,1
1377,Moby-Dick,Herman Melville,1851,Character_1377,"Character_1377 is described as independent, visionary, reflecting Asian male identity.",Male,Asian,Enslaved/Servant,"independent, visionary",[768-dim vector],Asian_Male_Enslaved/Servant,0.46,1
1378,Beloved,Toni Morrison,1987,Character_1378,"Character_1378 is described as hopeful, heroic, reflecting Asian unknown identity.",Unknown,Asian,Unknown,"hopeful, heroic",[768-dim vector],Asian_Unknown_Unknown,0.85,0
1379,Song of Solomon,Toni Morrison,1977,Character_1379,"Character_1379 is described as hopeful, loving, reflecting Asian unknown identity.",Unknown,Asian,Enslaved/Servant,"hopeful, loving",[768-dim vector],Asian_Unknown_Enslaved/Servant,0.58,1
1380,Moby-Dick,Herman Melville,1851,Character_1380,"Character_1380 is described as strong, loving, reflecting Asian unknown identity.",Unknown,Asian,Middle,"strong, loving",[768-dim vector],Asian_Unknown_Middle,0.72,0
1381,Song of Solomon,Toni Morrison,1977,Character_1381,"Character_1381 is described as resilient, submissive, reflecting Unknown male identity.",Male,Unknown,Enslaved/Servant,"resilient, submissive",[768-dim vector],Unknown_Male_Enslaved/Servant,0.39,0
1382,Adventures of Huckleberry Finn,Mark Twain,1884,Character_1382,"Character_1382 is described as heroic, rebellious, reflecting Mixed male identity.",Male,Mixed,Working,"heroic, rebellious",[768-dim vector],Mixed_Male_Working,0.68,1
1383,Song of Solomon,Toni Morrison,1977,Character_1383,"Character_1383 is described as heroic, loyal, reflecting Black male identity.",Male,Black,Unknown,"heroic, loyal",[768-dim vector],Black_Male_Unknown,0.38,1
1384,White Noise,Don DeLillo,1985,Character_1384,"Character_1384 is described as brave, rebellious, reflecting Asian female identity.",Female,Asian,Unknown,"brave, rebellious",[768-dim vector],Asian_Female_Unknown,0.62,0
1385,Song of Solomon,Toni Morrison,1977,Character_1385,"Character_1385 is described as fearless, noble, reflecting White female identity.",Female,White,Working,"fearless, noble",[768-dim vector],White_Female_Working,0.6,1
1386,White Noise,Don DeLillo,1985,Character_1386,"Character_1386 is described as loving, strong, reflecting White unknown identity.",Unknown,White,Unknown,"loving, strong",[768-dim vector],White_Unknown_Unknown,0.35,0
1387,White Noise,Don DeLillo,1985,Character_1387,"Character_1387 is described as loving, oppressed, reflecting Asian male identity.",Male,Asian,Upper,"loving, oppressed",[768-dim vector],Asian_Male_Upper,0.78,1
1388,Adventures of Huckleberry Finn,Mark Twain,1884,Character_1388,"Character_1388 is described as loving, strong, reflecting White unknown identity.",Unknown,White,Unknown,"loving, strong",[768-dim vector],White_Unknown_Unknown,0.63,1
1389,Their Eyes Were Watching God,Zora Neale Hurston,1937,Character_1389,"Character_1389 is described as heroic, defiant, reflecting White male identity.",Male,White,Upper,"heroic, defiant",[768-dim vector],White_Male_Upper,0.33,0
1390,Their Eyes Were Watching God,Zora Neale Hurston,1937,Character_1390,"Character_1390 is described as submissive, hopeful, reflecting Black female identity.",Female,Black,Working,"submissive, hopeful",[768-dim vector],Black_Female_Working,0.57,0
1391,Their Eyes Were Watching God,Zora Neale Hurston,1937,Character_1391,"Character_1391 is described as loyal, loving, reflecting Unknown unknown identity.",Unknown,Unknown,Middle,"loyal, loving",[768-dim vector],Unknown_Unknown_Middle,0.33,1
1392,Adventures of Huckleberry Finn,Mark Twain,1884,Character_1392,"Character_1392 is described as independent, strong, reflecting Unknown male identity.",Male,Unknown,Upper,"independent, strong",[768-dim vector],Unknown_Male_Upper,0.89,1
1393,Moby-Dick,Herman Melville,1851,Character_1393,"Character_1393 is described as loving, resilient, reflecting Black non-binary identity.",Non-binary,Black,Enslaved/Servant,"loving, resilient",[768-dim vector],Black_Non-binary_Enslaved/Servant,0.81,0
1394,Invisible Man,Ralph Ellison,1952,Character_1394,"Character_1394 is described as noble, heroic, reflecting White male identity.",Male,White,Middle,"noble, heroic",[768-dim vector],White_Male_Middle,0.88,0
1395,To Kill a Mockingbird,Harper Lee,1960,Character_1395,"Character_1395 is described as loyal, loving, reflecting White unknown identity.",Unknown,White,Working,"loyal, loving",[768-dim vector],White_Unknown_Working,0.87,1
1396,To Kill a Mockingbird,Harper Lee,1960,Character_1396,"Character_1396 is described as brave, oppressed, reflecting White unknown identity.",Unknown,White,Enslaved/Servant,"brave, oppressed",[768-dim vector],White_Unknown_Enslaved/Servant,0.73,1
1397,The Great Gatsby,F. Scott Fitzgerald,1925,Character_1397,"Character_1397 is described as rebellious, noble, reflecting Indigenous male identity.",Male,Indigenous,Unknown,"rebellious, noble",[768-dim vector],Indigenous_Male_Unknown,0.64,0
1398,Song of Solomon,Toni Morrison,1977,Character_1398,"Character_1398 is described as oppressed, visionary, reflecting Indigenous female identity.",Female,Indigenous,Unknown,"oppressed, visionary",[768-dim vector],Indigenous_Female_Unknown,0.56,1
1399,Moby-Dick,Herman Melville,1851,Character_1399,"Character_1399 is described as heroic, defiant, reflecting Black female identity.",Female,Black,Working,"heroic, defiant",[768-dim vector],Black_Female_Working,0.34,1
1400,The Great Gatsby,F. Scott Fitzgerald,1925,Character_1400,"Character_1400 is described as loyal, brave, reflecting Mixed unknown identity.",Unknown,Mixed,Enslaved/Servant,"loyal, brave",[768-dim vector],Mixed_Unknown_Enslaved/Servant,0.89,0
1401,To Kill a Mockingbird,Harper Lee,1960,Character_1401,"Character_1401 is described as brave, loyal, reflecting Unknown non-binary identity.",Non-binary,Unknown,Middle,"brave, loyal",[768-dim vector],Unknown_Non-binary_Middle,0.78,1
1402,To Kill a Mockingbird,Harper Lee,1960,Character_1402,"Character_1402 is described as strong, caring, reflecting Mixed non-binary identity.",Non-binary,Mixed,Working,"strong, caring",[768-dim vector],Mixed_Non-binary_Working,0.87,1
1403,The Great Gatsby,F. Scott Fitzgerald,1925,Character_1403,"Character_1403 is described as heroic, submissive, reflecting White non-binary identity.",Non-binary,White,Middle,"heroic, submissive",[768-dim vector],White_Non-binary_Middle,0.61,1
1404,Their Eyes Were Watching God,Zora Neale Hurston,1937,Character_1404,"Character_1404 is described as hopeful, resilient, reflecting Asian male identity.",Male,Asian,Upper,"hopeful, resilient",[768-dim vector],Asian_Male_Upper,0.75,0
1405,Invisible Man,Ralph Ellison,1952,Character_1405,"Character_1405 is described as loving, heroic, reflecting Mixed female identity.",Female,Mixed,Unknown,"loving, heroic",[768-dim vector],Mixed_Female_Unknown,0.59,1
1406,Their Eyes Were Watching God,Zora Neale Hurston,1937,Character_1406,"Character_1406 is described as loving, heroic, reflecting Indigenous unknown identity.",Unknown,Indigenous,Middle,"loving, heroic",[768-dim vector],Indigenous_Unknown_Middle,0.45,1
1407,The Great Gatsby,F. Scott Fitzgerald,1925,Character_1407,"Character_1407 is described as brave, hopeful, reflecting Mixed unknown identity.",Unknown,Mixed,Working,"brave, hopeful",[768-dim vector],Mixed_Unknown_Working,0.7,0
1408,The Scarlet Letter,Nathaniel Hawthorne,1850,Character_1408,"Character_1408 is described as defiant, oppressed, reflecting White unknown identity.",Unknown,White,Upper,"defiant, oppressed",[768-dim vector],White_Unknown_Upper,0.64,1
1409,Song of Solomon,Toni Morrison,1977,Character_1409,"Character_1409 is described as submissive, heroic, reflecting Asian unknown identity.",Unknown,Asian,Unknown,"submissive, heroic",[768-dim vector],Asian_Unknown_Unknown,0.6,0
1410,Song of Solomon,Toni Morrison,1977,Character_1410,"Character_1410 is described as rebellious, caring, reflecting Unknown male identity.",Male,Unknown,Enslaved/Servant,"rebellious, caring",[768-dim vector],Unknown_Male_Enslaved/Servant,0.31,1
1411,Invisible Man,Ralph Ellison,1952,Character_1411,"Character_1411 is described as brave, rebellious, reflecting Asian non-binary identity.",Non-binary,Asian,Middle,"brave, rebellious",[768-dim vector],Asian_Non-binary_Middle,0.86,0
1412,To Kill a Mockingbird,Harper Lee,1960,Character_1412,"Character_1412 is described as brave, noble, reflecting Black non-binary identity.",Non-binary,Black,Enslaved/Servant,"brave, noble",[768-dim vector],Black_Non-binary_Enslaved/Servant,0.68,0
1413,The Scarlet Letter,Nathaniel Hawthorne,1850,Character_1413,"Character_1413 is described as fearless, submissive, reflecting Unknown non-binary identity.",Non-binary,Unknown,Working,"fearless, submissive",[768-dim vector],Unknown_Non-binary_Working,0.49,1
1414,White Noise,Don DeLillo,1985,Character_1414,"Character_1414 is described as noble, devoted, reflecting Unknown non-binary identity.",Non-binary,Unknown,Middle,"noble, devoted",[768-dim vector],Unknown_Non-binary_Middle,0.74,0
1415,Beloved,Toni Morrison,1987,Character_1415,"Character_1415 is described as fearless, brave, reflecting Indigenous male identity.",Male,Indigenous,Enslaved/Servant,"fearless, brave",[768-dim vector],Indigenous_Male_Enslaved/Servant,0.56,0
1416,The Great Gatsby,F. Scott Fitzgerald,1925,Character_1416,"Character_1416 is described as tragic, devoted, reflecting White unknown identity.",Unknown,White,Working,"tragic, devoted",[768-dim vector],White_Unknown_Working,0.59,1
1417,Adventures of Huckleberry Finn,Mark Twain,1884,Character_1417,"Character_1417 is described as defiant, submissive, reflecting Unknown female identity.",Female,Unknown,Unknown,"defiant, submissive",[768-dim vector],Unknown_Female_Unknown,0.37,0
1418,White Noise,Don DeLillo,1985,Character_1418,"Character_1418 is described as hopeful, resilient, reflecting Unknown female identity.",Female,Unknown,Upper,"hopeful, resilient",[768-dim vector],Unknown_Female_Upper,0.54,1
1419,White Noise,Don DeLillo,1985,Character_1419,"Character_1419 is described as fearless, brave, reflecting Mixed female identity.",Female,Mixed,Working,"fearless, brave",[768-dim vector],Mixed_Female_Working,0.9,0
1420,Song of Solomon,Toni Morrison,1977,Character_1420,"Character_1420 is described as visionary, brave, reflecting Unknown non-binary identity.",Non-binary,Unknown,Unknown,"visionary, brave",[768-dim vector],Unknown_Non-binary_Unknown,0.76,1
1421,Invisible Man,Ralph Ellison,1952,Character_1421,"Character_1421 is described as oppressed, resilient, reflecting Indigenous male identity.",Male,Indigenous,Enslaved/Servant,"oppressed, resilient",[768-dim vector],Indigenous_Male_Enslaved/Servant,0.54,1
1422,Moby-Dick,Herman Melville,1851,Character_1422,"Character_1422 is described as tragic, loyal, reflecting Asian unknown identity.",Unknown,Asian,Working,"tragic, loyal",[768-dim vector],Asian_Unknown_Working,0.85,1
1423,The Great Gatsby,F. Scott Fitzgerald,1925,Character_1423,"Character_1423 is described as heroic, visionary, reflecting Indigenous male identity.",Male,Indigenous,Enslaved/Servant,"heroic, visionary",[768-dim vector],Indigenous_Male_Enslaved/Servant,0.65,1
1424,Beloved,Toni Morrison,1987,Character_1424,"Character_1424 is described as loving, submissive, reflecting Asian male identity.",Male,Asian,Middle,"loving, submissive",[768-dim vector],Asian_Male_Middle,0.77,0
1425,White Noise,Don DeLillo,1985,Character_1425,"Character_1425 is described as oppressed, submissive, reflecting Unknown male identity.",Male,Unknown,Middle,"oppressed, submissive",[768-dim vector],Unknown_Male_Middle,0.64,1
1426,The Great Gatsby,F. Scott Fitzgerald,1925,Character_1426,"Character_1426 is described as independent, submissive, reflecting Black female identity.",Female,Black,Working,"independent, submissive",[768-dim vector],Black_Female_Working,0.69,0
1427,Moby-Dick,Herman Melville,1851,Character_1427,"Character_1427 is described as brave, loving, reflecting Asian male identity.",Male,Asian,Enslaved/Servant,"brave, loving",[768-dim vector],Asian_Male_Enslaved/Servant,0.41,1
1428,Their Eyes Were Watching God,Zora Neale Hurston,1937,Character_1428,"Character_1428 is described as noble, loving, reflecting White female identity.",Female,White,Enslaved/Servant,"noble, loving",[768-dim vector],White_Female_Enslaved/Servant,0.36,1
1429,The Scarlet Letter,Nathaniel Hawthorne,1850,Character_1429,"Character_1429 is described as submissive, visionary, reflecting Mixed non-binary identity.",Non-binary,Mixed,Middle,"submissive, visionary",[768-dim vector],Mixed_Non-binary_Middle,0.43,0
1430,Moby-Dick,Herman Melville,1851,Character_1430,"Character_1430 is described as submissive, loyal, reflecting Mixed unknown identity.",Unknown,Mixed,Upper,"submissive, loyal",[768-dim vector],Mixed_Unknown_Upper,0.32,0
1431,The Scarlet Letter,Nathaniel Hawthorne,1850,Character_1431,"Character_1431 is described as hopeful, loyal, reflecting Indigenous unknown identity.",Unknown,Indigenous,Upper,"hopeful, loyal",[768-dim vector],Indigenous_Unknown_Upper,0.82,0
1432,To Kill a Mockingbird,Harper Lee,1960,Character_1432,"Character_1432 is described as oppressed, submissive, reflecting Indigenous male identity.",Male,Indigenous,Unknown,"oppressed, submissive",[768-dim vector],Indigenous_Male_Unknown,0.87,1
1433,Moby-Dick,Herman Melville,1851,Character_1433,"Character_1433 is described as independent, strong, reflecting Mixed male identity.",Male,Mixed,Upper,"independent, strong",[768-dim vector],Mixed_Male_Upper,0.56,1
1434,Invisible Man,Ralph Ellison,1952,Character_1434,"Character_1434 is described as noble, brave, reflecting Mixed male identity.",Male,Mixed,Enslaved/Servant,"noble, brave",[768-dim vector],Mixed_Male_Enslaved/Servant,0.61,1
1435,To Kill a Mockingbird,Harper Lee,1960,Character_1435,"Character_1435 is described as rebellious, loving, reflecting Asian unknown identity.",Unknown,Asian,Enslaved/Servant,"rebellious, loving",[768-dim vector],Asian_Unknown_Enslaved/Servant,0.47,1
1436,The Scarlet Letter,Nathaniel Hawthorne,1850,Character_1436,"Character_1436 is described as fearless, rebellious, reflecting Mixed unknown identity.",Unknown,Mixed,Working,"fearless, rebellious",[768-dim vector],Mixed_Unknown_Working,0.84,1
1437,Moby-Dick,Herman Melville,1851,Character_1437,"Character_1437 is described as fearless, hopeful, reflecting Mixed male identity.",Male,Mixed,Upper,"fearless, hopeful",[768-dim vector],Mixed_Male_Upper,0.84,1
1438,Song of Solomon,Toni Morrison,1977,Character_1438,"Character_1438 is described as devoted, visionary, reflecting Indigenous non-binary identity.",Non-binary,Indigenous,Enslaved/Servant,"devoted, visionary",[768-dim vector],Indigenous_Non-binary_Enslaved/Servant,0.77,1
1439,Adventures of Huckleberry Finn,Mark Twain,1884,Character_1439,"Character_1439 is described as loyal, hopeful, reflecting Black female identity.",Female,Black,Upper,"loyal, hopeful",[768-dim vector],Black_Female_Upper,0.6,0
1440,Their Eyes Were Watching God,Zora Neale Hurston,1937,Character_1440,"Character_1440 is described as independent, hopeful, reflecting Mixed unknown identity.",Unknown,Mixed,Working,"independent, hopeful",[768-dim vector],Mixed_Unknown_Working,0.65,0
1441,Adventures of Huckleberry Finn,Mark Twain,1884,Character_1441,"Character_1441 is described as loving, independent, reflecting Indigenous unknown identity.",Unknown,Indigenous,Unknown,"loving, independent",[768-dim vector],Indigenous_Unknown_Unknown,0.5,1
1442,Beloved,Toni Morrison,1987,Character_1442,"Character_1442 is described as hopeful, loyal, reflecting Mixed male identity.",Male,Mixed,Unknown,"hopeful, loyal",[768-dim vector],Mixed_Male_Unknown,0.42,0
1443,The Great Gatsby,F. Scott Fitzgerald,1925,Character_1443,"Character_1443 is described as fearless, heroic, reflecting Asian male identity.",Male,Asian,Working,"fearless, heroic",[768-dim vector],Asian_Male_Working,0.34,1
1444,The Great Gatsby,F. Scott Fitzgerald,1925,Character_1444,"Character_1444 is described as devoted, visionary, reflecting Indigenous male identity.",Male,Indigenous,Middle,"devoted, visionary",[768-dim vector],Indigenous_Male_Middle,0.6,1
1445,White Noise,Don DeLillo,1985,Character_1445,"Character_1445 is described as loving, independent, reflecting Mixed non-binary identity.",Non-binary,Mixed,Unknown,"loving, independent",[768-dim vector],Mixed_Non-binary_Unknown,0.79,1
1446,Invisible Man,Ralph Ellison,1952,Character_1446,"Character_1446 is described as visionary, loyal, reflecting Black non-binary identity.",Non-binary,Black,Upper,"visionary, loyal",[768-dim vector],Black_Non-binary_Upper,0.5,1
1447,To Kill a Mockingbird,Harper Lee,1960,Character_1447,"Character_1447 is described as noble, visionary, reflecting White female identity.",Female,White,Middle,"noble, visionary",[768-dim vector],White_Female_Middle,0.76,1
1448,White Noise,Don DeLillo,1985,Character_1448,"Character_1448 is described as loving, strong, reflecting Black female identity.",Female,Black,Enslaved/Servant,"loving, strong",[768-dim vector],Black_Female_Enslaved/Servant,0.39,1
1449,The Great Gatsby,F. Scott Fitzgerald,1925,Character_1449,"Character_1449 is described as caring, brave, reflecting Black unknown identity.",Unknown,Black,Upper,"caring, brave",[768-dim vector],Black_Unknown_Upper,0.62,0
1450,Moby-Dick,Herman Melville,1851,Character_1450,"Character_1450 is described as rebellious, hopeful, reflecting White non-binary identity.",Non-binary,White,Unknown,"rebellious, hopeful",[768-dim vector],White_Non-binary_Unknown,0.56,0
1451,Their Eyes Were Watching God,Zora Neale Hurston,1937,Character_1451,"Character_1451 is described as caring, loyal, reflecting Black unknown identity.",Unknown,Black,Unknown,"caring, loyal",[768-dim vector],Black_Unknown_Unknown,0.38,1
1452,The Scarlet Letter,Nathaniel Hawthorne,1850,Character_1452,"Character_1452 is described as defiant, noble, reflecting Black female identity.",Female,Black,Working,"defiant, noble",[768-dim vector],Black_Female_Working,0.3,1
1453,Their Eyes Were Watching God,Zora Neale Hurston,1937,Character_1453,"Character_1453 is described as noble, defiant, reflecting Indigenous female identity.",Female,Indigenous,Unknown,"noble, defiant",[768-dim vector],Indigenous_Female_Unknown,0.61,0
1454,The Great Gatsby,F. Scott Fitzgerald,1925,Character_1454,"Character_1454 is described as rebellious, brave, reflecting Black male identity.",Male,Black,Working,"rebellious, brave",[768-dim vector],Black_Male_Working,0.88,0
1455,Adventures of Huckleberry Finn,Mark Twain,1884,Character_1455,"Character_1455 is described as loving, fearless, reflecting Unknown unknown identity.",Unknown,Unknown,Upper,"loving, fearless",[768-dim vector],Unknown_Unknown_Upper,0.48,1
1456,Their Eyes Were Watching God,Zora Neale Hurston,1937,Character_1456,"Character_1456 is described as caring, defiant, reflecting Black unknown identity.",Unknown,Black,Working,"caring, defiant",[768-dim vector],Black_Unknown_Working,0.44,0
1457,Song of Solomon,Toni Morrison,1977,Character_1457,"Character_1457 is described as rebellious, hopeful, reflecting Unknown unknown identity.",Unknown,Unknown,Upper,"rebellious, hopeful",[768-dim vector],Unknown_Unknown_Upper,0.74,1
1458,Adventures of Huckleberry Finn,Mark Twain,1884,Character_1458,"Character_1458 is described as strong, caring, reflecting Black female identity.",Female,Black,Unknown,"strong, caring",[768-dim vector],Black_Female_Unknown,0.43,1
1459,Beloved,Toni Morrison,1987,Character_1459,"Character_1459 is described as loyal, fearless, reflecting Unknown unknown identity.",Unknown,Unknown,Middle,"loyal, fearless",[768-dim vector],Unknown_Unknown_Middle,0.75,1
1460,Song of Solomon,Toni Morrison,1977,Character_1460,"Character_1460 is described as noble, loyal, reflecting Black non-binary identity.",Non-binary,Black,Working,"noble, loyal",[768-dim vector],Black_Non-binary_Working,0.55,1
1461,Their Eyes Were Watching God,Zora Neale Hurston,1937,Character_1461,"Character_1461 is described as devoted, fearless, reflecting Mixed female identity.",Female,Mixed,Unknown,"devoted, fearless",[768-dim vector],Mixed_Female_Unknown,0.5,1
1462,Moby-Dick,Herman Melville,1851,Character_1462,"Character_1462 is described as submissive, defiant, reflecting Unknown unknown identity.",Unknown,Unknown,Unknown,"submissive, defiant",[768-dim vector],Unknown_Unknown_Unknown,0.79,0
1463,Song of Solomon,Toni Morrison,1977,Character_1463,"Character_1463 is described as caring, devoted, reflecting Unknown unknown identity.",Unknown,Unknown,Unknown,"caring, devoted",[768-dim vector],Unknown_Unknown_Unknown,0.52,1
1464,Song of Solomon,Toni Morrison,1977,Character_1464,"Character_1464 is described as caring, tragic, reflecting Black unknown identity.",Unknown,Black,Working,"caring, tragic",[768-dim vector],Black_Unknown_Working,0.78,1
1465,To Kill a Mockingbird,Harper Lee,1960,Character_1465,"Character_1465 is described as strong, loyal, reflecting Asian unknown identity.",Unknown,Asian,Working,"strong, loyal",[768-dim vector],Asian_Unknown_Working,0.75,1
1466,The Great Gatsby,F. Scott Fitzgerald,1925,Character_1466,"Character_1466 is described as noble, strong, reflecting Black female identity.",Female,Black,Enslaved/Servant,"noble, strong",[768-dim vector],Black_Female_Enslaved/Servant,0.65,1
1467,The Great Gatsby,F. Scott Fitzgerald,1925,Character_1467,"Character_1467 is described as defiant, caring, reflecting Asian non-binary identity.",Non-binary,Asian,Enslaved/Servant,"defiant, caring",[768-dim vector],Asian_Non-binary_Enslaved/Servant,0.35,1
1468,Their Eyes Were Watching God,Zora Neale Hurston,1937,Character_1468,"Character_1468 is described as independent, visionary, reflecting Black male identity.",Male,Black,Upper,"independent, visionary",[768-dim vector],Black_Male_Upper,0.73,0
1469,Song of Solomon,Toni Morrison,1977,Character_1469,"Character_1469 is described as loyal, visionary, reflecting Black non-binary identity.",Non-binary,Black,Unknown,"loyal, visionary",[768-dim vector],Black_Non-binary_Unknown,0.77,1
1470,Song of Solomon,Toni Morrison,1977,Character_1470,"Character_1470 is described as visionary, oppressed, reflecting Asian non-binary identity.",Non-binary,Asian,Enslaved/Servant,"visionary, oppressed",[768-dim vector],Asian_Non-binary_Enslaved/Servant,0.87,0
1471,Invisible Man,Ralph Ellison,1952,Character_1471,"Character_1471 is described as resilient, strong, reflecting Asian non-binary identity.",Non-binary,Asian,Working,"resilient, strong",[768-dim vector],Asian_Non-binary_Working,0.46,1
1472,The Scarlet Letter,Nathaniel Hawthorne,1850,Character_1472,"Character_1472 is described as resilient, submissive, reflecting Asian female identity.",Female,Asian,Middle,"resilient, submissive",[768-dim vector],Asian_Female_Middle,0.48,1
1473,Beloved,Toni Morrison,1987,Character_1473,"Character_1473 is described as tragic, submissive, reflecting Indigenous male identity.",Male,Indigenous,Unknown,"tragic, submissive",[768-dim vector],Indigenous_Male_Unknown,0.76,0
1474,Their Eyes Were Watching God,Zora Neale Hurston,1937,Character_1474,"Character_1474 is described as submissive, caring, reflecting White female identity.",Female,White,Upper,"submissive, caring",[768-dim vector],White_Female_Upper,0.61,1
1475,The Scarlet Letter,Nathaniel Hawthorne,1850,Character_1475,"Character_1475 is described as loving, resilient, reflecting Indigenous female identity.",Female,Indigenous,Middle,"loving, resilient",[768-dim vector],Indigenous_Female_Middle,0.52,1
1476,Their Eyes Were Watching God,Zora Neale Hurston,1937,Character_1476,"Character_1476 is described as hopeful, resilient, reflecting Black non-binary identity.",Non-binary,Black,Unknown,"hopeful, resilient",[768-dim vector],Black_Non-binary_Unknown,0.8,1
1477,The Scarlet Letter,Nathaniel Hawthorne,1850,Character_1477,"Character_1477 is described as strong, heroic, reflecting Indigenous non-binary identity.",Non-binary,Indigenous,Working,"strong, heroic",[768-dim vector],Indigenous_Non-binary_Working,0.73,1
1478,White Noise,Don DeLillo,1985,Character_1478,"Character_1478 is described as hopeful, strong, reflecting Asian male identity.",Male,Asian,Unknown,"hopeful, strong",[768-dim vector],Asian_Male_Unknown,0.85,1
1479,The Great Gatsby,F. Scott Fitzgerald,1925,Character_1479,"Character_1479 is described as devoted, noble, reflecting Unknown female identity.",Female,Unknown,Middle,"devoted, noble",[768-dim vector],Unknown_Female_Middle,0.74,1
1480,Song of Solomon,Toni Morrison,1977,Character_1480,"Character_1480 is described as loving, submissive, reflecting Unknown unknown identity.",Unknown,Unknown,Enslaved/Servant,"loving, submissive",[768-dim vector],Unknown_Unknown_Enslaved/Servant,0.46,1
1481,Beloved,Toni Morrison,1987,Character_1481,"Character_1481 is described as fearless, visionary, reflecting Asian female identity.",Female,Asian,Enslaved/Servant,"fearless, visionary",[768-dim vector],Asian_Female_Enslaved/Servant,0.42,1
1482,To Kill a Mockingbird,Harper Lee,1960,Character_1482,"Character_1482 is described as hopeful, independent, reflecting Indigenous male identity.",Male,Indigenous,Middle,"hopeful, independent",[768-dim vector],Indigenous_Male_Middle,0.5,1
1483,The Scarlet Letter,Nathaniel Hawthorne,1850,Character_1483,"Character_1483 is described as loving, noble, reflecting Unknown unknown identity.",Unknown,Unknown,Working,"loving, noble",[768-dim vector],Unknown_Unknown_Working,0.81,1
1484,Invisible Man,Ralph Ellison,1952,Character_1484,"Character_1484 is described as heroic, independent, reflecting Unknown unknown identity.",Unknown,Unknown,Enslaved/Servant,"heroic, independent",[768-dim vector],Unknown_Unknown_Enslaved/Servant,0.74,1
1485,Beloved,Toni Morrison,1987,Character_1485,"Character_1485 is described as hopeful, heroic, reflecting Mixed male identity.",Male,Mixed,Upper,"hopeful, heroic",[768-dim vector],Mixed_Male_Upper,0.87,1
1486,Beloved,Toni Morrison,1987,Character_1486,"Character_1486 is described as strong, submissive, reflecting Asian unknown identity.",Unknown,Asian,Middle,"strong, submissive",[768-dim vector],Asian_Unknown_Middle,0.53,0
1487,Song of Solomon,Toni Morrison,1977,Character_1487,"Character_1487 is described as rebellious, loving, reflecting Black unknown identity.",Unknown,Black,Enslaved/Servant,"rebellious, loving",[768-dim vector],Black_Unknown_Enslaved/Servant,0.77,1
1488,White Noise,Don DeLillo,1985,Character_1488,"Character_1488 is described as submissive, defiant, reflecting Unknown unknown identity.",Unknown,Unknown,Working,"submissive, defiant",[768-dim vector],Unknown_Unknown_Working,0.53,0
1489,Moby-Dick,Herman Melville,1851,Character_1489,"Character_1489 is described as devoted, brave, reflecting White female identity.",Female,White,Unknown,"devoted, brave",[768-dim vector],White_Female_Unknown,0.8,0
1490,Adventures of Huckleberry Finn,Mark Twain,1884,Character_1490,"Character_1490 is described as independent, fearless, reflecting White female identity.",Female,White,Enslaved/Servant,"independent, fearless",[768-dim vector],White_Female_Enslaved/Servant,0.72,1
1491,The Great Gatsby,F. Scott Fitzgerald,1925,Character_1491,"Character_1491 is described as submissive, visionary, reflecting Unknown non-binary identity.",Non-binary,Unknown,Unknown,"submissive, visionary",[768-dim vector],Unknown_Non-binary_Unknown,0.56,0
1492,The Scarlet Letter,Nathaniel Hawthorne,1850,Character_1492,"Character_1492 is described as defiant, loving, reflecting Mixed non-binary identity.",Non-binary,Mixed,Upper,"defiant, loving",[768-dim vector],Mixed_Non-binary_Upper,0.72,1
1493,Invisible Man,Ralph Ellison,1952,Character_1493,"Character_1493 is described as hopeful, oppressed, reflecting Black unknown identity.",Unknown,Black,Upper,"hopeful, oppressed",[768-dim vector],Black_Unknown_Upper,0.63,1
1494,To Kill a Mockingbird,Harper Lee,1960,Character_1494,"Character_1494 is described as hopeful, fearless, reflecting Asian male identity.",Male,Asian,Middle,"hopeful, fearless",[768-dim vector],Asian_Male_Middle,0.33,1
1495,Their Eyes Were Watching God,Zora Neale Hurston,1937,Character_1495,"Character_1495 is described as defiant, independent, reflecting Unknown unknown identity.",Unknown,Unknown,Enslaved/Servant,"defiant, independent",[768-dim vector],Unknown_Unknown_Enslaved/Servant,0.73,1
1496,White Noise,Don DeLillo,1985,Character_1496,"Character_1496 is described as resilient, fearless, reflecting Mixed female identity.",Female,Mixed,Enslaved/Servant,"resilient, fearless",[768-dim vector],Mixed_Female_Enslaved/Servant,0.41,1
1497,The Scarlet Letter,Nathaniel Hawthorne,1850,Character_1497,"Character_1497 is described as strong, noble, reflecting Asian female identity.",Female,Asian,Upper,"strong, noble",[768-dim vector],Asian_Female_Upper,0.63,1
1498,Song of Solomon,Toni Morrison,1977,Character_1498,"Character_1498 is described as visionary, heroic, reflecting Mixed non-binary identity.",Non-binary,Mixed,Enslaved/Servant,"visionary, heroic",[768-dim vector],Mixed_Non-binary_Enslaved/Servant,0.38,1
1499,White Noise,Don DeLillo,1985,Character_1499,"Character_1499 is described as independent, visionary, reflecting Unknown male identity.",Male,Unknown,Upper,"independent, visionary",[768-dim vector],Unknown_Male_Upper,0.39,1
1500,Beloved,Toni Morrison,1987,Character_1500,"Character_1500 is described as defiant, oppressed, reflecting Asian non-binary identity.",Non-binary,Asian,Unknown,"defiant, oppressed",[768-dim vector],Asian_Non-binary_Unknown,0.47,1
1501,The Great Gatsby,F. Scott Fitzgerald,1925,Character_1501,"Character_1501 is described as visionary, strong, reflecting Mixed female identity.",Female,Mixed,Enslaved/Servant,"visionary, strong",[768-dim vector],Mixed_Female_Enslaved/Servant,0.7,1
1502,Adventures of Huckleberry Finn,Mark Twain,1884,Character_1502,"Character_1502 is described as noble, defiant, reflecting Asian male identity.",Male,Asian,Upper,"noble, defiant",[768-dim vector],Asian_Male_Upper,0.45,1
1503,Their Eyes Were Watching God,Zora Neale Hurston,1937,Character_1503,"Character_1503 is described as fearless, devoted, reflecting Unknown non-binary identity.",Non-binary,Unknown,Upper,"fearless, devoted",[768-dim vector],Unknown_Non-binary_Upper,0.64,1
1504,Invisible Man,Ralph Ellison,1952,Character_1504,"Character_1504 is described as rebellious, tragic, reflecting Indigenous male identity.",Male,Indigenous,Upper,"rebellious, tragic",[768-dim vector],Indigenous_Male_Upper,0.84,0
1505,Beloved,Toni Morrison,1987,Character_1505,"Character_1505 is described as resilient, fearless, reflecting Asian unknown identity.",Unknown,Asian,Middle,"resilient, fearless",[768-dim vector],Asian_Unknown_Middle,0.7,0
1506,Song of Solomon,Toni Morrison,1977,Character_1506,"Character_1506 is described as submissive, visionary, reflecting Asian male identity.",Male,Asian,Upper,"submissive, visionary",[768-dim vector],Asian_Male_Upper,0.63,0
1507,Invisible Man,Ralph Ellison,1952,Character_1507,"Character_1507 is described as fearless, strong, reflecting Unknown non-binary identity.",Non-binary,Unknown,Enslaved/Servant,"fearless, strong",[768-dim vector],Unknown_Non-binary_Enslaved/Servant,0.48,1
1508,The Scarlet Letter,Nathaniel Hawthorne,1850,Character_1508,"Character_1508 is described as hopeful, loving, reflecting Indigenous male identity.",Male,Indigenous,Upper,"hopeful, loving",[768-dim vector],Indigenous_Male_Upper,0.67,1
1509,To Kill a Mockingbird,Harper Lee,1960,Character_1509,"Character_1509 is described as submissive, noble, reflecting Asian unknown identity.",Unknown,Asian,Upper,"submissive, noble",[768-dim vector],Asian_Unknown_Upper,0.74,1
1510,To Kill a Mockingbird,Harper Lee,1960,Character_1510,"Character_1510 is described as defiant, heroic, reflecting Asian female identity.",Female,Asian,Working,"defiant, heroic",[768-dim vector],Asian_Female_Working,0.34,1
1511,The Scarlet Letter,Nathaniel Hawthorne,1850,Character_1511,"Character_1511 is described as rebellious, strong, reflecting Black male identity.",Male,Black,Working,"rebellious, strong",[768-dim vector],Black_Male_Working,0.47,1
1512,Adventures of Huckleberry Finn,Mark Twain,1884,Character_1512,"Character_1512 is described as resilient, hopeful, reflecting Unknown male identity.",Male,Unknown,Upper,"resilient, hopeful",[768-dim vector],Unknown_Male_Upper,0.71,1
1513,To Kill a Mockingbird,Harper Lee,1960,Character_1513,"Character_1513 is described as loyal, fearless, reflecting Black non-binary identity.",Non-binary,Black,Middle,"loyal, fearless",[768-dim vector],Black_Non-binary_Middle,0.33,1
1514,To Kill a Mockingbird,Harper Lee,1960,Character_1514,"Character_1514 is described as rebellious, strong, reflecting Unknown male identity.",Male,Unknown,Unknown,"rebellious, strong",[768-dim vector],Unknown_Male_Unknown,0.87,1
1515,Their Eyes Were Watching God,Zora Neale Hurston,1937,Character_1515,"Character_1515 is described as brave, loyal, reflecting White unknown identity.",Unknown,White,Unknown,"brave, loyal",[768-dim vector],White_Unknown_Unknown,0.7,1
1516,Invisible Man,Ralph Ellison,1952,Character_1516,"Character_1516 is described as noble, fearless, reflecting Black female identity.",Female,Black,Working,"noble, fearless",[768-dim vector],Black_Female_Working,0.42,1
1517,Moby-Dick,Herman Melville,1851,Character_1517,"Character_1517 is described as brave, loving, reflecting Asian male identity.",Male,Asian,Upper,"brave, loving",[768-dim vector],Asian_Male_Upper,0.75,0
1518,The Great Gatsby,F. Scott Fitzgerald,1925,Character_1518,"Character_1518 is described as defiant, heroic, reflecting Black male identity.",Male,Black,Upper,"defiant, heroic",[768-dim vector],Black_Male_Upper,0.47,0
1519,The Scarlet Letter,Nathaniel Hawthorne,1850,Character_1519,"Character_1519 is described as loving, heroic, reflecting Mixed unknown identity.",Unknown,Mixed,Upper,"loving, heroic",[768-dim vector],Mixed_Unknown_Upper,0.56,1
1520,Song of Solomon,Toni Morrison,1977,Character_1520,"Character_1520 is described as heroic, strong, reflecting Mixed female identity.",Female,Mixed,Middle,"heroic, strong",[768-dim vector],Mixed_Female_Middle,0.34,1
1521,Invisible Man,Ralph Ellison,1952,Character_1521,"Character_1521 is described as rebellious, caring, reflecting Black male identity.",Male,Black,Middle,"rebellious, caring",[768-dim vector],Black_Male_Middle,0.41,1
1522,Beloved,Toni Morrison,1987,Character_1522,"Character_1522 is described as loving, brave, reflecting White female identity.",Female,White,Enslaved/Servant,"loving, brave",[768-dim vector],White_Female_Enslaved/Servant,0.37,1
1523,Invisible Man,Ralph Ellison,1952,Character_1523,"Character_1523 is described as submissive, resilient, reflecting Asian female identity.",Female,Asian,Middle,"submissive, resilient",[768-dim vector],Asian_Female_Middle,0.74,1
1524,White Noise,Don DeLillo,1985,Character_1524,"Character_1524 is described as fearless, oppressed, reflecting White non-binary identity.",Non-binary,White,Upper,"fearless, oppressed",[768-dim vector],White_Non-binary_Upper,0.55,1
1525,Their Eyes Were Watching God,Zora Neale Hurston,1937,Character_1525,"Character_1525 is described as defiant, resilient, reflecting White unknown identity.",Unknown,White,Unknown,"defiant, resilient",[768-dim vector],White_Unknown_Unknown,0.54,0
1526,Moby-Dick,Herman Melville,1851,Character_1526,"Character_1526 is described as hopeful, loving, reflecting Unknown non-binary identity.",Non-binary,Unknown,Enslaved/Servant,"hopeful, loving",[768-dim vector],Unknown_Non-binary_Enslaved/Servant,0.42,1
1527,Adventures of Huckleberry Finn,Mark Twain,1884,Character_1527,"Character_1527 is described as submissive, loving, reflecting Unknown non-binary identity.",Non-binary,Unknown,Enslaved/Servant,"submissive, loving",[768-dim vector],Unknown_Non-binary_Enslaved/Servant,0.46,0
1528,The Scarlet Letter,Nathaniel Hawthorne,1850,Character_1528,"Character_1528 is described as noble, tragic, reflecting Asian unknown identity.",Unknown,Asian,Unknown,"noble, tragic",[768-dim vector],Asian_Unknown_Unknown,0.69,1
1529,White Noise,Don DeLillo,1985,Character_1529,"Character_1529 is described as rebellious, independent, reflecting Black male identity.",Male,Black,Upper,"rebellious, independent",[768-dim vector],Black_Male_Upper,0.66,0
1530,The Great Gatsby,F. Scott Fitzgerald,1925,Character_1530,"Character_1530 is described as submissive, loyal, reflecting Black unknown identity.",Unknown,Black,Unknown,"submissive, loyal",[768-dim vector],Black_Unknown_Unknown,0.35,1
1531,Adventures of Huckleberry Finn,Mark Twain,1884,Character_1531,"Character_1531 is described as fearless, hopeful, reflecting Asian non-binary identity.",Non-binary,Asian,Working,"fearless, hopeful",[768-dim vector],Asian_Non-binary_Working,0.48,0
1532,Invisible Man,Ralph Ellison,1952,Character_1532,"Character_1532 is described as noble, visionary, reflecting Unknown female identity.",Female,Unknown,Upper,"noble, visionary",[768-dim vector],Unknown_Female_Upper,0.66,1
1533,Beloved,Toni Morrison,1987,Character_1533,"Character_1533 is described as loyal, tragic, reflecting Indigenous female identity.",Female,Indigenous,Working,"loyal, tragic",[768-dim vector],Indigenous_Female_Working,0.69,0
1534,Invisible Man,Ralph Ellison,1952,Character_1534,"Character_1534 is described as loving, heroic, reflecting White non-binary identity.",Non-binary,White,Middle,"loving, heroic",[768-dim vector],White_Non-binary_Middle,0.31,1
1535,The Great Gatsby,F. Scott Fitzgerald,1925,Character_1535,"Character_1535 is described as noble, heroic, reflecting Mixed female identity.",Female,Mixed,Upper,"noble, heroic",[768-dim vector],Mixed_Female_Upper,0.45,1
1536,White Noise,Don DeLillo,1985,Character_1536,"Character_1536 is described as defiant, visionary, reflecting Mixed unknown identity.",Unknown,Mixed,Working,"defiant, visionary",[768-dim vector],Mixed_Unknown_Working,0.72,1
1537,The Scarlet Letter,Nathaniel Hawthorne,1850,Character_1537,"Character_1537 is described as fearless, loyal, reflecting Asian male identity.",Male,Asian,Upper,"fearless, loyal",[768-dim vector],Asian_Male_Upper,0.49,0
1538,Adventures of Huckleberry Finn,Mark Twain,1884,Character_1538,"Character_1538 is described as defiant, fearless, reflecting Black female identity.",Female,Black,Upper,"defiant, fearless",[768-dim vector],Black_Female_Upper,0.66,1
1539,The Great Gatsby,F. Scott Fitzgerald,1925,Character_1539,"Character_1539 is described as independent, defiant, reflecting Asian male identity.",Male,Asian,Enslaved/Servant,"independent, defiant",[768-dim vector],Asian_Male_Enslaved/Servant,0.87,0
1540,The Great Gatsby,F. Scott Fitzgerald,1925,Character_1540,"Character_1540 is described as noble, independent, reflecting Asian female identity.",Female,Asian,Middle,"noble, independent",[768-dim vector],Asian_Female_Middle,0.39,1
1541,Their Eyes Were Watching God,Zora Neale Hurston,1937,Character_1541,"Character_1541 is described as resilient, devoted, reflecting Unknown unknown identity.",Unknown,Unknown,Middle,"resilient, devoted",[768-dim vector],Unknown_Unknown_Middle,0.74,1
1542,Moby-Dick,Herman Melville,1851,Character_1542,"Character_1542 is described as defiant, devoted, reflecting Asian non-binary identity.",Non-binary,Asian,Enslaved/Servant,"defiant, devoted",[768-dim vector],Asian_Non-binary_Enslaved/Servant,0.42,1
1543,To Kill a Mockingbird,Harper Lee,1960,Character_1543,"Character_1543 is described as oppressed, hopeful, reflecting Mixed unknown identity.",Unknown,Mixed,Unknown,"oppressed, hopeful",[768-dim vector],Mixed_Unknown_Unknown,0.72,1
1544,To Kill a Mockingbird,Harper Lee,1960,Character_1544,"Character_1544 is described as submissive, independent, reflecting Asian male identity.",Male,Asian,Enslaved/Servant,"submissive, independent",[768-dim vector],Asian_Male_Enslaved/Servant,0.54,0
1545,White Noise,Don DeLillo,1985,Character_1545,"Character_1545 is described as resilient, strong, reflecting Mixed female identity.",Female,Mixed,Middle,"resilient, strong",[768-dim vector],Mixed_Female_Middle,0.65,0
1546,To Kill a Mockingbird,Harper Lee,1960,Character_1546,"Character_1546 is described as strong, devoted, reflecting Asian non-binary identity.",Non-binary,Asian,Working,"strong, devoted",[768-dim vector],Asian_Non-binary_Working,0.57,1
1547,Moby-Dick,Herman Melville,1851,Character_1547,"Character_1547 is described as fearless, hopeful, reflecting Black non-binary identity.",Non-binary,Black,Enslaved/Servant,"fearless, hopeful",[768-dim vector],Black_Non-binary_Enslaved/Servant,0.54,1
1548,The Great Gatsby,F. Scott Fitzgerald,1925,Character_1548,"Character_1548 is described as caring, devoted, reflecting White male identity.",Male,White,Unknown,"caring, devoted",[768-dim vector],White_Male_Unknown,0.41,1
1549,Invisible Man,Ralph Ellison,1952,Character_1549,"Character_1549 is described as strong, devoted, reflecting Asian unknown identity.",Unknown,Asian,Working,"strong, devoted",[768-dim vector],Asian_Unknown_Working,0.89,0
1550,Their Eyes Were Watching God,Zora Neale Hurston,1937,Character_1550,"Character_1550 is described as rebellious, strong, reflecting Asian male identity.",Male,Asian,Upper,"rebellious, strong",[768-dim vector],Asian_Male_Upper,0.3,1
1551,White Noise,Don DeLillo,1985,Character_1551,"Character_1551 is described as resilient, caring, reflecting Black female identity.",Female,Black,Enslaved/Servant,"resilient, caring",[768-dim vector],Black_Female_Enslaved/Servant,0.36,1
1552,Song of Solomon,Toni Morrison,1977,Character_1552,"Character_1552 is described as loyal, strong, reflecting Unknown unknown identity.",Unknown,Unknown,Working,"loyal, strong",[768-dim vector],Unknown_Unknown_Working,0.85,1
1553,Invisible Man,Ralph Ellison,1952,Character_1553,"Character_1553 is described as loyal, caring, reflecting Black female identity.",Female,Black,Enslaved/Servant,"loyal, caring",[768-dim vector],Black_Female_Enslaved/Servant,0.46,1
1554,The Scarlet Letter,Nathaniel Hawthorne,1850,Character_1554,"Character_1554 is described as visionary, hopeful, reflecting Indigenous female identity.",Female,Indigenous,Unknown,"visionary, hopeful",[768-dim vector],Indigenous_Female_Unknown,0.73,0
1555,Their Eyes Were Watching God,Zora Neale Hurston,1937,Character_1555,"Character_1555 is described as defiant, brave, reflecting Mixed female identity.",Female,Mixed,Unknown,"defiant, brave",[768-dim vector],Mixed_Female_Unknown,0.65,1
1556,Moby-Dick,Herman Melville,1851,Character_1556,"Character_1556 is described as strong, submissive, reflecting Unknown male identity.",Male,Unknown,Enslaved/Servant,"strong, submissive",[768-dim vector],Unknown_Male_Enslaved/Servant,0.68,0
1557,Song of Solomon,Toni Morrison,1977,Character_1557,"Character_1557 is described as oppressed, resilient, reflecting Asian female identity.",Female,Asian,Middle,"oppressed, resilient",[768-dim vector],Asian_Female_Middle,0.73,0
1558,Their Eyes Were Watching God,Zora Neale Hurston,1937,Character_1558,"Character_1558 is described as oppressed, submissive, reflecting Mixed unknown identity.",Unknown,Mixed,Working,"oppressed, submissive",[768-dim vector],Mixed_Unknown_Working,0.42,1
1559,Moby-Dick,Herman Melville,1851,Character_1559,"Character_1559 is described as fearless, strong, reflecting Black non-binary identity.",Non-binary,Black,Working,"fearless, strong",[768-dim vector],Black_Non-binary_Working,0.74,0
1560,Their Eyes Were Watching God,Zora Neale Hurston,1937,Character_1560,"Character_1560 is described as brave, rebellious, reflecting Black male identity.",Male,Black,Enslaved/Servant,"brave, rebellious",[768-dim vector],Black_Male_Enslaved/Servant,0.45,0
1561,Moby-Dick,Herman Melville,1851,Character_1561,"Character_1561 is described as independent, oppressed, reflecting Mixed unknown identity.",Unknown,Mixed,Enslaved/Servant,"independent, oppressed",[768-dim vector],Mixed_Unknown_Enslaved/Servant,0.46,0
1562,Adventures of Huckleberry Finn,Mark Twain,1884,Character_1562,"Character_1562 is described as hopeful, fearless, reflecting Indigenous female identity.",Female,Indigenous,Middle,"hopeful, fearless",[768-dim vector],Indigenous_Female_Middle,0.34,1
1563,To Kill a Mockingbird,Harper Lee,1960,Character_1563,"Character_1563 is described as visionary, fearless, reflecting Mixed female identity.",Female,Mixed,Upper,"visionary, fearless",[768-dim vector],Mixed_Female_Upper,0.74,1
1564,Adventures of Huckleberry Finn,Mark Twain,1884,Character_1564,"Character_1564 is described as fearless, resilient, reflecting White female identity.",Female,White,Middle,"fearless, resilient",[768-dim vector],White_Female_Middle,0.7,0
1565,Invisible Man,Ralph Ellison,1952,Character_1565,"Character_1565 is described as rebellious, defiant, reflecting Unknown unknown identity.",Unknown,Unknown,Unknown,"rebellious, defiant",[768-dim vector],Unknown_Unknown_Unknown,0.87,1
1566,Moby-Dick,Herman Melville,1851,Character_1566,"Character_1566 is described as rebellious, resilient, reflecting White non-binary identity.",Non-binary,White,Enslaved/Servant,"rebellious, resilient",[768-dim vector],White_Non-binary_Enslaved/Servant,0.78,1
1567,Moby-Dick,Herman Melville,1851,Character_1567,"Character_1567 is described as noble, devoted, reflecting White non-binary identity.",Non-binary,White,Unknown,"noble, devoted",[768-dim vector],White_Non-binary_Unknown,0.86,1
1568,To Kill a Mockingbird,Harper Lee,1960,Character_1568,"Character_1568 is described as resilient, brave, reflecting White male identity.",Male,White,Upper,"resilient, brave",[768-dim vector],White_Male_Upper,0.42,1
1569,White Noise,Don DeLillo,1985,Character_1569,"Character_1569 is described as tragic, brave, reflecting White male identity.",Male,White,Middle,"tragic, brave",[768-dim vector],White_Male_Middle,0.75,1
1570,Invisible Man,Ralph Ellison,1952,Character_1570,"Character_1570 is described as loving, oppressed, reflecting Asian non-binary identity.",Non-binary,Asian,Enslaved/Servant,"loving, oppressed",[768-dim vector],Asian_Non-binary_Enslaved/Servant,0.61,0
1571,Beloved,Toni Morrison,1987,Character_1571,"Character_1571 is described as loving, noble, reflecting Unknown non-binary identity.",Non-binary,Unknown,Working,"loving, noble",[768-dim vector],Unknown_Non-binary_Working,0.52,1
1572,Beloved,Toni Morrison,1987,Character_1572,"Character_1572 is described as loyal, caring, reflecting Asian unknown identity.",Unknown,Asian,Unknown,"loyal, caring",[768-dim vector],Asian_Unknown_Unknown,0.65,1
1573,Beloved,Toni Morrison,1987,Character_1573,"Character_1573 is described as strong, hopeful, reflecting White male identity.",Male,White,Enslaved/Servant,"strong, hopeful",[768-dim vector],White_Male_Enslaved/Servant,0.46,1
1574,The Scarlet Letter,Nathaniel Hawthorne,1850,Character_1574,"Character_1574 is described as noble, caring, reflecting Mixed male identity.",Male,Mixed,Working,"noble, caring",[768-dim vector],Mixed_Male_Working,0.84,1
1575,To Kill a Mockingbird,Harper Lee,1960,Character_1575,"Character_1575 is described as fearless, brave, reflecting Mixed unknown identity.",Unknown,Mixed,Enslaved/Servant,"fearless, brave",[768-dim vector],Mixed_Unknown_Enslaved/Servant,0.77,1
1576,Beloved,Toni Morrison,1987,Character_1576,"Character_1576 is described as loyal, loving, reflecting Unknown male identity.",Male,Unknown,Working,"loyal, loving",[768-dim vector],Unknown_Male_Working,0.68,0
1577,To Kill a Mockingbird,Harper Lee,1960,Character_1577,"Character_1577 is described as strong, submissive, reflecting Mixed female identity.",Female,Mixed,Enslaved/Servant,"strong, submissive",[768-dim vector],Mixed_Female_Enslaved/Servant,0.72,1
1578,Beloved,Toni Morrison,1987,Character_1578,"Character_1578 is described as strong, independent, reflecting Asian unknown identity.",Unknown,Asian,Upper,"strong, independent",[768-dim vector],Asian_Unknown_Upper,0.57,1
1579,White Noise,Don DeLillo,1985,Character_1579,"Character_1579 is described as tragic, heroic, reflecting Unknown female identity.",Female,Unknown,Middle,"tragic, heroic",[768-dim vector],Unknown_Female_Middle,0.86,0
1580,The Scarlet Letter,Nathaniel Hawthorne,1850,Character_1580,"Character_1580 is described as independent, visionary, reflecting Asian female identity.",Female,Asian,Upper,"independent, visionary",[768-dim vector],Asian_Female_Upper,0.79,0
1581,Adventures of Huckleberry Finn,Mark Twain,1884,Character_1581,"Character_1581 is described as heroic, noble, reflecting White unknown identity.",Unknown,White,Enslaved/Servant,"heroic, noble",[768-dim vector],White_Unknown_Enslaved/Servant,0.57,0
1582,The Great Gatsby,F. Scott Fitzgerald,1925,Character_1582,"Character_1582 is described as rebellious, oppressed, reflecting Black female identity.",Female,Black,Upper,"rebellious, oppressed",[768-dim vector],Black_Female_Upper,0.48,1
1583,The Scarlet Letter,Nathaniel Hawthorne,1850,Character_1583,"Character_1583 is described as resilient, noble, reflecting Indigenous female identity.",Female,Indigenous,Enslaved/Servant,"resilient, noble",[768-dim vector],Indigenous_Female_Enslaved/Servant,0.33,1
1584,Their Eyes Were Watching God,Zora Neale Hurston,1937,Character_1584,"Character_1584 is described as hopeful, devoted, reflecting Unknown unknown identity.",Unknown,Unknown,Upper,"hopeful, devoted",[768-dim vector],Unknown_Unknown_Upper,0.86,0
1585,Moby-Dick,Herman Melville,1851,Character_1585,"Character_1585 is described as submissive, loving, reflecting Black non-binary identity.",Non-binary,Black,Unknown,"submissive, loving",[768-dim vector],Black_Non-binary_Unknown,0.76,1
1586,Invisible Man,Ralph Ellison,1952,Character_1586,"Character_1586 is described as oppressed, noble, reflecting Unknown unknown identity.",Unknown,Unknown,Unknown,"oppressed, noble",[768-dim vector],Unknown_Unknown_Unknown,0.69,0
1587,The Great Gatsby,F. Scott Fitzgerald,1925,Character_1587,"Character_1587 is described as submissive, rebellious, reflecting White non-binary identity.",Non-binary,White,Working,"submissive, rebellious",[768-dim vector],White_Non-binary_Working,0.4,0
1588,Moby-Dick,Herman Melville,1851,Character_1588,"Character_1588 is described as fearless, rebellious, reflecting Unknown non-binary identity.",Non-binary,Unknown,Unknown,"fearless, rebellious",[768-dim vector],Unknown_Non-binary_Unknown,0.34,0
1589,White Noise,Don DeLillo,1985,Character_1589,"Character_1589 is described as strong, brave, reflecting Black non-binary identity.",Non-binary,Black,Working,"strong, brave",[768-dim vector],Black_Non-binary_Working,0.7,1
1590,Their Eyes Were Watching God,Zora Neale Hurston,1937,Character_1590,"Character_1590 is described as fearless, strong, reflecting Mixed male identity.",Male,Mixed,Unknown,"fearless, strong",[768-dim vector],Mixed_Male_Unknown,0.79,1
1591,Invisible Man,Ralph Ellison,1952,Character_1591,"Character_1591 is described as tragic, noble, reflecting Indigenous non-binary identity.",Non-binary,Indigenous,Middle,"tragic, noble",[768-dim vector],Indigenous_Non-binary_Middle,0.37,0
1592,Moby-Dick,Herman Melville,1851,Character_1592,"Character_1592 is described as visionary, loving, reflecting White unknown identity.",Unknown,White,Unknown,"visionary, loving",[768-dim vector],White_Unknown_Unknown,0.49,0
1593,Adventures of Huckleberry Finn,Mark Twain,1884,Character_1593,"Character_1593 is described as visionary, hopeful, reflecting Black non-binary identity.",Non-binary,Black,Enslaved/Servant,"visionary, hopeful",[768-dim vector],Black_Non-binary_Enslaved/Servant,0.61,1
1594,White Noise,Don DeLillo,1985,Character_1594,"Character_1594 is described as loving, independent, reflecting Black non-binary identity.",Non-binary,Black,Upper,"loving, independent",[768-dim vector],Black_Non-binary_Upper,0.51,1
1595,Song of Solomon,Toni Morrison,1977,Character_1595,"Character_1595 is described as devoted, fearless, reflecting Indigenous male identity.",Male,Indigenous,Unknown,"devoted, fearless",[768-dim vector],Indigenous_Male_Unknown,0.8,1
1596,To Kill a Mockingbird,Harper Lee,1960,Character_1596,"Character_1596 is described as loyal, loving, reflecting Unknown non-binary identity.",Non-binary,Unknown,Enslaved/Servant,"loyal, loving",[768-dim vector],Unknown_Non-binary_Enslaved/Servant,0.48,1
1597,Adventures of Huckleberry Finn,Mark Twain,1884,Character_1597,"Character_1597 is described as loyal, defiant, reflecting Unknown female identity.",Female,Unknown,Middle,"loyal, defiant",[768-dim vector],Unknown_Female_Middle,0.87,1
1598,To Kill a Mockingbird,Harper Lee,1960,Character_1598,"Character_1598 is described as brave, strong, reflecting Indigenous unknown identity.",Unknown,Indigenous,Middle,"brave, strong",[768-dim vector],Indigenous_Unknown_Middle,0.51,1
1599,Beloved,Toni Morrison,1987,Character_1599,"Character_1599 is described as caring, strong, reflecting Unknown unknown identity.",Unknown,Unknown,Enslaved/Servant,"caring, strong",[768-dim vector],Unknown_Unknown_Enslaved/Servant,0.86,1
1600,Invisible Man,Ralph Ellison,1952,Character_1600,"Character_1600 is described as independent, fearless, reflecting Mixed male identity.",Male,Mixed,Working,"independent, fearless",[768-dim vector],Mixed_Male_Working,0.36,1
1601,Song of Solomon,Toni Morrison,1977,Character_1601,"Character_1601 is described as loving, loyal, reflecting White unknown identity.",Unknown,White,Middle,"loving, loyal",[768-dim vector],White_Unknown_Middle,0.63,1
1602,Their Eyes Were Watching God,Zora Neale Hurston,1937,Character_1602,"Character_1602 is described as hopeful, visionary, reflecting Unknown unknown identity.",Unknown,Unknown,Middle,"hopeful, visionary",[768-dim vector],Unknown_Unknown_Middle,0.42,1
1603,To Kill a Mockingbird,Harper Lee,1960,Character_1603,"Character_1603 is described as fearless, heroic, reflecting Black non-binary identity.",Non-binary,Black,Middle,"fearless, heroic",[768-dim vector],Black_Non-binary_Middle,0.71,1
1604,The Scarlet Letter,Nathaniel Hawthorne,1850,Character_1604,"Character_1604 is described as rebellious, hopeful, reflecting Unknown non-binary identity.",Non-binary,Unknown,Unknown,"rebellious, hopeful",[768-dim vector],Unknown_Non-binary_Unknown,0.82,1
1605,Invisible Man,Ralph Ellison,1952,Character_1605,"Character_1605 is described as loyal, rebellious, reflecting Unknown unknown identity.",Unknown,Unknown,Middle,"loyal, rebellious",[768-dim vector],Unknown_Unknown_Middle,0.56,1
1606,Beloved,Toni Morrison,1987,Character_1606,"Character_1606 is described as rebellious, tragic, reflecting Black unknown identity.",Unknown,Black,Upper,"rebellious, tragic",[768-dim vector],Black_Unknown_Upper,0.4,1
1607,Beloved,Toni Morrison,1987,Character_1607,"Character_1607 is described as noble, loyal, reflecting Black unknown identity.",Unknown,Black,Enslaved/Servant,"noble, loyal",[768-dim vector],Black_Unknown_Enslaved/Servant,0.41,1
1608,Moby-Dick,Herman Melville,1851,Character_1608,"Character_1608 is described as independent, defiant, reflecting Asian female identity.",Female,Asian,Enslaved/Servant,"independent, defiant",[768-dim vector],Asian_Female_Enslaved/Servant,0.44,0
1609,Invisible Man,Ralph Ellison,1952,Character_1609,"Character_1609 is described as resilient, visionary, reflecting Asian male identity.",Male,Asian,Enslaved/Servant,"resilient, visionary",[768-dim vector],Asian_Male_Enslaved/Servant,0.4,0
1610,Beloved,Toni Morrison,1987,Character_1610,"Character_1610 is described as submissive, rebellious, reflecting White male identity.",Male,White,Upper,"submissive, rebellious",[768-dim vector],White_Male_Upper,0.73,1
1611,To Kill a Mockingbird,Harper Lee,1960,Character_1611,"Character_1611 is described as devoted, resilient, reflecting White female identity.",Female,White,Unknown,"devoted, resilient",[768-dim vector],White_Female_Unknown,0.61,0
1612,Moby-Dick,Herman Melville,1851,Character_1612,"Character_1612 is described as oppressed, independent, reflecting Asian female identity.",Female,Asian,Enslaved/Servant,"oppressed, independent",[768-dim vector],Asian_Female_Enslaved/Servant,0.35,0
1613,White Noise,Don DeLillo,1985,Character_1613,"Character_1613 is described as submissive, defiant, reflecting White female identity.",Female,White,Working,"submissive, defiant",[768-dim vector],White_Female_Working,0.4,1
1614,Invisible Man,Ralph Ellison,1952,Character_1614,"Character_1614 is described as heroic, tragic, reflecting Asian male identity.",Male,Asian,Unknown,"heroic, tragic",[768-dim vector],Asian_Male_Unknown,0.44,1
1615,To Kill a Mockingbird,Harper Lee,1960,Character_1615,"Character_1615 is described as heroic, rebellious, reflecting Mixed male identity.",Male,Mixed,Unknown,"heroic, rebellious",[768-dim vector],Mixed_Male_Unknown,0.36,0
1616,The Great Gatsby,F. Scott Fitzgerald,1925,Character_1616,"Character_1616 is described as defiant, brave, reflecting Black male identity.",Male,Black,Unknown,"defiant, brave",[768-dim vector],Black_Male_Unknown,0.61,1
1617,Song of Solomon,Toni Morrison,1977,Character_1617,"Character_1617 is described as loyal, hopeful, reflecting Indigenous unknown identity.",Unknown,Indigenous,Upper,"loyal, hopeful",[768-dim vector],Indigenous_Unknown_Upper,0.45,0
1618,White Noise,Don DeLillo,1985,Character_1618,"Character_1618 is described as submissive, resilient, reflecting Unknown female identity.",Female,Unknown,Middle,"submissive, resilient",[768-dim vector],Unknown_Female_Middle,0.53,0
1619,The Scarlet Letter,Nathaniel Hawthorne,1850,Character_1619,"Character_1619 is described as independent, caring, reflecting White male identity.",Male,White,Unknown,"independent, caring",[768-dim vector],White_Male_Unknown,0.43,1
1620,Song of Solomon,Toni Morrison,1977,Character_1620,"Character_1620 is described as noble, independent, reflecting Asian female identity.",Female,Asian,Upper,"noble, independent",[768-dim vector],Asian_Female_Upper,0.67,1
1621,The Scarlet Letter,Nathaniel Hawthorne,1850,Character_1621,"Character_1621 is described as visionary, hopeful, reflecting Unknown non-binary identity.",Non-binary,Unknown,Unknown,"visionary, hopeful",[768-dim vector],Unknown_Non-binary_Unknown,0.55,1
1622,White Noise,Don DeLillo,1985,Character_1622,"Character_1622 is described as tragic, caring, reflecting Unknown unknown identity.",Unknown,Unknown,Working,"tragic, caring",[768-dim vector],Unknown_Unknown_Working,0.62,1
1623,White Noise,Don DeLillo,1985,Character_1623,"Character_1623 is described as loyal, noble, reflecting Unknown female identity.",Female,Unknown,Upper,"loyal, noble",[768-dim vector],Unknown_Female_Upper,0.72,0
1624,The Scarlet Letter,Nathaniel Hawthorne,1850,Character_1624,"Character_1624 is described as fearless, hopeful, reflecting Black female identity.",Female,Black,Working,"fearless, hopeful",[768-dim vector],Black_Female_Working,0.6,1
1625,White Noise,Don DeLillo,1985,Character_1625,"Character_1625 is described as resilient, hopeful, reflecting Mixed female identity.",Female,Mixed,Working,"resilient, hopeful",[768-dim vector],Mixed_Female_Working,0.82,1
1626,White Noise,Don DeLillo,1985,Character_1626,"Character_1626 is described as resilient, heroic, reflecting White unknown identity.",Unknown,White,Unknown,"resilient, heroic",[768-dim vector],White_Unknown_Unknown,0.62,0
1627,Invisible Man,Ralph Ellison,1952,Character_1627,"Character_1627 is described as submissive, resilient, reflecting Asian female identity.",Female,Asian,Enslaved/Servant,"submissive, resilient",[768-dim vector],Asian_Female_Enslaved/Servant,0.66,0
1628,Invisible Man,Ralph Ellison,1952,Character_1628,"Character_1628 is described as submissive, resilient, reflecting Mixed female identity.",Female,Mixed,Middle,"submissive, resilient",[768-dim vector],Mixed_Female_Middle,0.5,0
1629,The Great Gatsby,F. Scott Fitzgerald,1925,Character_1629,"Character_1629 is described as defiant, oppressed, reflecting Mixed non-binary identity.",Non-binary,Mixed,Unknown,"defiant, oppressed",[768-dim vector],Mixed_Non-binary_Unknown,0.72,0
1630,Adventures of Huckleberry Finn,Mark Twain,1884,Character_1630,"Character_1630 is described as brave, noble, reflecting Asian non-binary identity.",Non-binary,Asian,Enslaved/Servant,"brave, noble",[768-dim vector],Asian_Non-binary_Enslaved/Servant,0.54,1
1631,Moby-Dick,Herman Melville,1851,Character_1631,"Character_1631 is described as rebellious, oppressed, reflecting White non-binary identity.",Non-binary,White,Unknown,"rebellious, oppressed",[768-dim vector],White_Non-binary_Unknown,0.42,1
1632,Moby-Dick,Herman Melville,1851,Character_1632,"Character_1632 is described as caring, loving, reflecting Unknown non-binary identity.",Non-binary,Unknown,Upper,"caring, loving",[768-dim vector],Unknown_Non-binary_Upper,0.55,0
1633,Their Eyes Were Watching God,Zora Neale Hurston,1937,Character_1633,"Character_1633 is described as brave, rebellious, reflecting Black female identity.",Female,Black,Working,"brave, rebellious",[768-dim vector],Black_Female_Working,0.78,0
1634,Invisible Man,Ralph Ellison,1952,Character_1634,"Character_1634 is described as rebellious, defiant, reflecting Asian female identity.",Female,Asian,Upper,"rebellious, defiant",[768-dim vector],Asian_Female_Upper,0.58,1
1635,Song of Solomon,Toni Morrison,1977,Character_1635,"Character_1635 is described as rebellious, tragic, reflecting Mixed non-binary identity.",Non-binary,Mixed,Enslaved/Servant,"rebellious, tragic",[768-dim vector],Mixed_Non-binary_Enslaved/Servant,0.68,1
1636,Beloved,Toni Morrison,1987,Character_1636,"Character_1636 is described as rebellious, loyal, reflecting Mixed non-binary identity.",Non-binary,Mixed,Working,"rebellious, loyal",[768-dim vector],Mixed_Non-binary_Working,0.45,0
1637,Adventures of Huckleberry Finn,Mark Twain,1884,Character_1637,"Character_1637 is described as caring, strong, reflecting Asian non-binary identity.",Non-binary,Asian,Middle,"caring, strong",[768-dim vector],Asian_Non-binary_Middle,0.73,1
1638,To Kill a Mockingbird,Harper Lee,1960,Character_1638,"Character_1638 is described as tragic, hopeful, reflecting Indigenous female identity.",Female,Indigenous,Upper,"tragic, hopeful",[768-dim vector],Indigenous_Female_Upper,0.8,1
1639,Adventures of Huckleberry Finn,Mark Twain,1884,Character_1639,"Character_1639 is described as resilient, loyal, reflecting Asian female identity.",Female,Asian,Unknown,"resilient, loyal",[768-dim vector],Asian_Female_Unknown,0.81,1
1640,Beloved,Toni Morrison,1987,Character_1640,"Character_1640 is described as oppressed, visionary, reflecting Unknown female identity.",Female,Unknown,Unknown,"oppressed, visionary",[768-dim vector],Unknown_Female_Unknown,0.5,1
1641,Adventures of Huckleberry Finn,Mark Twain,1884,Character_1641,"Character_1641 is described as tragic, independent, reflecting Indigenous unknown identity.",Unknown,Indigenous,Enslaved/Servant,"tragic, independent",[768-dim vector],Indigenous_Unknown_Enslaved/Servant,0.57,0
1642,Their Eyes Were Watching God,Zora Neale Hurston,1937,Character_1642,"Character_1642 is described as independent, submissive, reflecting Mixed unknown identity.",Unknown,Mixed,Middle,"independent, submissive",[768-dim vector],Mixed_Unknown_Middle,0.81,1
1643,Their Eyes Were Watching God,Zora Neale Hurston,1937,Character_1643,"Character_1643 is described as submissive, heroic, reflecting Indigenous unknown identity.",Unknown,Indigenous,Upper,"submissive, heroic",[768-dim vector],Indigenous_Unknown_Upper,0.58,0
1644,The Great Gatsby,F. Scott Fitzgerald,1925,Character_1644,"Character_1644 is described as loyal, submissive, reflecting Black male identity.",Male,Black,Unknown,"loyal, submissive",[768-dim vector],Black_Male_Unknown,0.53,1
1645,Their Eyes Were Watching God,Zora Neale Hurston,1937,Character_1645,"Character_1645 is described as tragic, hopeful, reflecting White unknown identity.",Unknown,White,Enslaved/Servant,"tragic, hopeful",[768-dim vector],White_Unknown_Enslaved/Servant,0.84,0
1646,To Kill a Mockingbird,Harper Lee,1960,Character_1646,"Character_1646 is described as rebellious, strong, reflecting Mixed unknown identity.",Unknown,Mixed,Unknown,"rebellious, strong",[768-dim vector],Mixed_Unknown_Unknown,0.34,1
1647,The Scarlet Letter,Nathaniel Hawthorne,1850,Character_1647,"Character_1647 is described as oppressed, caring, reflecting Unknown female identity.",Female,Unknown,Upper,"oppressed, caring",[768-dim vector],Unknown_Female_Upper,0.53,1
1648,The Great Gatsby,F. Scott Fitzgerald,1925,Character_1648,"Character_1648 is described as defiant, tragic, reflecting Mixed male identity.",Male,Mixed,Enslaved/Servant,"defiant, tragic",[768-dim vector],Mixed_Male_Enslaved/Servant,0.88,0
1649,The Great Gatsby,F. Scott Fitzgerald,1925,Character_1649,"Character_1649 is described as hopeful, tragic, reflecting White female identity.",Female,White,Working,"hopeful, tragic",[768-dim vector],White_Female_Working,0.69,0
1650,Beloved,Toni Morrison,1987,Character_1650,"Character_1650 is described as strong, defiant, reflecting Asian male identity.",Male,Asian,Enslaved/Servant,"strong, defiant",[768-dim vector],Asian_Male_Enslaved/Servant,0.53,1
1651,Beloved,Toni Morrison,1987,Character_1651,"Character_1651 is described as heroic, rebellious, reflecting Indigenous male identity.",Male,Indigenous,Middle,"heroic, rebellious",[768-dim vector],Indigenous_Male_Middle,0.56,1
1652,Their Eyes Were Watching God,Zora Neale Hurston,1937,Character_1652,"Character_1652 is described as resilient, fearless, reflecting Asian non-binary identity.",Non-binary,Asian,Working,"resilient, fearless",[768-dim vector],Asian_Non-binary_Working,0.64,1
1653,The Scarlet Letter,Nathaniel Hawthorne,1850,Character_1653,"Character_1653 is described as tragic, loyal, reflecting Black unknown identity.",Unknown,Black,Working,"tragic, loyal",[768-dim vector],Black_Unknown_Working,0.43,1
1654,To Kill a Mockingbird,Harper Lee,1960,Character_1654,"Character_1654 is described as brave, visionary, reflecting White unknown identity.",Unknown,White,Working,"brave, visionary",[768-dim vector],White_Unknown_Working,0.52,0
1655,Beloved,Toni Morrison,1987,Character_1655,"Character_1655 is described as brave, caring, reflecting Indigenous non-binary identity.",Non-binary,Indigenous,Upper,"brave, caring",[768-dim vector],Indigenous_Non-binary_Upper,0.52,1
1656,Adventures of Huckleberry Finn,Mark Twain,1884,Character_1656,"Character_1656 is described as rebellious, oppressed, reflecting Indigenous unknown identity.",Unknown,Indigenous,Upper,"rebellious, oppressed",[768-dim vector],Indigenous_Unknown_Upper,0.73,1
1657,To Kill a Mockingbird,Harper Lee,1960,Character_1657,"Character_1657 is described as tragic, hopeful, reflecting White female identity.",Female,White,Unknown,"tragic, hopeful",[768-dim vector],White_Female_Unknown,0.73,0
1658,Invisible Man,Ralph Ellison,1952,Character_1658,"Character_1658 is described as hopeful, resilient, reflecting Asian male identity.",Male,Asian,Upper,"hopeful, resilient",[768-dim vector],Asian_Male_Upper,0.43,1
1659,The Great Gatsby,F. Scott Fitzgerald,1925,Character_1659,"Character_1659 is described as independent, caring, reflecting Asian unknown identity.",Unknown,Asian,Working,"independent, caring",[768-dim vector],Asian_Unknown_Working,0.59,0
1660,Invisible Man,Ralph Ellison,1952,Character_1660,"Character_1660 is described as rebellious, visionary, reflecting Mixed female identity.",Female,Mixed,Working,"rebellious, visionary",[768-dim vector],Mixed_Female_Working,0.78,1
1661,To Kill a Mockingbird,Harper Lee,1960,Character_1661,"Character_1661 is described as oppressed, brave, reflecting Black female identity.",Female,Black,Working,"oppressed, brave",[768-dim vector],Black_Female_Working,0.63,0
1662,Beloved,Toni Morrison,1987,Character_1662,"Character_1662 is described as independent, loyal, reflecting White female identity.",Female,White,Middle,"independent, loyal",[768-dim vector],White_Female_Middle,0.76,1
1663,Adventures of Huckleberry Finn,Mark Twain,1884,Character_1663,"Character_1663 is described as loyal, defiant, reflecting Asian unknown identity.",Unknown,Asian,Working,"loyal, defiant",[768-dim vector],Asian_Unknown_Working,0.77,1
1664,The Great Gatsby,F. Scott Fitzgerald,1925,Character_1664,"Character_1664 is described as rebellious, oppressed, reflecting Unknown unknown identity.",Unknown,Unknown,Working,"rebellious, oppressed",[768-dim vector],Unknown_Unknown_Working,0.78,1
1665,To Kill a Mockingbird,Harper Lee,1960,Character_1665,"Character_1665 is described as loving, strong, reflecting Unknown unknown identity.",Unknown,Unknown,Middle,"loving, strong",[768-dim vector],Unknown_Unknown_Middle,0.38,1
1666,Song of Solomon,Toni Morrison,1977,Character_1666,"Character_1666 is described as rebellious, brave, reflecting Black unknown identity.",Unknown,Black,Upper,"rebellious, brave",[768-dim vector],Black_Unknown_Upper,0.67,1
1667,Adventures of Huckleberry Finn,Mark Twain,1884,Character_1667,"Character_1667 is described as brave, noble, reflecting Indigenous female identity.",Female,Indigenous,Unknown,"brave, noble",[768-dim vector],Indigenous_Female_Unknown,0.4,0
1668,The Scarlet Letter,Nathaniel Hawthorne,1850,Character_1668,"Character_1668 is described as brave, oppressed, reflecting Asian non-binary identity.",Non-binary,Asian,Unknown,"brave, oppressed",[768-dim vector],Asian_Non-binary_Unknown,0.83,1
1669,To Kill a Mockingbird,Harper Lee,1960,Character_1669,"Character_1669 is described as submissive, oppressed, reflecting Indigenous non-binary identity.",Non-binary,Indigenous,Enslaved/Servant,"submissive, oppressed",[768-dim vector],Indigenous_Non-binary_Enslaved/Servant,0.84,1
1670,The Great Gatsby,F. Scott Fitzgerald,1925,Character_1670,"Character_1670 is described as defiant, noble, reflecting Unknown female identity.",Female,Unknown,Unknown,"defiant, noble",[768-dim vector],Unknown_Female_Unknown,0.66,1
1671,Their Eyes Were Watching God,Zora Neale Hurston,1937,Character_1671,"Character_1671 is described as oppressed, fearless, reflecting Indigenous male identity.",Male,Indigenous,Middle,"oppressed, fearless",[768-dim vector],Indigenous_Male_Middle,0.83,1
1672,To Kill a Mockingbird,Harper Lee,1960,Character_1672,"Character_1672 is described as defiant, fearless, reflecting Unknown male identity.",Male,Unknown,Unknown,"defiant, fearless",[768-dim vector],Unknown_Male_Unknown,0.68,0
1673,White Noise,Don DeLillo,1985,Character_1673,"Character_1673 is described as hopeful, strong, reflecting Black female identity.",Female,Black,Upper,"hopeful, strong",[768-dim vector],Black_Female_Upper,0.58,1
1674,The Scarlet Letter,Nathaniel Hawthorne,1850,Character_1674,"Character_1674 is described as oppressed, brave, reflecting Black non-binary identity.",Non-binary,Black,Middle,"oppressed, brave",[768-dim vector],Black_Non-binary_Middle,0.46,0
1675,White Noise,Don DeLillo,1985,Character_1675,"Character_1675 is described as strong, oppressed, reflecting White female identity.",Female,White,Upper,"strong, oppressed",[768-dim vector],White_Female_Upper,0.49,0
1676,Song of Solomon,Toni Morrison,1977,Character_1676,"Character_1676 is described as noble, loving, reflecting Unknown non-binary identity.",Non-binary,Unknown,Middle,"noble, loving",[768-dim vector],Unknown_Non-binary_Middle,0.43,1
1677,Invisible Man,Ralph Ellison,1952,Character_1677,"Character_1677 is described as oppressed, loyal, reflecting White unknown identity.",Unknown,White,Unknown,"oppressed, loyal",[768-dim vector],White_Unknown_Unknown,0.84,1
1678,Their Eyes Were Watching God,Zora Neale Hurston,1937,Character_1678,"Character_1678 is described as resilient, caring, reflecting Indigenous male identity.",Male,Indigenous,Working,"resilient, caring",[768-dim vector],Indigenous_Male_Working,0.41,0
1679,Invisible Man,Ralph Ellison,1952,Character_1679,"Character_1679 is described as defiant, loyal, reflecting Indigenous female identity.",Female,Indigenous,Upper,"defiant, loyal",[768-dim vector],Indigenous_Female_Upper,0.72,1
1680,The Scarlet Letter,Nathaniel Hawthorne,1850,Character_1680,"Character_1680 is described as fearless, independent, reflecting Unknown male identity.",Male,Unknown,Working,"fearless, independent",[768-dim vector],Unknown_Male_Working,0.79,1
1681,To Kill a Mockingbird,Harper Lee,1960,Character_1681,"Character_1681 is described as oppressed, defiant, reflecting Mixed non-binary identity.",Non-binary,Mixed,Upper,"oppressed, defiant",[768-dim vector],Mixed_Non-binary_Upper,0.78,0
1682,Their Eyes Were Watching God,Zora Neale Hurston,1937,Character_1682,"Character_1682 is described as independent, rebellious, reflecting Indigenous unknown identity.",Unknown,Indigenous,Working,"independent, rebellious",[768-dim vector],Indigenous_Unknown_Working,0.72,0
1683,Moby-Dick,Herman Melville,1851,Character_1683,"Character_1683 is described as hopeful, loving, reflecting Unknown male identity.",Male,Unknown,Unknown,"hopeful, loving",[768-dim vector],Unknown_Male_Unknown,0.86,1
1684,Beloved,Toni Morrison,1987,Character_1684,"Character_1684 is described as tragic, caring, reflecting Unknown non-binary identity.",Non-binary,Unknown,Unknown,"tragic, caring",[768-dim vector],Unknown_Non-binary_Unknown,0.49,0
1685,The Great Gatsby,F. Scott Fitzgerald,1925,Character_1685,"Character_1685 is described as strong, submissive, reflecting Black non-binary identity.",Non-binary,Black,Unknown,"strong, submissive",[768-dim vector],Black_Non-binary_Unknown,0.41,1
1686,Moby-Dick,Herman Melville,1851,Character_1686,"Character_1686 is described as rebellious, loyal, reflecting Unknown female identity.",Female,Unknown,Unknown,"rebellious, loyal",[768-dim vector],Unknown_Female_Unknown,0.43,1
1687,White Noise,Don DeLillo,1985,Character_1687,"Character_1687 is described as rebellious, submissive, reflecting Black female identity.",Female,Black,Enslaved/Servant,"rebellious, submissive",[768-dim vector],Black_Female_Enslaved/Servant,0.46,1
1688,Song of Solomon,Toni Morrison,1977,Character_1688,"Character_1688 is described as fearless, hopeful, reflecting Indigenous non-binary identity.",Non-binary,Indigenous,Enslaved/Servant,"fearless, hopeful",[768-dim vector],Indigenous_Non-binary_Enslaved/Servant,0.79,1
1689,The Scarlet Letter,Nathaniel Hawthorne,1850,Character_1689,"Character_1689 is described as heroic, resilient, reflecting Black female identity.",Female,Black,Enslaved/Servant,"heroic, resilient",[768-dim vector],Black_Female_Enslaved/Servant,0.76,0
1690,Song of Solomon,Toni Morrison,1977,Character_1690,"Character_1690 is described as rebellious, oppressed, reflecting Indigenous non-binary identity.",Non-binary,Indigenous,Enslaved/Servant,"rebellious, oppressed",[768-dim vector],Indigenous_Non-binary_Enslaved/Servant,0.35,1
1691,Moby-Dick,Herman Melville,1851,Character_1691,"Character_1691 is described as tragic, brave, reflecting Asian unknown identity.",Unknown,Asian,Unknown,"tragic, brave",[768-dim vector],Asian_Unknown_Unknown,0.52,1
1692,Adventures of Huckleberry Finn,Mark Twain,1884,Character_1692,"Character_1692 is described as independent, loyal, reflecting Unknown non-binary identity.",Non-binary,Unknown,Middle,"independent, loyal",[768-dim vector],Unknown_Non-binary_Middle,0.32,0
1693,White Noise,Don DeLillo,1985,Character_1693,"Character_1693 is described as strong, devoted, reflecting Unknown male identity.",Male,Unknown,Middle,"strong, devoted",[768-dim vector],Unknown_Male_Middle,0.32,1
1694,Song of Solomon,Toni Morrison,1977,Character_1694,"Character_1694 is described as tragic, strong, reflecting Black male identity.",Male,Black,Enslaved/Servant,"tragic, strong",[768-dim vector],Black_Male_Enslaved/Servant,0.45,1
1695,Song of Solomon,Toni Morrison,1977,Character_1695,"Character_1695 is described as resilient, fearless, reflecting Asian unknown identity.",Unknown,Asian,Unknown,"resilient, fearless",[768-dim vector],Asian_Unknown_Unknown,0.32,1
1696,Adventures of Huckleberry Finn,Mark Twain,1884,Character_1696,"Character_1696 is described as fearless, brave, reflecting Black male identity.",Male,Black,Unknown,"fearless, brave",[768-dim vector],Black_Male_Unknown,0.49,1
1697,Song of Solomon,Toni Morrison,1977,Character_1697,"Character_1697 is described as resilient, independent, reflecting Mixed unknown identity.",Unknown,Mixed,Unknown,"resilient, independent",[768-dim vector],Mixed_Unknown_Unknown,0.83,1
1698,The Great Gatsby,F. Scott Fitzgerald,1925,Character_1698,"Character_1698 is described as heroic, rebellious, reflecting Unknown non-binary identity.",Non-binary,Unknown,Working,"heroic, rebellious",[768-dim vector],Unknown_Non-binary_Working,0.84,1
1699,Adventures of Huckleberry Finn,Mark Twain,1884,Character_1699,"Character_1699 is described as noble, independent, reflecting White female identity.",Female,White,Unknown,"noble, independent",[768-dim vector],White_Female_Unknown,0.8,1
1700,The Scarlet Letter,Nathaniel Hawthorne,1850,Character_1700,"Character_1700 is described as resilient, loyal, reflecting Indigenous female identity.",Female,Indigenous,Middle,"resilient, loyal",[768-dim vector],Indigenous_Female_Middle,0.45,1
1701,The Great Gatsby,F. Scott Fitzgerald,1925,Character_1701,"Character_1701 is described as brave, caring, reflecting Mixed female identity.",Female,Mixed,Upper,"brave, caring",[768-dim vector],Mixed_Female_Upper,0.34,0
1702,White Noise,Don DeLillo,1985,Character_1702,"Character_1702 is described as heroic, resilient, reflecting Indigenous non-binary identity.",Non-binary,Indigenous,Upper,"heroic, resilient",[768-dim vector],Indigenous_Non-binary_Upper,0.9,1
1703,Adventures of Huckleberry Finn,Mark Twain,1884,Character_1703,"Character_1703 is described as loving, loyal, reflecting Mixed unknown identity.",Unknown,Mixed,Working,"loving, loyal",[768-dim vector],Mixed_Unknown_Working,0.75,1
1704,The Scarlet Letter,Nathaniel Hawthorne,1850,Character_1704,"Character_1704 is described as defiant, resilient, reflecting Black non-binary identity.",Non-binary,Black,Working,"defiant, resilient",[768-dim vector],Black_Non-binary_Working,0.81,1
1705,The Scarlet Letter,Nathaniel Hawthorne,1850,Character_1705,"Character_1705 is described as resilient, fearless, reflecting Unknown male identity.",Male,Unknown,Enslaved/Servant,"resilient, fearless",[768-dim vector],Unknown_Male_Enslaved/Servant,0.44,0
1706,To Kill a Mockingbird,Harper Lee,1960,Character_1706,"Character_1706 is described as fearless, strong, reflecting Indigenous female identity.",Female,Indigenous,Working,"fearless, strong",[768-dim vector],Indigenous_Female_Working,0.55,0
1707,Adventures of Huckleberry Finn,Mark Twain,1884,Character_1707,"Character_1707 is described as caring, hopeful, reflecting Black unknown identity.",Unknown,Black,Enslaved/Servant,"caring, hopeful",[768-dim vector],Black_Unknown_Enslaved/Servant,0.31,1
1708,To Kill a Mockingbird,Harper Lee,1960,Character_1708,"Character_1708 is described as visionary, defiant, reflecting Asian male identity.",Male,Asian,Middle,"visionary, defiant",[768-dim vector],Asian_Male_Middle,0.77,1
1709,Adventures of Huckleberry Finn,Mark Twain,1884,Character_1709,"Character_1709 is described as defiant, independent, reflecting Mixed female identity.",Female,Mixed,Enslaved/Servant,"defiant, independent",[768-dim vector],Mixed_Female_Enslaved/Servant,0.49,1
1710,The Scarlet Letter,Nathaniel Hawthorne,1850,Character_1710,"Character_1710 is described as strong, fearless, reflecting Black non-binary identity.",Non-binary,Black,Middle,"strong, fearless",[768-dim vector],Black_Non-binary_Middle,0.44,0
1711,Moby-Dick,Herman Melville,1851,Character_1711,"Character_1711 is described as noble, visionary, reflecting White female identity.",Female,White,Enslaved/Servant,"noble, visionary",[768-dim vector],White_Female_Enslaved/Servant,0.76,1
1712,Invisible Man,Ralph Ellison,1952,Character_1712,"Character_1712 is described as hopeful, brave, reflecting Unknown male identity.",Male,Unknown,Unknown,"hopeful, brave",[768-dim vector],Unknown_Male_Unknown,0.76,0
1713,White Noise,Don DeLillo,1985,Character_1713,"Character_1713 is described as brave, rebellious, reflecting Asian male identity.",Male,Asian,Enslaved/Servant,"brave, rebellious",[768-dim vector],Asian_Male_Enslaved/Servant,0.8,1
1714,The Scarlet Letter,Nathaniel Hawthorne,1850,Character_1714,"Character_1714 is described as submissive, resilient, reflecting Black male identity.",Male,Black,Middle,"submissive, resilient",[768-dim vector],Black_Male_Middle,0.64,1
1715,Adventures of Huckleberry Finn,Mark Twain,1884,Character_1715,"Character_1715 is described as heroic, loving, reflecting White male identity.",Male,White,Upper,"heroic, loving",[768-dim vector],White_Male_Upper,0.82,1
1716,Moby-Dick,Herman Melville,1851,Character_1716,"Character_1716 is described as visionary, defiant, reflecting Black female identity.",Female,Black,Enslaved/Servant,"visionary, defiant",[768-dim vector],Black_Female_Enslaved/Servant,0.65,1
1717,Their Eyes Were Watching God,Zora Neale Hurston,1937,Character_1717,"Character_1717 is described as noble, loyal, reflecting Asian non-binary identity.",Non-binary,Asian,Middle,"noble, loyal",[768-dim vector],Asian_Non-binary_Middle,0.75,1
1718,Song of Solomon,Toni Morrison,1977,Character_1718,"Character_1718 is described as rebellious, brave, reflecting Unknown non-binary identity.",Non-binary,Unknown,Unknown,"rebellious, brave",[768-dim vector],Unknown_Non-binary_Unknown,0.72,1
1719,The Scarlet Letter,Nathaniel Hawthorne,1850,Character_1719,"Character_1719 is described as rebellious, tragic, reflecting Mixed male identity.",Male,Mixed,Working,"rebellious, tragic",[768-dim vector],Mixed_Male_Working,0.44,1
1720,Invisible Man,Ralph Ellison,1952,Character_1720,"Character_1720 is described as brave, noble, reflecting White female identity.",Female,White,Middle,"brave, noble",[768-dim vector],White_Female_Middle,0.86,1
1721,Invisible Man,Ralph Ellison,1952,Character_1721,"Character_1721 is described as independent, noble, reflecting Black unknown identity.",Unknown,Black,Working,"independent, noble",[768-dim vector],Black_Unknown_Working,0.51,1
1722,Invisible Man,Ralph Ellison,1952,Character_1722,"Character_1722 is described as rebellious, noble, reflecting Asian male identity.",Male,Asian,Middle,"rebellious, noble",[768-dim vector],Asian_Male_Middle,0.43,1
1723,Moby-Dick,Herman Melville,1851,Character_1723,"Character_1723 is described as loving, rebellious, reflecting Indigenous non-binary identity.",Non-binary,Indigenous,Upper,"loving, rebellious",[768-dim vector],Indigenous_Non-binary_Upper,0.89,1
1724,Beloved,Toni Morrison,1987,Character_1724,"Character_1724 is described as hopeful, defiant, reflecting White male identity.",Male,White,Unknown,"hopeful, defiant",[768-dim vector],White_Male_Unknown,0.78,1
1725,Invisible Man,Ralph Ellison,1952,Character_1725,"Character_1725 is described as oppressed, hopeful, reflecting Mixed non-binary identity.",Non-binary,Mixed,Middle,"oppressed, hopeful",[768-dim vector],Mixed_Non-binary_Middle,0.66,0
1726,Their Eyes Were Watching God,Zora Neale Hurston,1937,Character_1726,"Character_1726 is described as resilient, devoted, reflecting Indigenous non-binary identity.",Non-binary,Indigenous,Upper,"resilient, devoted",[768-dim vector],Indigenous_Non-binary_Upper,0.57,1
1727,Beloved,Toni Morrison,1987,Character_1727,"Character_1727 is described as brave, hopeful, reflecting Unknown non-binary identity.",Non-binary,Unknown,Upper,"brave, hopeful",[768-dim vector],Unknown_Non-binary_Upper,0.71,1
1728,Adventures of Huckleberry Finn,Mark Twain,1884,Character_1728,"Character_1728 is described as visionary, devoted, reflecting Black non-binary identity.",Non-binary,Black,Enslaved/Servant,"visionary, devoted",[768-dim vector],Black_Non-binary_Enslaved/Servant,0.87,0
1729,Moby-Dick,Herman Melville,1851,Character_1729,"Character_1729 is described as resilient, hopeful, reflecting Mixed male identity.",Male,Mixed,Enslaved/Servant,"resilient, hopeful",[768-dim vector],Mixed_Male_Enslaved/Servant,0.6,1
1730,Moby-Dick,Herman Melville,1851,Character_1730,"Character_1730 is described as strong, caring, reflecting Black non-binary identity.",Non-binary,Black,Middle,"strong, caring",[768-dim vector],Black_Non-binary_Middle,0.72,1
1731,Beloved,Toni Morrison,1987,Character_1731,"Character_1731 is described as oppressed, loving, reflecting Asian unknown identity.",Unknown,Asian,Enslaved/Servant,"oppressed, loving",[768-dim vector],Asian_Unknown_Enslaved/Servant,0.47,0
1732,Adventures of Huckleberry Finn,Mark Twain,1884,Character_1732,"Character_1732 is described as heroic, devoted, reflecting Asian female identity.",Female,Asian,Enslaved/Servant,"heroic, devoted",[768-dim vector],Asian_Female_Enslaved/Servant,0.68,1
1733,Song of Solomon,Toni Morrison,1977,Character_1733,"Character_1733 is described as noble, strong, reflecting Mixed unknown identity.",Unknown,Mixed,Unknown,"noble, strong",[768-dim vector],Mixed_Unknown_Unknown,0.41,1
1734,Moby-Dick,Herman Melville,1851,Character_1734,"Character_1734 is described as noble, submissive, reflecting Mixed unknown identity.",Unknown,Mixed,Unknown,"noble, submissive",[768-dim vector],Mixed_Unknown_Unknown,0.57,1
1735,The Great Gatsby,F. Scott Fitzgerald,1925,Character_1735,"Character_1735 is described as brave, caring, reflecting White non-binary identity.",Non-binary,White,Middle,"brave, caring",[768-dim vector],White_Non-binary_Middle,0.8,0
1736,Song of Solomon,Toni Morrison,1977,Character_1736,"Character_1736 is described as loyal, caring, reflecting Black unknown identity.",Unknown,Black,Upper,"loyal, caring",[768-dim vector],Black_Unknown_Upper,0.31,1
1737,Beloved,Toni Morrison,1987,Character_1737,"Character_1737 is described as hopeful, oppressed, reflecting Indigenous female identity.",Female,Indigenous,Enslaved/Servant,"hopeful, oppressed",[768-dim vector],Indigenous_Female_Enslaved/Servant,0.67,1
1738,The Great Gatsby,F. Scott Fitzgerald,1925,Character_1738,"Character_1738 is described as hopeful, rebellious, reflecting Black female identity.",Female,Black,Upper,"hopeful, rebellious",[768-dim vector],Black_Female_Upper,0.8,1
1739,Adventures of Huckleberry Finn,Mark Twain,1884,Character_1739,"Character_1739 is described as oppressed, caring, reflecting Unknown unknown identity.",Unknown,Unknown,Upper,"oppressed, caring",[768-dim vector],Unknown_Unknown_Upper,0.88,1
1740,The Scarlet Letter,Nathaniel Hawthorne,1850,Character_1740,"Character_1740 is described as submissive, devoted, reflecting Unknown male identity.",Male,Unknown,Unknown,"submissive, devoted",[768-dim vector],Unknown_Male_Unknown,0.59,1
1741,White Noise,Don DeLillo,1985,Character_1741,"Character_1741 is described as caring, hopeful, reflecting White female identity.",Female,White,Middle,"caring, hopeful",[768-dim vector],White_Female_Middle,0.39,1
1742,Moby-Dick,Herman Melville,1851,Character_1742,"Character_1742 is described as oppressed, hopeful, reflecting White female identity.",Female,White,Upper,"oppressed, hopeful",[768-dim vector],White_Female_Upper,0.47,1
1743,Adventures of Huckleberry Finn,Mark Twain,1884,Character_1743,"Character_1743 is described as tragic, independent, reflecting Unknown unknown identity.",Unknown,Unknown,Middle,"tragic, independent",[768-dim vector],Unknown_Unknown_Middle,0.65,1
1744,To Kill a Mockingbird,Harper Lee,1960,Character_1744,"Character_1744 is described as visionary, brave, reflecting Unknown unknown identity.",Unknown,Unknown,Working,"visionary, brave",[768-dim vector],Unknown_Unknown_Working,0.51,0
1745,Their Eyes Were Watching God,Zora Neale Hurston,1937,Character_1745,"Character_1745 is described as loyal, defiant, reflecting Black male identity.",Male,Black,Upper,"loyal, defiant",[768-dim vector],Black_Male_Upper,0.32,1
1746,Song of Solomon,Toni Morrison,1977,Character_1746,"Character_1746 is described as oppressed, visionary, reflecting White female identity.",Female,White,Enslaved/Servant,"oppressed, visionary",[768-dim vector],White_Female_Enslaved/Servant,0.35,1
1747,Song of Solomon,Toni Morrison,1977,Character_1747,"Character_1747 is described as independent, noble, reflecting Mixed non-binary identity.",Non-binary,Mixed,Unknown,"independent, noble",[768-dim vector],Mixed_Non-binary_Unknown,0.83,1
1748,Invisible Man,Ralph Ellison,1952,Character_1748,"Character_1748 is described as tragic, strong, reflecting Indigenous female identity.",Female,Indigenous,Upper,"tragic, strong",[768-dim vector],Indigenous_Female_Upper,0.7,0
1749,Adventures of Huckleberry Finn,Mark Twain,1884,Character_1749,"Character_1749 is described as loyal, noble, reflecting Asian female identity.",Female,Asian,Unknown,"loyal, noble",[768-dim vector],Asian_Female_Unknown,0.82,1
1750,Invisible Man,Ralph Ellison,1952,Character_1750,"Character_1750 is described as submissive, visionary, reflecting Unknown female identity.",Female,Unknown,Unknown,"submissive, visionary",[768-dim vector],Unknown_Female_Unknown,0.42,1
1751,To Kill a Mockingbird,Harper Lee,1960,Character_1751,"Character_1751 is described as strong, defiant, reflecting Unknown non-binary identity.",Non-binary,Unknown,Enslaved/Servant,"strong, defiant",[768-dim vector],Unknown_Non-binary_Enslaved/Servant,0.47,1
1752,The Scarlet Letter,Nathaniel Hawthorne,1850,Character_1752,"Character_1752 is described as fearless, resilient, reflecting Unknown non-binary identity.",Non-binary,Unknown,Enslaved/Servant,"fearless, resilient",[768-dim vector],Unknown_Non-binary_Enslaved/Servant,0.9,0
1753,Moby-Dick,Herman Melville,1851,Character_1753,"Character_1753 is described as loving, brave, reflecting White male identity.",Male,White,Working,"loving, brave",[768-dim vector],White_Male_Working,0.84,1
1754,The Great Gatsby,F. Scott Fitzgerald,1925,Character_1754,"Character_1754 is described as rebellious, submissive, reflecting Black non-binary identity.",Non-binary,Black,Unknown,"rebellious, submissive",[768-dim vector],Black_Non-binary_Unknown,0.88,1
1755,The Great Gatsby,F. Scott Fitzgerald,1925,Character_1755,"Character_1755 is described as heroic, fearless, reflecting Indigenous male identity.",Male,Indigenous,Middle,"heroic, fearless",[768-dim vector],Indigenous_Male_Middle,0.81,0
1756,The Scarlet Letter,Nathaniel Hawthorne,1850,Character_1756,"Character_1756 is described as loyal, devoted, reflecting Indigenous female identity.",Female,Indigenous,Upper,"loyal, devoted",[768-dim vector],Indigenous_Female_Upper,0.5,0
1757,The Scarlet Letter,Nathaniel Hawthorne,1850,Character_1757,"Character_1757 is described as independent, brave, reflecting Indigenous male identity.",Male,Indigenous,Upper,"independent, brave",[768-dim vector],Indigenous_Male_Upper,0.89,1
1758,Beloved,Toni Morrison,1987,Character_1758,"Character_1758 is described as fearless, loving, reflecting Asian non-binary identity.",Non-binary,Asian,Unknown,"fearless, loving",[768-dim vector],Asian_Non-binary_Unknown,0.81,1
1759,Invisible Man,Ralph Ellison,1952,Character_1759,"Character_1759 is described as loving, oppressed, reflecting Black non-binary identity.",Non-binary,Black,Upper,"loving, oppressed",[768-dim vector],Black_Non-binary_Upper,0.35,1
1760,Song of Solomon,Toni Morrison,1977,Character_1760,"Character_1760 is described as brave, strong, reflecting Mixed male identity.",Male,Mixed,Middle,"brave, strong",[768-dim vector],Mixed_Male_Middle,0.34,0
1761,To Kill a Mockingbird,Harper Lee,1960,Character_1761,"Character_1761 is described as hopeful, visionary, reflecting Indigenous male identity.",Male,Indigenous,Middle,"hopeful, visionary",[768-dim vector],Indigenous_Male_Middle,0.44,1
1762,Moby-Dick,Herman Melville,1851,Character_1762,"Character_1762 is described as fearless, hopeful, reflecting Unknown male identity.",Male,Unknown,Middle,"fearless, hopeful",[768-dim vector],Unknown_Male_Middle,0.46,0
1763,Adventures of Huckleberry Finn,Mark Twain,1884,Character_1763,"Character_1763 is described as loving, independent, reflecting Asian non-binary identity.",Non-binary,Asian,Middle,"loving, independent",[768-dim vector],Asian_Non-binary_Middle,0.4,0
1764,Beloved,Toni Morrison,1987,Character_1764,"Character_1764 is described as noble, fearless, reflecting White unknown identity.",Unknown,White,Enslaved/Servant,"noble, fearless",[768-dim vector],White_Unknown_Enslaved/Servant,0.88,1
1765,White Noise,Don DeLillo,1985,Character_1765,"Character_1765 is described as devoted, rebellious, reflecting Black male identity.",Male,Black,Unknown,"devoted, rebellious",[768-dim vector],Black_Male_Unknown,0.88,1
1766,The Scarlet Letter,Nathaniel Hawthorne,1850,Character_1766,"Character_1766 is described as submissive, devoted, reflecting Indigenous female identity.",Female,Indigenous,Unknown,"submissive, devoted",[768-dim vector],Indigenous_Female_Unknown,0.47,1
1767,Moby-Dick,Herman Melville,1851,Character_1767,"Character_1767 is described as independent, defiant, reflecting Indigenous unknown identity.",Unknown,Indigenous,Middle,"independent, defiant",[768-dim vector],Indigenous_Unknown_Middle,0.5,0
1768,Moby-Dick,Herman Melville,1851,Character_1768,"Character_1768 is described as caring, submissive, reflecting Mixed non-binary identity.",Non-binary,Mixed,Working,"caring, submissive",[768-dim vector],Mixed_Non-binary_Working,0.44,0
1769,Moby-Dick,Herman Melville,1851,Character_1769,"Character_1769 is described as resilient, devoted, reflecting Unknown female identity.",Female,Unknown,Enslaved/Servant,"resilient, devoted",[768-dim vector],Unknown_Female_Enslaved/Servant,0.45,1
1770,Their Eyes Were Watching God,Zora Neale Hurston,1937,Character_1770,"Character_1770 is described as rebellious, devoted, reflecting Unknown unknown identity.",Unknown,Unknown,Middle,"rebellious, devoted",[768-dim vector],Unknown_Unknown_Middle,0.7,0
1771,The Scarlet Letter,Nathaniel Hawthorne,1850,Character_1771,"Character_1771 is described as oppressed, hopeful, reflecting Indigenous non-binary identity.",Non-binary,Indigenous,Enslaved/Servant,"oppressed, hopeful",[768-dim vector],Indigenous_Non-binary_Enslaved/Servant,0.43,1
1772,To Kill a Mockingbird,Harper Lee,1960,Character_1772,"Character_1772 is described as loving, caring, reflecting Mixed non-binary identity.",Non-binary,Mixed,Unknown,"loving, caring",[768-dim vector],Mixed_Non-binary_Unknown,0.39,1
1773,Moby-Dick,Herman Melville,1851,Character_1773,"Character_1773 is described as resilient, loyal, reflecting Mixed unknown identity.",Unknown,Mixed,Enslaved/Servant,"resilient, loyal",[768-dim vector],Mixed_Unknown_Enslaved/Servant,0.82,0
1774,White Noise,Don DeLillo,1985,Character_1774,"Character_1774 is described as heroic, brave, reflecting Unknown male identity.",Male,Unknown,Middle,"heroic, brave",[768-dim vector],Unknown_Male_Middle,0.35,1
1775,Adventures of Huckleberry Finn,Mark Twain,1884,Character_1775,"Character_1775 is described as defiant, strong, reflecting Indigenous male identity.",Male,Indigenous,Enslaved/Servant,"defiant, strong",[768-dim vector],Indigenous_Male_Enslaved/Servant,0.48,1
1776,Moby-Dick,Herman Melville,1851,Character_1776,"Character_1776 is described as submissive, caring, reflecting Asian female identity.",Female,Asian,Enslaved/Servant,"submissive, caring",[768-dim vector],Asian_Female_Enslaved/Servant,0.78,0
1777,To Kill a Mockingbird,Harper Lee,1960,Character_1777,"Character_1777 is described as visionary, rebellious, reflecting Unknown unknown identity.",Unknown,Unknown,Unknown,"visionary, rebellious",[768-dim vector],Unknown_Unknown_Unknown,0.65,1
1778,Moby-Dick,Herman Melville,1851,Character_1778,"Character_1778 is described as strong, oppressed, reflecting Unknown female identity.",Female,Unknown,Upper,"strong, oppressed",[768-dim vector],Unknown_Female_Upper,0.39,1
1779,The Great Gatsby,F. Scott Fitzgerald,1925,Character_1779,"Character_1779 is described as loving, heroic, reflecting Indigenous unknown identity.",Unknown,Indigenous,Upper,"loving, heroic",[768-dim vector],Indigenous_Unknown_Upper,0.46,1
1780,White Noise,Don DeLillo,1985,Character_1780,"Character_1780 is described as rebellious, resilient, reflecting Black unknown identity.",Unknown,Black,Enslaved/Servant,"rebellious, resilient",[768-dim vector],Black_Unknown_Enslaved/Servant,0.35,1
1781,To Kill a Mockingbird,Harper Lee,1960,Character_1781,"Character_1781 is described as devoted, hopeful, reflecting Mixed male identity.",Male,Mixed,Middle,"devoted, hopeful",[768-dim vector],Mixed_Male_Middle,0.48,1
1782,The Great Gatsby,F. Scott Fitzgerald,1925,Character_1782,"Character_1782 is described as strong, loyal, reflecting Mixed non-binary identity.",Non-binary,Mixed,Upper,"strong, loyal",[768-dim vector],Mixed_Non-binary_Upper,0.33,1
1783,Beloved,Toni Morrison,1987,Character_1783,"Character_1783 is described as loyal, fearless, reflecting Asian unknown identity.",Unknown,Asian,Middle,"loyal, fearless",[768-dim vector],Asian_Unknown_Middle,0.58,1
1784,The Scarlet Letter,Nathaniel Hawthorne,1850,Character_1784,"Character_1784 is described as defiant, submissive, reflecting Indigenous unknown identity.",Unknown,Indigenous,Working,"defiant, submissive",[768-dim vector],Indigenous_Unknown_Working,0.64,1
1785,Adventures of Huckleberry Finn,Mark Twain,1884,Character_1785,"Character_1785 is described as submissive, independent, reflecting Indigenous male identity.",Male,Indigenous,Enslaved/Servant,"submissive, independent",[768-dim vector],Indigenous_Male_Enslaved/Servant,0.77,1
1786,To Kill a Mockingbird,Harper Lee,1960,Character_1786,"Character_1786 is described as resilient, defiant, reflecting Mixed unknown identity.",Unknown,Mixed,Middle,"resilient, defiant",[768-dim vector],Mixed_Unknown_Middle,0.49,1
1787,The Scarlet Letter,Nathaniel Hawthorne,1850,Character_1787,"Character_1787 is described as independent, defiant, reflecting Asian male identity.",Male,Asian,Working,"independent, defiant",[768-dim vector],Asian_Male_Working,0.8,1
1788,The Great Gatsby,F. Scott Fitzgerald,1925,Character_1788,"Character_1788 is described as devoted, defiant, reflecting Asian non-binary identity.",Non-binary,Asian,Enslaved/Servant,"devoted, defiant",[768-dim vector],Asian_Non-binary_Enslaved/Servant,0.83,1
1789,Invisible Man,Ralph Ellison,1952,Character_1789,"Character_1789 is described as strong, brave, reflecting Unknown non-binary identity.",Non-binary,Unknown,Unknown,"strong, brave",[768-dim vector],Unknown_Non-binary_Unknown,0.42,1
1790,Song of Solomon,Toni Morrison,1977,Character_1790,"Character_1790 is described as hopeful, loving, reflecting White female identity.",Female,White,Unknown,"hopeful, loving",[768-dim vector],White_Female_Unknown,0.74,1
1791,Beloved,Toni Morrison,1987,Character_1791,"Character_1791 is described as hopeful, devoted, reflecting Black male identity.",Male,Black,Enslaved/Servant,"hopeful, devoted",[768-dim vector],Black_Male_Enslaved/Servant,0.59,1
1792,Beloved,Toni Morrison,1987,Character_1792,"Character_1792 is described as resilient, tragic, reflecting Unknown male identity.",Male,Unknown,Enslaved/Servant,"resilient, tragic",[768-dim vector],Unknown_Male_Enslaved/Servant,0.52,1
1793,The Scarlet Letter,Nathaniel Hawthorne,1850,Character_1793,"Character_1793 is described as rebellious, loyal, reflecting Black unknown identity.",Unknown,Black,Enslaved/Servant,"rebellious, loyal",[768-dim vector],Black_Unknown_Enslaved/Servant,0.54,1
1794,The Great Gatsby,F. Scott Fitzgerald,1925,Character_1794,"Character_1794 is described as defiant, strong, reflecting Asian female identity.",Female,Asian,Unknown,"defiant, strong",[768-dim vector],Asian_Female_Unknown,0.57,1
1795,The Great Gatsby,F. Scott Fitzgerald,1925,Character_1795,"Character_1795 is described as brave, caring, reflecting Black non-binary identity.",Non-binary,Black,Middle,"brave, caring",[768-dim vector],Black_Non-binary_Middle,0.38,0
1796,Beloved,Toni Morrison,1987,Character_1796,"Character_1796 is described as tragic, rebellious, reflecting Indigenous male identity.",Male,Indigenous,Working,"tragic, rebellious",[768-dim vector],Indigenous_Male_Working,0.87,0
1797,To Kill a Mockingbird,Harper Lee,1960,Character_1797,"Character_1797 is described as caring, heroic, reflecting Asian unknown identity.",Unknown,Asian,Enslaved/Servant,"caring, heroic",[768-dim vector],Asian_Unknown_Enslaved/Servant,0.64,1
1798,Song of Solomon,Toni Morrison,1977,Character_1798,"Character_1798 is described as rebellious, defiant, reflecting Mixed unknown identity.",Unknown,Mixed,Working,"rebellious, defiant",[768-dim vector],Mixed_Unknown_Working,0.59,1
1799,To Kill a Mockingbird,Harper Lee,1960,Character_1799,"Character_1799 is described as heroic, defiant, reflecting Indigenous unknown identity.",Unknown,Indigenous,Middle,"heroic, defiant",[768-dim vector],Indigenous_Unknown_Middle,0.44,1
1800,Song of Solomon,Toni Morrison,1977,Character_1800,"Character_1800 is described as oppressed, independent, reflecting Asian unknown identity.",Unknown,Asian,Working,"oppressed, independent",[768-dim vector],Asian_Unknown_Working,0.52,1
